/*******************************************************************************
 * Size: 30 px
 * Bpp: 1
 * Opts: --bpp 1 --size 30 --no-compress --stride 1 --align 1 --font MiSans-Normal.otf --range 32-255,592-687,688-767 --format lvgl -o lv_font_misans_normal_phonetic_30.c
 ******************************************************************************/

#ifdef __has_include
    #if __has_include("lvgl.h")
        #ifndef LV_LVGL_H_INCLUDE_SIMPLE
            #define LV_LVGL_H_INCLUDE_SIMPLE
        #endif
    #endif
#endif

#ifdef LV_LVGL_H_INCLUDE_SIMPLE
    #include "lvgl.h"
#else
    #include "lvgl/lvgl.h"
#endif



#ifndef LV_FONT_MISANS_NORMAL_PHONETIC_30
#define LV_FONT_MISANS_NORMAL_PHONETIC_30 1
#endif

#if LV_FONT_MISANS_NORMAL_PHONETIC_30

/*-----------------
 *    BITMAPS
 *----------------*/

/*Store the image of the glyphs*/
static LV_ATTRIBUTE_LARGE_CONST const uint8_t glyph_bitmap[] = {
    /* U+0020 " " */
    0x0,

    /* U+0021 "!" */
    0xdb, 0x6d, 0xb6, 0xdb, 0x6d, 0xb0, 0x0, 0x7f,
    0xc0,

    /* U+0022 "\"" */
    0xcf, 0x3c, 0xf3, 0xcf, 0x3c, 0xc0,

    /* U+0023 "#" */
    0x1, 0x83, 0x0, 0xe1, 0xc0, 0x30, 0x60, 0xc,
    0x18, 0x3, 0x6, 0x0, 0xc1, 0x87, 0xff, 0xfd,
    0xff, 0xff, 0x6, 0xc, 0x1, 0x83, 0x0, 0x60,
    0xc0, 0x30, 0x60, 0xc, 0x18, 0x3, 0x6, 0xf,
    0xff, 0xfb, 0xff, 0xfe, 0x18, 0x30, 0x6, 0xc,
    0x1, 0x83, 0x0, 0x60, 0xc0, 0x38, 0x30, 0xc,
    0x18, 0x0,

    /* U+0024 "$" */
    0x3, 0x0, 0xc, 0x0, 0x30, 0x7, 0xf8, 0x3f,
    0xf1, 0xcc, 0xee, 0x31, 0xf0, 0xc0, 0xc3, 0x3,
    0xc, 0xe, 0x30, 0x1c, 0xc0, 0x3f, 0x0, 0x7f,
    0x0, 0x3f, 0x0, 0xde, 0x3, 0x18, 0xc, 0x30,
    0x30, 0xc0, 0xc3, 0xc3, 0xf, 0x8c, 0x77, 0x37,
    0x8f, 0xfc, 0xf, 0xc0, 0xc, 0x0, 0x30, 0x0,

    /* U+0025 "%" */
    0x1e, 0x0, 0x30, 0xff, 0x0, 0xc1, 0x86, 0x3,
    0x86, 0x6, 0x6, 0xc, 0xc, 0x18, 0x18, 0x18,
    0x70, 0x30, 0x31, 0xc0, 0x30, 0xc3, 0x0, 0x7f,
    0x8e, 0x0, 0x3c, 0x38, 0x0, 0x0, 0x60, 0x0,
    0x1, 0x80, 0x0, 0x7, 0xf, 0x0, 0x1c, 0x7f,
    0x80, 0x30, 0xc3, 0x0, 0xe3, 0x3, 0x3, 0x86,
    0x6, 0x6, 0xc, 0xc, 0x18, 0x18, 0x18, 0x70,
    0x18, 0x61, 0xc0, 0x3f, 0xc3, 0x0, 0x1e, 0x0,

    /* U+0026 "&" */
    0x3, 0xe0, 0x0, 0xff, 0x0, 0x38, 0x60, 0xe,
    0x6, 0x1, 0x80, 0xc0, 0x30, 0x18, 0x6, 0x3,
    0x0, 0xe0, 0xc0, 0xe, 0x70, 0x0, 0xfc, 0x0,
    0x3e, 0x0, 0x1f, 0xe0, 0x7, 0x1e, 0xc, 0xc1,
    0xe3, 0xb0, 0x1c, 0x66, 0x1, 0xdc, 0xc0, 0x1f,
    0x18, 0x1, 0xe3, 0x80, 0x7c, 0x38, 0x3d, 0xc3,
    0xff, 0x1c, 0x1f, 0x81, 0xc0,

    /* U+0027 "'" */
    0xff, 0xfc,

    /* U+0028 "(" */
    0x1c, 0x63, 0x8c, 0x31, 0x86, 0x18, 0x63, 0xc,
    0x30, 0xc3, 0xc, 0x30, 0xc3, 0xc, 0x18, 0x61,
    0x87, 0xc, 0x30, 0x61, 0x80,

    /* U+0029 ")" */
    0xe1, 0x87, 0xc, 0x30, 0x61, 0x86, 0x18, 0x30,
    0xc3, 0xc, 0x30, 0xc3, 0xc, 0x31, 0xc6, 0x18,
    0x63, 0x8c, 0x31, 0x86, 0x0,

    /* U+002A "*" */
    0xc, 0x13, 0x6, 0xd9, 0xfe, 0x1e, 0x1f, 0xe6,
    0xd9, 0x30, 0xc, 0x0,

    /* U+002B "+" */
    0x3, 0x0, 0xc, 0x0, 0x30, 0x0, 0xc0, 0x3,
    0x3, 0xff, 0xff, 0xff, 0xc0, 0xc0, 0x3, 0x0,
    0xc, 0x0, 0x30, 0x0, 0xc0, 0x3, 0x0,

    /* U+002C "," */
    0xff, 0x96, 0xa0,

    /* U+002D "-" */
    0xff, 0xff, 0xfc,

    /* U+002E "." */
    0xff, 0x80,

    /* U+002F "/" */
    0x1, 0x80, 0x60, 0x38, 0xc, 0x3, 0x1, 0xc0,
    0x60, 0x18, 0xe, 0x3, 0x80, 0xc0, 0x30, 0x1c,
    0x6, 0x1, 0x80, 0xe0, 0x30, 0xc, 0x7, 0x1,
    0x80, 0x60, 0x38, 0x0,

    /* U+0030 "0" */
    0x7, 0xc0, 0x3f, 0xe0, 0xe0, 0xe3, 0x80, 0xc6,
    0x0, 0xcc, 0x1, 0xb8, 0x3, 0xe0, 0x3, 0xc0,
    0x7, 0x80, 0xf, 0x0, 0x1e, 0x0, 0x3c, 0x0,
    0x78, 0x0, 0xf0, 0x1, 0xf0, 0x7, 0x60, 0xc,
    0xc0, 0x19, 0xc0, 0x61, 0xc1, 0xc1, 0xff, 0x0,
    0xf8, 0x0,

    /* U+0031 "1" */
    0x6, 0x3d, 0xff, 0xbc, 0x60, 0xc1, 0x83, 0x6,
    0xc, 0x18, 0x30, 0x60, 0xc1, 0x83, 0x6, 0xc,
    0x18, 0x30, 0x60, 0xc0,

    /* U+0032 "2" */
    0xf, 0x80, 0xff, 0x87, 0x87, 0x38, 0xe, 0xc0,
    0x18, 0x0, 0x60, 0x1, 0x80, 0x6, 0x0, 0x38,
    0x0, 0xc0, 0x6, 0x0, 0x38, 0x1, 0xc0, 0xe,
    0x0, 0x70, 0x3, 0x80, 0x1c, 0x0, 0xe0, 0x3,
    0x80, 0x1c, 0x0, 0xff, 0xff, 0xff, 0xf0,

    /* U+0033 "3" */
    0x7f, 0xfc, 0xff, 0xf8, 0x0, 0xe0, 0x1, 0x80,
    0x6, 0x0, 0x1c, 0x0, 0x70, 0x1, 0xc0, 0x7,
    0x0, 0x1f, 0xe0, 0x3f, 0xe0, 0x0, 0xe0, 0x0,
    0xc0, 0x0, 0xc0, 0x1, 0x80, 0x3, 0x0, 0x6,
    0xc0, 0x1d, 0xc0, 0x33, 0xc1, 0xe1, 0xff, 0x80,
    0xfc, 0x0,

    /* U+0034 "4" */
    0x0, 0x38, 0x0, 0x78, 0x0, 0xf8, 0x0, 0xd8,
    0x1, 0xd8, 0x3, 0x98, 0x3, 0x18, 0x7, 0x18,
    0xe, 0x18, 0xc, 0x18, 0x1c, 0x18, 0x38, 0x18,
    0x38, 0x18, 0x70, 0x18, 0x60, 0x18, 0xff, 0xff,
    0xff, 0xff, 0x0, 0x18, 0x0, 0x18, 0x0, 0x18,
    0x0, 0x18, 0x0, 0x18,

    /* U+0035 "5" */
    0x3f, 0xf8, 0xff, 0xe7, 0x0, 0x1c, 0x0, 0x70,
    0x1, 0xc0, 0x7, 0x0, 0x1c, 0x0, 0x77, 0xc1,
    0xff, 0xc7, 0x87, 0x98, 0x6, 0x0, 0x1c, 0x0,
    0x30, 0x0, 0xc0, 0x3, 0x0, 0xf, 0x0, 0x7e,
    0x1, 0x9e, 0x1e, 0x3f, 0xf0, 0x3f, 0x0,

    /* U+0036 "6" */
    0x1, 0xc0, 0x3, 0x0, 0xe, 0x0, 0x38, 0x0,
    0x60, 0x1, 0xc0, 0x7, 0x0, 0xc, 0x0, 0x3f,
    0xe0, 0x7f, 0xf1, 0xe0, 0xf3, 0x0, 0x6e, 0x0,
    0xf8, 0x0, 0xf0, 0x1, 0xe0, 0x3, 0xc0, 0x7,
    0xc0, 0x1d, 0x80, 0x31, 0xc1, 0xc1, 0xff, 0x1,
    0xfc, 0x0,

    /* U+0037 "7" */
    0xff, 0xff, 0xff, 0xc0, 0xe, 0x0, 0x60, 0x7,
    0x0, 0x30, 0x3, 0x80, 0x1c, 0x0, 0xc0, 0xe,
    0x0, 0x60, 0x7, 0x0, 0x30, 0x1, 0x80, 0x1c,
    0x0, 0xc0, 0xe, 0x0, 0x60, 0x7, 0x0, 0x30,
    0x1, 0x80, 0x1c, 0x0,

    /* U+0038 "8" */
    0x7, 0xc0, 0x3f, 0xe0, 0xe0, 0xe3, 0x80, 0xe6,
    0x0, 0xcc, 0x1, 0x98, 0x3, 0x38, 0xe, 0x38,
    0x38, 0x3f, 0xe0, 0x7f, 0xc1, 0xc1, 0xc6, 0x0,
    0xdc, 0x1, 0xf0, 0x1, 0xe0, 0x3, 0xc0, 0x7,
    0x80, 0x1d, 0x80, 0x33, 0xc1, 0xe3, 0xff, 0x81,
    0xfc, 0x0,

    /* U+0039 "9" */
    0xf, 0xe0, 0x3f, 0xe0, 0xe0, 0xe3, 0x0, 0x6e,
    0x0, 0xf8, 0x0, 0xf0, 0x1, 0xe0, 0x3, 0xc0,
    0x7, 0xc0, 0x1d, 0x80, 0x33, 0xc1, 0xe3, 0xff,
    0x81, 0xff, 0x0, 0xc, 0x0, 0x38, 0x0, 0xe0,
    0x1, 0x80, 0x7, 0x0, 0x1c, 0x0, 0x30, 0x0,
    0xe0, 0x0,

    /* U+003A ":" */
    0xff, 0x80, 0x0, 0x0, 0x1, 0xff,

    /* U+003B ";" */
    0xff, 0x80, 0x0, 0x0, 0x1, 0xff, 0x2d, 0x40,

    /* U+003C "<" */
    0x0, 0x4, 0x0, 0x70, 0x7, 0x80, 0x78, 0x7,
    0xc0, 0x7c, 0x7, 0xc0, 0x3c, 0x0, 0xe0, 0x1,
    0xe0, 0x1, 0xe0, 0x1, 0xe0, 0x1, 0xe0, 0x3,
    0xe0, 0x3, 0xc0, 0x3,

    /* U+003D "=" */
    0xff, 0xff, 0xff, 0xf0, 0x0, 0x0, 0x0, 0x0,
    0x0, 0x0, 0x0, 0x0, 0x3f, 0xff, 0xff, 0xfc,

    /* U+003E ">" */
    0x80, 0x3, 0x80, 0xf, 0x80, 0xf, 0x80, 0xf,
    0x80, 0xf, 0x0, 0xf, 0x0, 0xf, 0x0, 0x3c,
    0x3, 0xe0, 0x3e, 0x3, 0xe0, 0x3e, 0x3, 0xe0,
    0xe, 0x0, 0x20, 0x0,

    /* U+003F "?" */
    0xf, 0x83, 0xfe, 0x70, 0x6e, 0x3, 0x40, 0x30,
    0x3, 0x0, 0x30, 0x6, 0x0, 0xe0, 0x1c, 0x3,
    0x80, 0x70, 0x6, 0x0, 0x60, 0x6, 0x0, 0x0,
    0x0, 0x0, 0x0, 0x0, 0x0, 0x70, 0x7, 0x0,
    0x70,

    /* U+0040 "@" */
    0x0, 0xfe, 0x0, 0x1f, 0xfe, 0x0, 0xf0, 0x1e,
    0x7, 0x0, 0x1c, 0x38, 0x0, 0x31, 0xc0, 0x0,
    0x66, 0x7, 0x99, 0x98, 0x7f, 0xe3, 0xc1, 0x87,
    0x8f, 0xc, 0x6, 0x3c, 0x30, 0x18, 0xf0, 0xc0,
    0x63, 0xc3, 0x1, 0x8f, 0x6, 0x1a, 0x6e, 0x1f,
    0xef, 0x98, 0x1f, 0x1c, 0x70, 0x0, 0x0, 0xe0,
    0x0, 0x1, 0xc0, 0x0, 0x3, 0xc0, 0x70, 0x7,
    0xff, 0x80, 0x3, 0xf8, 0x0,

    /* U+0041 "A" */
    0x0, 0xe0, 0x0, 0x1e, 0x0, 0x3, 0xc0, 0x0,
    0xf8, 0x0, 0x1b, 0x80, 0x3, 0x30, 0x0, 0xe7,
    0x0, 0x18, 0xe0, 0x7, 0xc, 0x0, 0xe1, 0xc0,
    0x18, 0x18, 0x7, 0x3, 0x0, 0xff, 0xf0, 0x1f,
    0xfe, 0x7, 0x0, 0xe0, 0xc0, 0xc, 0x38, 0x1,
    0x87, 0x0, 0x38, 0xc0, 0x3, 0x38, 0x0, 0x66,
    0x0, 0xe, 0xc0, 0x0, 0xc0,

    /* U+0042 "B" */
    0xff, 0xe0, 0xff, 0xf0, 0xc0, 0x38, 0xc0, 0x1c,
    0xc0, 0xc, 0xc0, 0xc, 0xc0, 0xc, 0xc0, 0xc,
    0xc0, 0x18, 0xc0, 0x38, 0xff, 0xe0, 0xff, 0xf8,
    0xc0, 0x1e, 0xc0, 0x6, 0xc0, 0x3, 0xc0, 0x3,
    0xc0, 0x3, 0xc0, 0x3, 0xc0, 0x7, 0xc0, 0x1e,
    0xff, 0xfc, 0xff, 0xf0,

    /* U+0043 "C" */
    0x1, 0xf8, 0x7, 0xff, 0x7, 0x83, 0xc7, 0x0,
    0x73, 0x0, 0x13, 0x0, 0x1, 0x80, 0x1, 0x80,
    0x0, 0xc0, 0x0, 0x60, 0x0, 0x30, 0x0, 0x18,
    0x0, 0xc, 0x0, 0x6, 0x0, 0x3, 0x0, 0x0,
    0xc0, 0x0, 0x60, 0x0, 0x18, 0x0, 0x8e, 0x0,
    0xe3, 0xc1, 0xe0, 0xff, 0xe0, 0xf, 0xc0,

    /* U+0044 "D" */
    0xff, 0xe0, 0x3f, 0xff, 0xc, 0x1, 0xe3, 0x0,
    0x1c, 0xc0, 0x3, 0x30, 0x0, 0x6c, 0x0, 0x1b,
    0x0, 0x3, 0xc0, 0x0, 0xf0, 0x0, 0x3c, 0x0,
    0xf, 0x0, 0x3, 0xc0, 0x0, 0xf0, 0x0, 0x3c,
    0x0, 0xf, 0x0, 0x6, 0xc0, 0x1, 0xb0, 0x0,
    0xcc, 0x0, 0x73, 0x0, 0x78, 0xff, 0xf8, 0x3f,
    0xf8, 0x0,

    /* U+0045 "E" */
    0xff, 0xff, 0xff, 0xfc, 0x0, 0x30, 0x0, 0xc0,
    0x3, 0x0, 0xc, 0x0, 0x30, 0x0, 0xc0, 0x3,
    0x0, 0xf, 0xff, 0xbf, 0xfe, 0xc0, 0x3, 0x0,
    0xc, 0x0, 0x30, 0x0, 0xc0, 0x3, 0x0, 0xc,
    0x0, 0x30, 0x0, 0xff, 0xff, 0xff, 0xf0,

    /* U+0046 "F" */
    0xff, 0xff, 0xff, 0xfc, 0x0, 0x30, 0x0, 0xc0,
    0x3, 0x0, 0xc, 0x0, 0x30, 0x0, 0xc0, 0x3,
    0x0, 0xf, 0xff, 0xbf, 0xfe, 0xc0, 0x3, 0x0,
    0xc, 0x0, 0x30, 0x0, 0xc0, 0x3, 0x0, 0xc,
    0x0, 0x30, 0x0, 0xc0, 0x3, 0x0, 0x0,

    /* U+0047 "G" */
    0x1, 0xf8, 0x3, 0xff, 0x81, 0xe0, 0x78, 0xe0,
    0x7, 0x30, 0x0, 0x98, 0x0, 0x6, 0x0, 0x3,
    0x80, 0x0, 0xc0, 0x0, 0x30, 0x0, 0xc, 0x3,
    0xff, 0x0, 0xff, 0xc0, 0x0, 0xf0, 0x0, 0x3e,
    0x0, 0xd, 0x80, 0x3, 0x60, 0x0, 0xdc, 0x0,
    0x33, 0x80, 0x1c, 0x78, 0x1e, 0xf, 0xff, 0x0,
    0x7e, 0x0,

    /* U+0048 "H" */
    0xc0, 0x3, 0xc0, 0x3, 0xc0, 0x3, 0xc0, 0x3,
    0xc0, 0x3, 0xc0, 0x3, 0xc0, 0x3, 0xc0, 0x3,
    0xc0, 0x3, 0xc0, 0x3, 0xff, 0xff, 0xff, 0xff,
    0xc0, 0x3, 0xc0, 0x3, 0xc0, 0x3, 0xc0, 0x3,
    0xc0, 0x3, 0xc0, 0x3, 0xc0, 0x3, 0xc0, 0x3,
    0xc0, 0x3, 0xc0, 0x3,

    /* U+0049 "I" */
    0xff, 0xff, 0xff, 0xff, 0xff, 0xf0,

    /* U+004A "J" */
    0x0, 0x60, 0xc, 0x1, 0x80, 0x30, 0x6, 0x0,
    0xc0, 0x18, 0x3, 0x0, 0x60, 0xc, 0x1, 0x80,
    0x30, 0x6, 0x0, 0xc0, 0x18, 0x3, 0x0, 0x60,
    0xf, 0x83, 0xb8, 0x63, 0xfc, 0x3e, 0x0,

    /* U+004B "K" */
    0xc0, 0xe, 0xc0, 0x1c, 0xc0, 0x38, 0xc0, 0x70,
    0xc0, 0xe0, 0xc1, 0xc0, 0xc3, 0x80, 0xc7, 0x0,
    0xce, 0x0, 0xde, 0x0, 0xff, 0x0, 0xf3, 0x0,
    0xe3, 0x80, 0xc1, 0xc0, 0xc0, 0xe0, 0xc0, 0xe0,
    0xc0, 0x70, 0xc0, 0x38, 0xc0, 0x1c, 0xc0, 0x1c,
    0xc0, 0xe, 0xc0, 0x7,

    /* U+004C "L" */
    0xc0, 0x3, 0x0, 0xc, 0x0, 0x30, 0x0, 0xc0,
    0x3, 0x0, 0xc, 0x0, 0x30, 0x0, 0xc0, 0x3,
    0x0, 0xc, 0x0, 0x30, 0x0, 0xc0, 0x3, 0x0,
    0xc, 0x0, 0x30, 0x0, 0xc0, 0x3, 0x0, 0xc,
    0x0, 0x30, 0x0, 0xff, 0xff, 0xff, 0xf0,

    /* U+004D "M" */
    0xc0, 0x0, 0x1f, 0x0, 0x1, 0xfc, 0x0, 0x1f,
    0xe0, 0x0, 0xff, 0x80, 0xf, 0xee, 0x0, 0x6f,
    0x70, 0x7, 0x79, 0xc0, 0x73, 0xc6, 0x3, 0x1e,
    0x38, 0x38, 0xf0, 0xe3, 0x87, 0x83, 0x1c, 0x3c,
    0x1d, 0xc1, 0xe0, 0x7c, 0xf, 0x3, 0xe0, 0x78,
    0xe, 0x3, 0xc0, 0x20, 0x1e, 0x0, 0x0, 0xf0,
    0x0, 0x7, 0x80, 0x0, 0x3c, 0x0, 0x1, 0xe0,
    0x0, 0xc,

    /* U+004E "N" */
    0xc0, 0x1, 0xf0, 0x0, 0xfc, 0x0, 0x7f, 0x0,
    0x3f, 0x80, 0x1e, 0xe0, 0xf, 0x38, 0x7, 0x8c,
    0x3, 0xc7, 0x1, 0xe1, 0xc0, 0xf0, 0x70, 0x78,
    0x38, 0x3c, 0xe, 0x1e, 0x3, 0x8f, 0x0, 0xc7,
    0x80, 0x73, 0xc0, 0x1d, 0xe0, 0x7, 0xf0, 0x3,
    0xf8, 0x0, 0xfc, 0x0, 0x3e, 0x0, 0xc,

    /* U+004F "O" */
    0x1, 0xf8, 0x0, 0xff, 0xf0, 0x1e, 0x7, 0x83,
    0x80, 0x1c, 0x30, 0x0, 0xc6, 0x0, 0x6, 0x60,
    0x0, 0x6e, 0x0, 0x7, 0xc0, 0x0, 0x3c, 0x0,
    0x3, 0xc0, 0x0, 0x3c, 0x0, 0x3, 0xc0, 0x0,
    0x3c, 0x0, 0x3, 0xc0, 0x0, 0x76, 0x0, 0x6,
    0x60, 0x0, 0x63, 0x0, 0xc, 0x38, 0x1, 0xc1,
    0xe0, 0x78, 0xf, 0xff, 0x0, 0x1f, 0x80,

    /* U+0050 "P" */
    0xff, 0xe1, 0xff, 0xf3, 0x0, 0xf6, 0x0, 0x6c,
    0x0, 0x78, 0x0, 0xf0, 0x1, 0xe0, 0x3, 0xc0,
    0x7, 0x80, 0x1b, 0x0, 0xf7, 0xff, 0xcf, 0xfe,
    0x18, 0x0, 0x30, 0x0, 0x60, 0x0, 0xc0, 0x1,
    0x80, 0x3, 0x0, 0x6, 0x0, 0xc, 0x0, 0x18,
    0x0, 0x0,

    /* U+0051 "Q" */
    0x1, 0xf8, 0x0, 0xff, 0xf0, 0x1e, 0x7, 0x83,
    0x80, 0x1c, 0x30, 0x0, 0xc6, 0x0, 0x6, 0x60,
    0x0, 0x6e, 0x0, 0x7, 0xc0, 0x0, 0x3c, 0x0,
    0x3, 0xc0, 0x0, 0x3c, 0x0, 0x3, 0xc0, 0x0,
    0x3c, 0x0, 0x3, 0xc0, 0x0, 0x36, 0x0, 0x46,
    0x60, 0x1e, 0x63, 0x0, 0xfe, 0x38, 0x7, 0xc1,
    0xe0, 0x78, 0xf, 0xff, 0xc0, 0x1f, 0xce, 0x0,
    0x0, 0x70, 0x0, 0x2,

    /* U+0052 "R" */
    0xff, 0xe0, 0xff, 0xf8, 0xc0, 0x3c, 0xc0, 0xc,
    0xc0, 0x6, 0xc0, 0x6, 0xc0, 0x6, 0xc0, 0x6,
    0xc0, 0x6, 0xc0, 0xc, 0xc0, 0x3c, 0xff, 0xf8,
    0xff, 0xe0, 0xc0, 0xe0, 0xc0, 0xe0, 0xc0, 0x70,
    0xc0, 0x30, 0xc0, 0x38, 0xc0, 0x1c, 0xc0, 0xc,
    0xc0, 0xe, 0xc0, 0x7,

    /* U+0053 "S" */
    0xf, 0xe0, 0x7f, 0xf1, 0xe0, 0xf3, 0x0, 0x7c,
    0x0, 0x58, 0x0, 0x30, 0x0, 0x70, 0x0, 0x70,
    0x0, 0x78, 0x0, 0x7f, 0x0, 0x1f, 0x80, 0x7,
    0x80, 0x3, 0x80, 0x3, 0x80, 0x3, 0x0, 0x7,
    0x80, 0xf, 0x80, 0x33, 0xc1, 0xe3, 0xff, 0x81,
    0xfc, 0x0,

    /* U+0054 "T" */
    0xff, 0xff, 0xff, 0xff, 0xc0, 0x60, 0x0, 0x30,
    0x0, 0x18, 0x0, 0xc, 0x0, 0x6, 0x0, 0x3,
    0x0, 0x1, 0x80, 0x0, 0xc0, 0x0, 0x60, 0x0,
    0x30, 0x0, 0x18, 0x0, 0xc, 0x0, 0x6, 0x0,
    0x3, 0x0, 0x1, 0x80, 0x0, 0xc0, 0x0, 0x60,
    0x0, 0x30, 0x0, 0x18, 0x0, 0xc, 0x0,

    /* U+0055 "U" */
    0xc0, 0x3, 0xc0, 0x3, 0xc0, 0x3, 0xc0, 0x3,
    0xc0, 0x3, 0xc0, 0x3, 0xc0, 0x3, 0xc0, 0x3,
    0xc0, 0x3, 0xc0, 0x3, 0xc0, 0x3, 0xc0, 0x3,
    0xc0, 0x3, 0xc0, 0x3, 0xc0, 0x3, 0xc0, 0x3,
    0xe0, 0x7, 0x60, 0x6, 0x70, 0xe, 0x38, 0x1c,
    0x1f, 0xf8, 0x7, 0xe0,

    /* U+0056 "V" */
    0x60, 0x0, 0x6e, 0x0, 0x1d, 0xc0, 0x3, 0x18,
    0x0, 0x63, 0x80, 0x1c, 0x30, 0x3, 0x6, 0x0,
    0xe0, 0xe0, 0x1c, 0xc, 0x3, 0x1, 0x80, 0xe0,
    0x38, 0x18, 0x3, 0x3, 0x0, 0x70, 0xe0, 0x6,
    0x18, 0x0, 0xc7, 0x0, 0x1c, 0xe0, 0x1, 0x98,
    0x0, 0x37, 0x0, 0x7, 0xc0, 0x0, 0x78, 0x0,
    0xf, 0x0, 0x0, 0xc0, 0x0,

    /* U+0057 "W" */
    0xc0, 0xe, 0x0, 0x78, 0x1, 0xc0, 0xf, 0x80,
    0x38, 0x3, 0xb0, 0xf, 0x80, 0x66, 0x1, 0xb0,
    0xc, 0xe0, 0x36, 0x3, 0x9c, 0xe, 0xe0, 0x61,
    0x81, 0x8c, 0xc, 0x30, 0x31, 0x81, 0x87, 0xe,
    0x30, 0x70, 0x61, 0x83, 0xc, 0xc, 0x30, 0x61,
    0x81, 0x86, 0xc, 0x70, 0x39, 0x81, 0xce, 0x3,
    0x30, 0x19, 0x80, 0x66, 0x3, 0x30, 0xf, 0xc0,
    0x6e, 0x0, 0xf0, 0x7, 0x80, 0x1e, 0x0, 0xf0,
    0x3, 0xc0, 0x1e, 0x0, 0x70, 0x3, 0xc0, 0x6,
    0x0, 0x30, 0x0,

    /* U+0058 "X" */
    0xe0, 0x3, 0x38, 0x3, 0x8c, 0x3, 0x87, 0x1,
    0x81, 0xc1, 0xc0, 0x61, 0xc0, 0x38, 0xc0, 0xe,
    0xe0, 0x3, 0x60, 0x1, 0xe0, 0x0, 0x70, 0x0,
    0x78, 0x0, 0x3e, 0x0, 0x3b, 0x80, 0x38, 0xc0,
    0x18, 0x70, 0x1c, 0x1c, 0x1c, 0x6, 0xc, 0x3,
    0x8e, 0x0, 0xee, 0x0, 0x77, 0x0, 0x1c,

    /* U+0059 "Y" */
    0x60, 0x1, 0x9c, 0x0, 0xe3, 0x0, 0x30, 0xe0,
    0x1c, 0x18, 0xe, 0x3, 0x3, 0x0, 0xe1, 0xc0,
    0x18, 0x60, 0x7, 0x38, 0x0, 0xcc, 0x0, 0x3f,
    0x0, 0x7, 0x80, 0x0, 0xc0, 0x0, 0x30, 0x0,
    0xc, 0x0, 0x3, 0x0, 0x0, 0xc0, 0x0, 0x30,
    0x0, 0xc, 0x0, 0x3, 0x0, 0x0, 0xc0, 0x0,
    0x30, 0x0,

    /* U+005A "Z" */
    0xff, 0xfe, 0xff, 0xfe, 0x0, 0xc, 0x0, 0x1c,
    0x0, 0x38, 0x0, 0x30, 0x0, 0x70, 0x0, 0xe0,
    0x0, 0xc0, 0x1, 0xc0, 0x3, 0x80, 0x3, 0x0,
    0x7, 0x0, 0xe, 0x0, 0xc, 0x0, 0x1c, 0x0,
    0x18, 0x0, 0x30, 0x0, 0x70, 0x0, 0x60, 0x0,
    0xff, 0xff, 0xff, 0xff,

    /* U+005B "[" */
    0xff, 0xff, 0x6, 0xc, 0x18, 0x30, 0x60, 0xc1,
    0x83, 0x6, 0xc, 0x18, 0x30, 0x60, 0xc1, 0x83,
    0x6, 0xc, 0x18, 0x30, 0x60, 0xc1, 0xff, 0xf8,

    /* U+005C "\\" */
    0x60, 0x18, 0x7, 0x1, 0xc0, 0x30, 0xe, 0x3,
    0x80, 0x60, 0x18, 0x7, 0x0, 0xc0, 0x30, 0xe,
    0x1, 0x80, 0x60, 0x1c, 0x3, 0x0, 0xc0, 0x38,
    0x6, 0x1, 0x80, 0x70,

    /* U+005D "]" */
    0xff, 0xfc, 0x18, 0x30, 0x60, 0xc1, 0x83, 0x6,
    0xc, 0x18, 0x30, 0x60, 0xc1, 0x83, 0x6, 0xc,
    0x18, 0x30, 0x60, 0xc1, 0x83, 0x7, 0xff, 0xf8,

    /* U+005E "^" */
    0xe, 0x1, 0xe0, 0x6c, 0x1d, 0xc3, 0x18, 0xe1,
    0x98, 0x3e, 0x3,

    /* U+005F "_" */
    0xff, 0xff, 0xff, 0xf0,

    /* U+0060 "`" */
    0x46, 0x38, 0xe3, 0x88,

    /* U+0061 "a" */
    0xf, 0x83, 0xfc, 0x70, 0xe2, 0x7, 0x0, 0x30,
    0x3, 0xf, 0xf3, 0xff, 0x70, 0x3e, 0x3, 0xc0,
    0x3c, 0x7, 0xc0, 0x7e, 0x1f, 0x7f, 0xb1, 0xe3,

    /* U+0062 "b" */
    0xc0, 0x3, 0x0, 0xc, 0x0, 0x30, 0x0, 0xc0,
    0x3, 0x0, 0xc, 0x7c, 0x37, 0xf8, 0xf8, 0x73,
    0xc0, 0xee, 0x1, 0xb0, 0x3, 0xc0, 0xf, 0x0,
    0x3c, 0x0, 0xf0, 0x3, 0xc0, 0xf, 0x80, 0x6f,
    0x3, 0xbe, 0x1c, 0xdf, 0xe3, 0x1f, 0x0,

    /* U+0063 "c" */
    0xf, 0xc0, 0xff, 0xe, 0x1c, 0xe0, 0x66, 0x0,
    0x60, 0x3, 0x0, 0x18, 0x0, 0xc0, 0x6, 0x0,
    0x30, 0x0, 0xc0, 0x7, 0x3, 0x1c, 0x38, 0x7f,
    0x80, 0xf8,

    /* U+0064 "d" */
    0x0, 0xc, 0x0, 0x30, 0x0, 0xc0, 0x3, 0x0,
    0xc, 0x0, 0x30, 0xf8, 0xc7, 0xfb, 0x38, 0x7d,
    0xc0, 0xf6, 0x1, 0xf0, 0x3, 0xc0, 0xf, 0x0,
    0x3c, 0x0, 0xf0, 0x3, 0xc0, 0xd, 0x80, 0x77,
    0x3, 0xce, 0x1f, 0x1f, 0xec, 0x3e, 0x30,

    /* U+0065 "e" */
    0xf, 0xc0, 0x7f, 0xc3, 0x83, 0x98, 0x6, 0x40,
    0xf, 0x0, 0x3f, 0xff, 0xff, 0xff, 0xc0, 0x3,
    0x0, 0xc, 0x0, 0x18, 0x0, 0x70, 0x1c, 0xe0,
    0xe1, 0xff, 0x1, 0xf0,

    /* U+0066 "f" */
    0x7, 0x87, 0xc7, 0x3, 0x1, 0x80, 0xc3, 0xff,
    0xff, 0x18, 0xc, 0x6, 0x3, 0x1, 0x80, 0xc0,
    0x60, 0x30, 0x18, 0xc, 0x6, 0x3, 0x1, 0x80,
    0xc0,

    /* U+0067 "g" */
    0xf, 0x8c, 0x7f, 0xb3, 0x87, 0xdc, 0xf, 0x60,
    0x1f, 0x0, 0x3c, 0x0, 0xf0, 0x3, 0xc0, 0xf,
    0x0, 0x3c, 0x0, 0xd8, 0x7, 0x70, 0x1c, 0xe1,
    0xf1, 0xfe, 0xc3, 0xe3, 0x0, 0xc, 0x0, 0x36,
    0x1, 0x9c, 0x1e, 0x3f, 0xf0, 0x3f, 0x0,

    /* U+0068 "h" */
    0xc0, 0x6, 0x0, 0x30, 0x1, 0x80, 0xc, 0x0,
    0x60, 0x3, 0x1f, 0x1b, 0xfc, 0xf8, 0x77, 0x1,
    0xf8, 0x7, 0x80, 0x3c, 0x1, 0xe0, 0xf, 0x0,
    0x78, 0x3, 0xc0, 0x1e, 0x0, 0xf0, 0x7, 0x80,
    0x3c, 0x1, 0xe0, 0xc,

    /* U+0069 "i" */
    0xff, 0x80, 0x1b, 0x6d, 0xb6, 0xdb, 0x6d, 0xb6,
    0xc0,

    /* U+006A "j" */
    0xe, 0x1c, 0x38, 0x0, 0x0, 0x1, 0x83, 0x6,
    0xc, 0x18, 0x30, 0x60, 0xc1, 0x83, 0x6, 0xc,
    0x18, 0x30, 0x60, 0xc1, 0x83, 0x6, 0x1f, 0xf7,
    0xc0,

    /* U+006B "k" */
    0xc0, 0xc, 0x0, 0xc0, 0xc, 0x0, 0xc0, 0xc,
    0x0, 0xc0, 0x7c, 0xe, 0xc1, 0xcc, 0x38, 0xc7,
    0xc, 0xe0, 0xdc, 0xf, 0xe0, 0xf6, 0xe, 0x70,
    0xc3, 0x8c, 0x18, 0xc1, 0xcc, 0xe, 0xc0, 0x6c,
    0x7,

    /* U+006C "l" */
    0xc6, 0x31, 0x8c, 0x63, 0x18, 0xc6, 0x31, 0x8c,
    0x63, 0x18, 0xc6, 0x31, 0x8f, 0xbc,

    /* U+006D "m" */
    0xcf, 0x83, 0xe3, 0x7f, 0x1f, 0xcf, 0xe, 0xc3,
    0xb8, 0x1e, 0x7, 0xc0, 0x30, 0xf, 0x0, 0xc0,
    0x3c, 0x3, 0x0, 0xf0, 0xc, 0x3, 0xc0, 0x30,
    0xf, 0x0, 0xc0, 0x3c, 0x3, 0x0, 0xf0, 0xc,
    0x3, 0xc0, 0x30, 0xf, 0x0, 0xc0, 0x3c, 0x3,
    0x0, 0xf0, 0xc, 0x3,

    /* U+006E "n" */
    0xc7, 0xc6, 0xff, 0x3e, 0x1d, 0xc0, 0x7c, 0x1,
    0xe0, 0xf, 0x0, 0x78, 0x3, 0xc0, 0x1e, 0x0,
    0xf0, 0x7, 0x80, 0x3c, 0x1, 0xe0, 0xf, 0x0,
    0x78, 0x3,

    /* U+006F "o" */
    0xf, 0xc0, 0x7f, 0x83, 0x87, 0x18, 0xe, 0x60,
    0x1b, 0x0, 0x3c, 0x0, 0xf0, 0x3, 0xc0, 0xf,
    0x0, 0x3c, 0x0, 0xd8, 0x6, 0x60, 0x38, 0xe1,
    0xc1, 0xfe, 0x3, 0xf0,

    /* U+0070 "p" */
    0xc7, 0xc3, 0x7f, 0x8f, 0x87, 0x3c, 0xe, 0xe0,
    0x1b, 0x0, 0x3c, 0x0, 0xf0, 0x3, 0xc0, 0xf,
    0x0, 0x3c, 0x0, 0xf8, 0x6, 0xf0, 0x3b, 0xe1,
    0xcd, 0xfe, 0x31, 0xf0, 0xc0, 0x3, 0x0, 0xc,
    0x0, 0x30, 0x0, 0xc0, 0x3, 0x0, 0x0,

    /* U+0071 "q" */
    0xf, 0x8c, 0x7f, 0xb3, 0x87, 0xdc, 0xf, 0x60,
    0x1f, 0x0, 0x3c, 0x0, 0xf0, 0x3, 0xc0, 0xf,
    0x0, 0x3c, 0x0, 0xd8, 0x7, 0x70, 0x3c, 0xe1,
    0xf1, 0xfe, 0xc3, 0xf3, 0x0, 0xc, 0x0, 0x30,
    0x0, 0xc0, 0x3, 0x0, 0xc, 0x0, 0x30,

    /* U+0072 "r" */
    0xc7, 0xe7, 0xf6, 0x1e, 0xe, 0x6, 0x3, 0x1,
    0x80, 0xc0, 0x60, 0x30, 0x18, 0xc, 0x6, 0x3,
    0x1, 0x80,

    /* U+0073 "s" */
    0x1f, 0x87, 0xfc, 0xe0, 0xfc, 0x3, 0xc0, 0xe,
    0x0, 0x70, 0x3, 0xf0, 0xf, 0xc0, 0xe, 0x0,
    0x30, 0x3, 0xc0, 0x3f, 0x7, 0x7f, 0xe1, 0xf8,

    /* U+0074 "t" */
    0x18, 0xc, 0x6, 0x3, 0x1, 0x87, 0xff, 0xfe,
    0x30, 0x18, 0xc, 0x6, 0x3, 0x1, 0x80, 0xc0,
    0x60, 0x30, 0x18, 0xc, 0x7, 0x1, 0xf0, 0x78,

    /* U+0075 "u" */
    0xc0, 0x1e, 0x0, 0xf0, 0x7, 0x80, 0x3c, 0x1,
    0xe0, 0xf, 0x0, 0x78, 0x3, 0xc0, 0x1e, 0x0,
    0xf0, 0x7, 0x80, 0x7e, 0x3, 0xb8, 0x7c, 0xff,
    0x63, 0xe3,

    /* U+0076 "v" */
    0xe0, 0xe, 0xc0, 0x19, 0xc0, 0x73, 0x80, 0xc3,
    0x1, 0x87, 0x7, 0x6, 0xc, 0xc, 0x18, 0x1c,
    0x70, 0x18, 0xc0, 0x31, 0x80, 0x36, 0x0, 0x6c,
    0x0, 0xf8, 0x0, 0xe0, 0x1, 0xc0,

    /* U+0077 "w" */
    0xe0, 0x38, 0x6, 0xc0, 0x70, 0x1d, 0x80, 0xf0,
    0x33, 0x83, 0xe0, 0x63, 0x6, 0xc0, 0xc6, 0xc,
    0xc3, 0x8e, 0x19, 0x86, 0xc, 0x63, 0xc, 0x18,
    0xc7, 0x38, 0x31, 0x86, 0x60, 0x36, 0xc, 0xc0,
    0x6c, 0x1b, 0x80, 0xd8, 0x1e, 0x0, 0xf0, 0x3c,
    0x1, 0xc0, 0x78, 0x3, 0x80, 0x60,

    /* U+0078 "x" */
    0x70, 0x1c, 0xc0, 0xe3, 0x83, 0x7, 0x1c, 0xc,
    0xe0, 0x3b, 0x0, 0x7c, 0x0, 0xe0, 0x7, 0x80,
    0x1f, 0x0, 0xec, 0x7, 0x38, 0x18, 0x70, 0xe0,
    0xc7, 0x3, 0x98, 0x7,

    /* U+0079 "y" */
    0xe0, 0xe, 0xc0, 0x19, 0xc0, 0x33, 0x80, 0xe3,
    0x1, 0x87, 0x7, 0x6, 0xc, 0xc, 0x18, 0x1c,
    0x70, 0x18, 0xc0, 0x39, 0x80, 0x36, 0x0, 0x6c,
    0x0, 0xf8, 0x0, 0xe0, 0x1, 0xc0, 0x3, 0x0,
    0x6, 0x0, 0x1c, 0x0, 0x30, 0x0, 0xe0, 0x1,
    0x80, 0x0,

    /* U+007A "z" */
    0xff, 0xff, 0xff, 0x0, 0x60, 0xe, 0x1, 0xc0,
    0x38, 0x3, 0x0, 0x70, 0xe, 0x0, 0xc0, 0x18,
    0x3, 0x80, 0x70, 0x6, 0x0, 0xff, 0xff, 0xff,

    /* U+007B "{" */
    0x3, 0xc1, 0xf0, 0xe0, 0x30, 0xc, 0x3, 0x0,
    0xc0, 0x30, 0xc, 0x3, 0x0, 0xc0, 0x60, 0xf0,
    0x3c, 0x1, 0x80, 0x30, 0xc, 0x3, 0x0, 0xc0,
    0x30, 0xc, 0x3, 0x0, 0xc0, 0x38, 0x7, 0xc0,
    0x70,

    /* U+007C "|" */
    0xff, 0xff, 0xff, 0xff, 0xff, 0xff, 0xfc,

    /* U+007D "}" */
    0xe0, 0x78, 0xe, 0x3, 0x1, 0x80, 0xc0, 0x60,
    0x30, 0x18, 0xc, 0x6, 0x1, 0x80, 0x78, 0x3c,
    0x30, 0x30, 0x18, 0xc, 0x6, 0x3, 0x1, 0x80,
    0xc0, 0x60, 0x70, 0xf0, 0x70, 0x0,

    /* U+007E "~" */
    0x38, 0x2f, 0xe7, 0xc7, 0xe0, 0x1c,

    /* U+007F "" */
    0x0,

    /* U+00A0 " " */
    0x0,

    /* U+00A1 "¡" */
    0xff, 0x80, 0x6, 0xdb, 0x6d, 0xb6, 0xdb, 0x6d,
    0x80,

    /* U+00A2 "¢" */
    0x3, 0x0, 0x18, 0x3, 0xf0, 0x3f, 0xc3, 0xb7,
    0x39, 0x99, 0x8c, 0x18, 0x60, 0xc3, 0x6, 0x18,
    0x30, 0xc1, 0x86, 0xc, 0x30, 0x31, 0x81, 0xcc,
    0xc7, 0x6e, 0x1f, 0xe0, 0x7e, 0x0, 0xc0, 0x6,
    0x0,

    /* U+00A3 "£" */
    0x3, 0xf0, 0xf, 0xf0, 0x38, 0x70, 0xe0, 0x71,
    0x80, 0x3, 0x0, 0x6, 0x0, 0xc, 0x0, 0x18,
    0x0, 0x30, 0x3, 0xff, 0x87, 0xff, 0x1, 0x80,
    0x3, 0x0, 0x6, 0x0, 0xc, 0x0, 0x18, 0x0,
    0x30, 0x0, 0xc0, 0x3, 0x80, 0xf, 0xff, 0xff,
    0xff, 0xc0,

    /* U+00A4 "¤" */
    0x40, 0x0, 0xb8, 0x0, 0x77, 0x3f, 0x38, 0xff,
    0xfc, 0x1e, 0x1e, 0x6, 0x1, 0x83, 0x80, 0x70,
    0xc0, 0xc, 0x30, 0x3, 0xc, 0x0, 0xc3, 0x0,
    0x30, 0xe0, 0x1c, 0x18, 0x6, 0x7, 0x87, 0x83,
    0xff, 0xf1, 0xcf, 0xce, 0xe0, 0x1, 0xd0, 0x0,
    0x20,

    /* U+00A5 "¥" */
    0xe0, 0x7, 0x70, 0xe, 0x30, 0xc, 0x38, 0x1c,
    0x18, 0x18, 0x1c, 0x38, 0xc, 0x30, 0x6, 0x60,
    0x7, 0xe0, 0x3, 0xc0, 0x3, 0xc0, 0x3f, 0xfc,
    0x3f, 0xfc, 0x1, 0x80, 0x1, 0x80, 0x1, 0x80,
    0x3f, 0xfc, 0x3f, 0xfc, 0x1, 0x80, 0x1, 0x80,
    0x1, 0x80, 0x1, 0x80,

    /* U+00A6 "¦" */
    0xff, 0xff, 0xfc, 0x3, 0xff, 0xff, 0xf0,

    /* U+00A7 "§" */
    0x3, 0xf8, 0x7, 0xff, 0x7, 0x83, 0xc7, 0x0,
    0x73, 0x0, 0x1, 0x80, 0x0, 0xc0, 0x0, 0x70,
    0x0, 0x1f, 0x0, 0x1f, 0xf8, 0x1c, 0x3f, 0x1c,
    0x1, 0xec, 0x0, 0x3e, 0x0, 0xf, 0x0, 0x6,
    0xc0, 0x3, 0x38, 0x3, 0xf, 0xc3, 0x80, 0xff,
    0x0, 0x7, 0x80, 0x0, 0xe0, 0x0, 0x30, 0x0,
    0x18, 0x0, 0xc, 0xe0, 0xe, 0x3c, 0xe, 0xf,
    0xfe, 0x1, 0xfc, 0x0,

    /* U+00A8 "¨" */
    0xe3, 0xf1, 0xf8, 0xe0,

    /* U+00A9 "©" */
    0x0, 0xff, 0x0, 0x3, 0xff, 0xc0, 0xf, 0x81,
    0xf0, 0x1e, 0x0, 0x38, 0x38, 0x0, 0x1c, 0x30,
    0x3c, 0xc, 0x60, 0xff, 0x6, 0x61, 0xc3, 0x86,
    0xe1, 0x81, 0x7, 0xc3, 0x80, 0x3, 0xc3, 0x0,
    0x3, 0xc3, 0x0, 0x3, 0xc3, 0x0, 0x3, 0xc3,
    0x0, 0x3, 0xc3, 0x0, 0x3, 0xe3, 0x80, 0x7,
    0x61, 0x81, 0x6, 0x61, 0xc3, 0x8e, 0x30, 0xff,
    0xc, 0x38, 0x3c, 0x1c, 0x1c, 0x0, 0x78, 0xf,
    0x81, 0xf0, 0x3, 0xff, 0xc0, 0x0, 0xff, 0x0,

    /* U+00AA "ª" */
    0x3c, 0x7e, 0x67, 0x3, 0x3, 0x3f, 0xff, 0xc3,
    0xc7, 0xff, 0x7b,

    /* U+00AB "«" */
    0x7, 0xe, 0x1c, 0x38, 0x70, 0xe0, 0xc3, 0x83,
    0x8e, 0xe, 0x38, 0x38, 0xe0, 0x38, 0xe0, 0x38,
    0xe0, 0x30, 0xe0, 0x70, 0xe0, 0x70, 0xe0, 0x70,
    0xe0,

    /* U+00AC "¬" */
    0xff, 0xff, 0xff, 0xf0, 0x0, 0xc0, 0x3, 0x0,
    0xc, 0x0, 0x30, 0x0, 0xc0, 0x3,

    /* U+00AD "­" */
    0xff, 0xff, 0xfc,

    /* U+00AE "®" */
    0xf, 0xc0, 0xe1, 0xc6, 0xf9, 0x13, 0xfa, 0x8c,
    0x6e, 0x31, 0x98, 0xfe, 0x63, 0xe1, 0x8c, 0x86,
    0x33, 0x14, 0xc6, 0x9b, 0x1e, 0x30, 0x30, 0x3f,
    0x0,

    /* U+00AF "¯" */
    0xff, 0xfc,

    /* U+00B0 "°" */
    0x1e, 0x1f, 0xe6, 0x1b, 0x3, 0xc0, 0xf0, 0x3c,
    0xd, 0x86, 0x7f, 0x87, 0x80,

    /* U+00B1 "±" */
    0x1, 0x80, 0x3, 0x0, 0x6, 0x0, 0xc, 0x0,
    0x18, 0x1f, 0xff, 0xff, 0xff, 0x80, 0xc0, 0x1,
    0x80, 0x3, 0x0, 0x6, 0x0, 0xc, 0x0, 0x18,
    0x0, 0x0, 0x0, 0x0, 0x7f, 0xff, 0xff, 0xfe,

    /* U+00B2 "²" */
    0x3e, 0x3f, 0xb8, 0xe8, 0x30, 0x18, 0x1c, 0xc,
    0xc, 0xc, 0xc, 0xe, 0xe, 0xf, 0xff, 0xfc,

    /* U+00B3 "³" */
    0xff, 0x7f, 0x81, 0x81, 0x81, 0x81, 0x80, 0xf8,
    0x6, 0x1, 0x80, 0xf0, 0x7c, 0x77, 0xf1, 0xf0,

    /* U+00B4 "´" */
    0x1, 0xcc, 0xcc, 0x0,

    /* U+00B5 "µ" */
    0xc0, 0x1e, 0x0, 0xf0, 0x7, 0x80, 0x3c, 0x1,
    0xe0, 0xf, 0x0, 0x78, 0x3, 0xc0, 0x1e, 0x0,
    0xf0, 0x7, 0x80, 0x7e, 0x3, 0xf8, 0x7f, 0xff,
    0x79, 0xf3, 0xc0, 0x6, 0x0, 0x30, 0x1, 0x80,
    0xc, 0x0, 0x60, 0x0,

    /* U+00B6 "¶" */
    0xf, 0xff, 0x3f, 0xff, 0x78, 0x63, 0xe0, 0x63,
    0xc0, 0x63, 0xc0, 0x63, 0xc0, 0x63, 0xc0, 0x63,
    0xe0, 0x63, 0x78, 0x63, 0x3f, 0xe3, 0xf, 0xe3,
    0x0, 0x63, 0x0, 0x63, 0x0, 0x63, 0x0, 0x63,
    0x0, 0x63, 0x0, 0x63, 0x0, 0x63, 0x0, 0x63,
    0x0, 0x63, 0x0, 0x63, 0x0, 0x63, 0x0, 0x63,
    0x0, 0x63, 0x0, 0x63, 0x0, 0x63,

    /* U+00B7 "·" */
    0xff, 0x80,

    /* U+00B8 "¸" */
    0x46, 0x31, 0xf1, 0x8f, 0xc0,

    /* U+00B9 "¹" */
    0x3b, 0xff, 0x31, 0x8c, 0x63, 0x18, 0xc6, 0x31,
    0x8c,

    /* U+00BA "º" */
    0x3e, 0x3f, 0x98, 0xd8, 0x3c, 0x1e, 0xf, 0x7,
    0x83, 0x63, 0x3f, 0x8f, 0x80,

    /* U+00BB "»" */
    0xe1, 0xc0, 0xe1, 0xc0, 0xe1, 0x80, 0xe3, 0x80,
    0xe3, 0x80, 0xe3, 0x80, 0xe3, 0x83, 0x8e, 0xe,
    0x38, 0x38, 0xe0, 0xe1, 0x83, 0x87, 0xe, 0x1c,
    0x0,

    /* U+00BC "¼" */
    0x38, 0x0, 0x73, 0xe0, 0x3, 0x8f, 0x80, 0xc,
    0x26, 0x0, 0x70, 0x18, 0x3, 0x80, 0x60, 0xc,
    0x1, 0x80, 0x60, 0x6, 0x3, 0x80, 0x18, 0x1c,
    0x38, 0x60, 0x61, 0xe1, 0x83, 0x7, 0x86, 0x1c,
    0x36, 0x18, 0xe1, 0xd8, 0x3, 0x6, 0x60, 0x18,
    0x31, 0x80, 0xe1, 0xc6, 0x7, 0x6, 0x18, 0x18,
    0x3f, 0xf0, 0xc0, 0xff, 0xc7, 0x0, 0x6, 0x38,
    0x0, 0x18, 0xc0, 0x0, 0x60,

    /* U+00BD "½" */
    0x38, 0x0, 0x70, 0xf8, 0x0, 0xe0, 0xf8, 0x1,
    0xc0, 0x98, 0x1, 0x80, 0x18, 0x3, 0x80, 0x18,
    0x7, 0x0, 0x18, 0x6, 0x0, 0x18, 0xc, 0x0,
    0x18, 0x1c, 0x7c, 0x18, 0x38, 0xfe, 0x18, 0x31,
    0xc7, 0x18, 0x70, 0x83, 0x18, 0xe0, 0x3, 0x1,
    0xc0, 0x7, 0x1, 0x80, 0x6, 0x3, 0x80, 0xc,
    0x7, 0x0, 0x18, 0x6, 0x0, 0x30, 0xc, 0x0,
    0x70, 0x1c, 0x0, 0xe0, 0x38, 0x1, 0xff, 0x30,
    0x1, 0xff,

    /* U+00BE "¾" */
    0xff, 0x0, 0x1c, 0x7f, 0x80, 0xc, 0x1, 0x80,
    0xe, 0x1, 0x80, 0xe, 0x1, 0x80, 0x6, 0x1,
    0xc0, 0x6, 0x0, 0xfc, 0x7, 0x0, 0x6, 0x3,
    0x0, 0x1, 0x83, 0x0, 0x0, 0xc3, 0x87, 0x30,
    0x61, 0x87, 0x9c, 0x71, 0x83, 0xc7, 0xf1, 0xc3,
    0x61, 0xf1, 0xc1, 0xb0, 0x0, 0xc1, 0x98, 0x0,
    0xe0, 0xcc, 0x0, 0xe0, 0xc6, 0x0, 0x60, 0xe3,
    0x0, 0x70, 0x7f, 0xe0, 0x70, 0x3f, 0xf0, 0x30,
    0x0, 0x60, 0x38, 0x0, 0x30, 0x38, 0x0, 0x18,

    /* U+00BF "¿" */
    0x7, 0x0, 0x38, 0x1, 0xc0, 0x0, 0x0, 0x0,
    0x0, 0x0, 0x0, 0x0, 0xc0, 0x6, 0x0, 0x30,
    0x3, 0x80, 0x38, 0x3, 0x80, 0x38, 0x1, 0x80,
    0x18, 0x0, 0xc0, 0x6, 0x0, 0xb0, 0xe, 0xe1,
    0xe3, 0xfe, 0xf, 0xc0,

    /* U+00C0 "À" */
    0x0, 0x80, 0x0, 0x38, 0x0, 0x3, 0x80, 0x0,
    0x38, 0x0, 0x2, 0x0, 0x0, 0x0, 0x0, 0x38,
    0x0, 0x7, 0x80, 0x0, 0xf0, 0x0, 0x3e, 0x0,
    0x6, 0xe0, 0x0, 0xcc, 0x0, 0x39, 0xc0, 0x6,
    0x38, 0x1, 0xc3, 0x0, 0x38, 0x70, 0x6, 0x6,
    0x1, 0xc0, 0xc0, 0x3f, 0xfc, 0x7, 0xff, 0x81,
    0xc0, 0x38, 0x30, 0x3, 0xe, 0x0, 0x61, 0xc0,
    0xe, 0x30, 0x0, 0xce, 0x0, 0x19, 0x80, 0x3,
    0xb0, 0x0, 0x30,

    /* U+00C1 "Á" */
    0x0, 0x10, 0x0, 0x7, 0x0, 0x1, 0xc0, 0x0,
    0x70, 0x0, 0xc, 0x0, 0x0, 0x0, 0x0, 0x38,
    0x0, 0x7, 0x80, 0x0, 0xf0, 0x0, 0x3e, 0x0,
    0x6, 0xe0, 0x0, 0xcc, 0x0, 0x39, 0xc0, 0x6,
    0x38, 0x1, 0xc3, 0x0, 0x38, 0x70, 0x6, 0x6,
    0x1, 0xc0, 0xc0, 0x3f, 0xfc, 0x7, 0xff, 0x81,
    0xc0, 0x38, 0x30, 0x3, 0xe, 0x0, 0x61, 0xc0,
    0xe, 0x30, 0x0, 0xce, 0x0, 0x19, 0x80, 0x3,
    0xb0, 0x0, 0x30,

    /* U+00C2 "Â" */
    0x0, 0xe0, 0x0, 0x3e, 0x0, 0xe, 0x60, 0x1,
    0x84, 0x0, 0x0, 0x0, 0x1, 0xc0, 0x0, 0x3c,
    0x0, 0x7, 0x80, 0x1, 0xf0, 0x0, 0x37, 0x0,
    0x6, 0x60, 0x1, 0xce, 0x0, 0x31, 0xc0, 0xe,
    0x18, 0x1, 0xc3, 0x80, 0x30, 0x30, 0xe, 0x6,
    0x1, 0xff, 0xe0, 0x3f, 0xfc, 0xe, 0x1, 0xc1,
    0x80, 0x18, 0x70, 0x3, 0xe, 0x0, 0x71, 0x80,
    0x6, 0x70, 0x0, 0xcc, 0x0, 0x1d, 0x80, 0x1,
    0x80,

    /* U+00C3 "Ã" */
    0x1, 0xcc, 0x0, 0x7f, 0x80, 0x8, 0xe0, 0x0,
    0x0, 0x0, 0xe, 0x0, 0x1, 0xe0, 0x0, 0x3c,
    0x0, 0xf, 0x80, 0x1, 0xb8, 0x0, 0x33, 0x0,
    0xe, 0x70, 0x1, 0x8e, 0x0, 0x70, 0xc0, 0xe,
    0x1c, 0x1, 0x81, 0x80, 0x70, 0x30, 0xf, 0xff,
    0x1, 0xff, 0xe0, 0x70, 0xe, 0xc, 0x0, 0xc3,
    0x80, 0x18, 0x70, 0x3, 0x8c, 0x0, 0x33, 0x80,
    0x6, 0x60, 0x0, 0xec, 0x0, 0xc,

    /* U+00C4 "Ä" */
    0x7, 0x1c, 0x0, 0xe3, 0x80, 0x1c, 0x70, 0x0,
    0x0, 0x0, 0xe, 0x0, 0x1, 0xc0, 0x0, 0x7c,
    0x0, 0xd, 0x80, 0x1, 0xb0, 0x0, 0x77, 0x0,
    0xc, 0x60, 0x3, 0x8e, 0x0, 0x71, 0xc0, 0xc,
    0x18, 0x3, 0x83, 0x80, 0x60, 0x30, 0xf, 0xfe,
    0x3, 0xff, 0xe0, 0x60, 0xc, 0xc, 0x1, 0x83,
    0x80, 0x38, 0x60, 0x3, 0x1c, 0x0, 0x73, 0x0,
    0xe, 0x60, 0x0, 0xdc, 0x0, 0x1c,

    /* U+00C5 "Å" */
    0x1, 0xe0, 0x0, 0xf8, 0x0, 0x33, 0x0, 0xc,
    0xc0, 0x3, 0x30, 0x0, 0xf8, 0x0, 0x1e, 0x0,
    0x3, 0x0, 0x0, 0xc0, 0x0, 0x78, 0x0, 0x1e,
    0x0, 0xf, 0xc0, 0x3, 0x30, 0x0, 0xcc, 0x0,
    0x61, 0x80, 0x18, 0x60, 0x6, 0x1c, 0x3, 0x3,
    0x0, 0xc0, 0xc0, 0x7f, 0xf8, 0x1f, 0xfe, 0x6,
    0x1, 0xc3, 0x0, 0x30, 0xc0, 0xc, 0x70, 0x3,
    0x98, 0x0, 0x66, 0x0, 0x1b, 0x80, 0x7, 0xc0,
    0x0, 0xc0,

    /* U+00C6 "Æ" */
    0x0, 0x7, 0xff, 0xf0, 0x0, 0x7f, 0xff, 0x0,
    0xf, 0x80, 0x0, 0x1, 0xd8, 0x0, 0x0, 0x19,
    0x80, 0x0, 0x3, 0x98, 0x0, 0x0, 0x71, 0x80,
    0x0, 0x6, 0x18, 0x0, 0x0, 0xe1, 0x80, 0x0,
    0x1c, 0x18, 0x0, 0x1, 0x81, 0xff, 0xe0, 0x38,
    0x1f, 0xfe, 0x3, 0xff, 0x80, 0x0, 0x7f, 0xf8,
    0x0, 0xe, 0x1, 0x80, 0x0, 0xc0, 0x18, 0x0,
    0x1c, 0x1, 0x80, 0x3, 0x80, 0x18, 0x0, 0x30,
    0x1, 0x80, 0x7, 0x0, 0x18, 0x0, 0xe0, 0x1,
    0xff, 0xfe, 0x0, 0x1f, 0xff,

    /* U+00C7 "Ç" */
    0x1, 0xf8, 0x3, 0xff, 0x81, 0xe0, 0xf0, 0xe0,
    0xe, 0x30, 0x1, 0x18, 0x0, 0x6, 0x0, 0x3,
    0x0, 0x0, 0xc0, 0x0, 0x30, 0x0, 0xc, 0x0,
    0x3, 0x0, 0x0, 0xc0, 0x0, 0x30, 0x0, 0xe,
    0x0, 0x1, 0x80, 0x0, 0x60, 0x0, 0xc, 0x0,
    0x43, 0x80, 0x38, 0x78, 0x3e, 0xf, 0xfe, 0x0,
    0xfe, 0x0, 0xc, 0x0, 0x3, 0xc0, 0x0, 0xf8,
    0x0, 0x6, 0x0, 0x1, 0x80, 0x3, 0xc0, 0x0,
    0x0, 0x0,

    /* U+00C8 "È" */
    0x4, 0x0, 0x38, 0x0, 0x70, 0x0, 0xe0, 0x1,
    0x0, 0x0, 0xf, 0xff, 0xff, 0xff, 0xc0, 0x3,
    0x0, 0xc, 0x0, 0x30, 0x0, 0xc0, 0x3, 0x0,
    0xc, 0x0, 0x30, 0x0, 0xff, 0xfb, 0xff, 0xec,
    0x0, 0x30, 0x0, 0xc0, 0x3, 0x0, 0xc, 0x0,
    0x30, 0x0, 0xc0, 0x3, 0x0, 0xf, 0xff, 0xff,
    0xff,

    /* U+00C9 "É" */
    0x0, 0x80, 0x7, 0x0, 0x38, 0x1, 0xc0, 0x4,
    0x0, 0x0, 0xf, 0xff, 0xff, 0xff, 0xc0, 0x3,
    0x0, 0xc, 0x0, 0x30, 0x0, 0xc0, 0x3, 0x0,
    0xc, 0x0, 0x30, 0x0, 0xff, 0xfb, 0xff, 0xec,
    0x0, 0x30, 0x0, 0xc0, 0x3, 0x0, 0xc, 0x0,
    0x30, 0x0, 0xc0, 0x3, 0x0, 0xf, 0xff, 0xff,
    0xff,

    /* U+00CA "Ê" */
    0x7, 0x0, 0x3e, 0x1, 0xcc, 0x6, 0x10, 0x0,
    0x3, 0xff, 0xff, 0xff, 0xf0, 0x0, 0xc0, 0x3,
    0x0, 0xc, 0x0, 0x30, 0x0, 0xc0, 0x3, 0x0,
    0xc, 0x0, 0x3f, 0xfe, 0xff, 0xfb, 0x0, 0xc,
    0x0, 0x30, 0x0, 0xc0, 0x3, 0x0, 0xc, 0x0,
    0x30, 0x0, 0xc0, 0x3, 0xff, 0xff, 0xff, 0xc0,

    /* U+00CB "Ë" */
    0x38, 0xe0, 0xe3, 0x83, 0x8e, 0x0, 0x0, 0xff,
    0xff, 0xff, 0xfc, 0x0, 0x30, 0x0, 0xc0, 0x3,
    0x0, 0xc, 0x0, 0x30, 0x0, 0xc0, 0x3, 0x0,
    0xf, 0xff, 0xbf, 0xfe, 0xc0, 0x3, 0x0, 0xc,
    0x0, 0x30, 0x0, 0xc0, 0x3, 0x0, 0xc, 0x0,
    0x30, 0x0, 0xff, 0xff, 0xff, 0xf0,

    /* U+00CC "Ì" */
    0x7, 0x1c, 0x71, 0x0, 0xc6, 0x31, 0x8c, 0x63,
    0x18, 0xc6, 0x31, 0x8c, 0x63, 0x18, 0xc6, 0x31,
    0x8c, 0x60,

    /* U+00CD "Í" */
    0x11, 0xdd, 0xc4, 0x1, 0x8c, 0x63, 0x18, 0xc6,
    0x31, 0x8c, 0x63, 0x18, 0xc6, 0x31, 0x8c, 0x63,
    0x18, 0xc0,

    /* U+00CE "Î" */
    0x18, 0x3c, 0x66, 0x42, 0x0, 0x18, 0x18, 0x18,
    0x18, 0x18, 0x18, 0x18, 0x18, 0x18, 0x18, 0x18,
    0x18, 0x18, 0x18, 0x18, 0x18, 0x18, 0x18, 0x18,
    0x18, 0x18, 0x18,

    /* U+00CF "Ï" */
    0xe3, 0xf1, 0xf8, 0xe0, 0x0, 0xc0, 0x60, 0x30,
    0x18, 0xc, 0x6, 0x3, 0x1, 0x80, 0xc0, 0x60,
    0x30, 0x18, 0xc, 0x6, 0x3, 0x1, 0x80, 0xc0,
    0x60, 0x30, 0x18, 0xc, 0x6, 0x0,

    /* U+00D0 "Ð" */
    0x1f, 0xfc, 0x0, 0xff, 0xfc, 0x6, 0x0, 0xf0,
    0x30, 0x1, 0xc1, 0x80, 0x6, 0xc, 0x0, 0x18,
    0x60, 0x0, 0xc3, 0x0, 0x3, 0x18, 0x0, 0x1f,
    0xff, 0x0, 0xff, 0xf8, 0x6, 0x30, 0x0, 0x31,
    0x80, 0x1, 0x8c, 0x0, 0xc, 0x60, 0x0, 0x63,
    0x0, 0x6, 0x18, 0x0, 0x30, 0xc0, 0x3, 0x6,
    0x0, 0x38, 0x30, 0x7, 0x81, 0xff, 0xf0, 0xf,
    0xfe, 0x0,

    /* U+00D1 "Ñ" */
    0x7, 0x98, 0x7, 0xfc, 0x3, 0x3c, 0x0, 0x0,
    0xc, 0x0, 0x1f, 0x0, 0xf, 0xc0, 0x7, 0xf0,
    0x3, 0xf8, 0x1, 0xee, 0x0, 0xf3, 0x80, 0x78,
    0xc0, 0x3c, 0x70, 0x1e, 0x1c, 0xf, 0x7, 0x7,
    0x83, 0x83, 0xc0, 0xe1, 0xe0, 0x38, 0xf0, 0xc,
    0x78, 0x7, 0x3c, 0x1, 0xde, 0x0, 0x7f, 0x0,
    0x3f, 0x80, 0xf, 0xc0, 0x3, 0xe0, 0x0, 0xc0,

    /* U+00D2 "Ò" */
    0x0, 0x0, 0x0, 0xc, 0x0, 0x0, 0xe0, 0x0,
    0x6, 0x0, 0x0, 0x30, 0x0, 0x0, 0x0, 0x1,
    0xf8, 0x0, 0xff, 0xf0, 0x1e, 0x7, 0x83, 0x80,
    0x1c, 0x30, 0x0, 0xc6, 0x0, 0x6, 0x60, 0x0,
    0x6e, 0x0, 0x7, 0xc0, 0x0, 0x3c, 0x0, 0x3,
    0xc0, 0x0, 0x3c, 0x0, 0x3, 0xc0, 0x0, 0x3c,
    0x0, 0x3, 0xc0, 0x0, 0x76, 0x0, 0x6, 0x60,
    0x0, 0x63, 0x0, 0xc, 0x38, 0x1, 0xc1, 0xe0,
    0x78, 0xf, 0xff, 0x0, 0x1f, 0x80,

    /* U+00D3 "Ó" */
    0x0, 0x0, 0x0, 0x3, 0x80, 0x0, 0x38, 0x0,
    0x6, 0x0, 0x0, 0xc0, 0x0, 0x0, 0x0, 0x1,
    0xf8, 0x0, 0xff, 0xf0, 0x1e, 0x7, 0x83, 0x80,
    0x1c, 0x30, 0x0, 0xc6, 0x0, 0x6, 0x60, 0x0,
    0x6e, 0x0, 0x7, 0xc0, 0x0, 0x3c, 0x0, 0x3,
    0xc0, 0x0, 0x3c, 0x0, 0x3, 0xc0, 0x0, 0x3c,
    0x0, 0x3, 0xc0, 0x0, 0x76, 0x0, 0x6, 0x60,
    0x0, 0x63, 0x0, 0xc, 0x38, 0x1, 0xc1, 0xe0,
    0x78, 0xf, 0xff, 0x0, 0x1f, 0x80,

    /* U+00D4 "Ô" */
    0x0, 0x60, 0x0, 0xf, 0x0, 0x1, 0xf8, 0x0,
    0x39, 0xc0, 0x3, 0xc, 0x0, 0x0, 0x0, 0x1,
    0xf8, 0x0, 0xff, 0xf0, 0x1e, 0x7, 0x83, 0x80,
    0x1c, 0x30, 0x0, 0xc6, 0x0, 0x6, 0x60, 0x0,
    0x6e, 0x0, 0x7, 0xc0, 0x0, 0x3c, 0x0, 0x3,
    0xc0, 0x0, 0x3c, 0x0, 0x3, 0xc0, 0x0, 0x3c,
    0x0, 0x3, 0xc0, 0x0, 0x76, 0x0, 0x6, 0x60,
    0x0, 0x63, 0x0, 0xc, 0x38, 0x1, 0xc1, 0xe0,
    0x78, 0xf, 0xff, 0x0, 0x1f, 0x80,

    /* U+00D5 "Õ" */
    0x1, 0xc4, 0x0, 0x3e, 0xc0, 0x3, 0x7c, 0x0,
    0x23, 0x80, 0x0, 0x0, 0x0, 0x1f, 0x80, 0xf,
    0xff, 0x1, 0xe0, 0x78, 0x38, 0x1, 0xc3, 0x0,
    0xc, 0x60, 0x0, 0x66, 0x0, 0x6, 0xe0, 0x0,
    0x7c, 0x0, 0x3, 0xc0, 0x0, 0x3c, 0x0, 0x3,
    0xc0, 0x0, 0x3c, 0x0, 0x3, 0xc0, 0x0, 0x3c,
    0x0, 0x7, 0x60, 0x0, 0x66, 0x0, 0x6, 0x30,
    0x0, 0xc3, 0x80, 0x1c, 0x1e, 0x7, 0x80, 0xff,
    0xf0, 0x1, 0xf8, 0x0,

    /* U+00D6 "Ö" */
    0x7, 0xe, 0x0, 0x70, 0xe0, 0x7, 0xe, 0x0,
    0x0, 0x0, 0x0, 0x0, 0x0, 0x1f, 0x80, 0xf,
    0xff, 0x1, 0xe0, 0x78, 0x38, 0x1, 0xc3, 0x0,
    0xc, 0x60, 0x0, 0x66, 0x0, 0x6, 0xe0, 0x0,
    0x7c, 0x0, 0x3, 0xc0, 0x0, 0x3c, 0x0, 0x3,
    0xc0, 0x0, 0x3c, 0x0, 0x3, 0xc0, 0x0, 0x3c,
    0x0, 0x7, 0x60, 0x0, 0x66, 0x0, 0x6, 0x30,
    0x0, 0xc3, 0x80, 0x1c, 0x1e, 0x7, 0x80, 0xff,
    0xf0, 0x1, 0xf8, 0x0,

    /* U+00D7 "×" */
    0x60, 0x19, 0xc0, 0xe3, 0x87, 0x7, 0x38, 0xf,
    0xc0, 0x1e, 0x0, 0x78, 0x3, 0xf0, 0x1c, 0xe0,
    0xe1, 0xc7, 0x3, 0x98, 0x6, 0x0, 0x0,

    /* U+00D8 "Ø" */
    0x0, 0x0, 0x8, 0x0, 0x0, 0x70, 0xf, 0xe3,
    0x81, 0xff, 0xfc, 0xf, 0x3, 0xf0, 0x70, 0x3,
    0x81, 0x80, 0x1f, 0xc, 0x0, 0xec, 0x30, 0x7,
    0x31, 0x80, 0x18, 0xe6, 0x0, 0xc1, 0x98, 0x7,
    0x6, 0x60, 0x38, 0x19, 0x81, 0xc0, 0x66, 0xe,
    0x1, 0x98, 0x30, 0x6, 0x61, 0x80, 0x38, 0xce,
    0x0, 0xc3, 0x70, 0x3, 0xf, 0x80, 0x18, 0x1c,
    0x0, 0xe0, 0x7c, 0xf, 0x3, 0xff, 0xf8, 0x1c,
    0x7f, 0x0, 0xe0, 0x0, 0x1, 0x0, 0x0, 0x0,

    /* U+00D9 "Ù" */
    0x2, 0x0, 0x7, 0x0, 0x3, 0x80, 0x1, 0xc0,
    0x0, 0xc0, 0x0, 0x0, 0xc0, 0x3, 0xc0, 0x3,
    0xc0, 0x3, 0xc0, 0x3, 0xc0, 0x3, 0xc0, 0x3,
    0xc0, 0x3, 0xc0, 0x3, 0xc0, 0x3, 0xc0, 0x3,
    0xc0, 0x3, 0xc0, 0x3, 0xc0, 0x3, 0xc0, 0x3,
    0xc0, 0x3, 0xc0, 0x3, 0xe0, 0x7, 0x60, 0x6,
    0x70, 0xe, 0x38, 0x1c, 0x1f, 0xf8, 0x7, 0xe0,

    /* U+00DA "Ú" */
    0x0, 0x40, 0x0, 0xe0, 0x1, 0xc0, 0x3, 0x80,
    0x1, 0x0, 0x0, 0x0, 0xc0, 0x3, 0xc0, 0x3,
    0xc0, 0x3, 0xc0, 0x3, 0xc0, 0x3, 0xc0, 0x3,
    0xc0, 0x3, 0xc0, 0x3, 0xc0, 0x3, 0xc0, 0x3,
    0xc0, 0x3, 0xc0, 0x3, 0xc0, 0x3, 0xc0, 0x3,
    0xc0, 0x3, 0xc0, 0x3, 0xe0, 0x7, 0x60, 0x6,
    0x70, 0xe, 0x38, 0x1c, 0x1f, 0xf8, 0x7, 0xe0,

    /* U+00DB "Û" */
    0x1, 0x80, 0x3, 0xc0, 0x7, 0xe0, 0xe, 0x70,
    0x4, 0x30, 0x0, 0x0, 0xc0, 0x3, 0xc0, 0x3,
    0xc0, 0x3, 0xc0, 0x3, 0xc0, 0x3, 0xc0, 0x3,
    0xc0, 0x3, 0xc0, 0x3, 0xc0, 0x3, 0xc0, 0x3,
    0xc0, 0x3, 0xc0, 0x3, 0xc0, 0x3, 0xc0, 0x3,
    0xc0, 0x3, 0xc0, 0x3, 0xe0, 0x7, 0x60, 0x6,
    0x70, 0xe, 0x38, 0x1c, 0x1f, 0xf8, 0x7, 0xe0,

    /* U+00DC "Ü" */
    0xe, 0x38, 0xe, 0x38, 0xe, 0x38, 0x0, 0x0,
    0x0, 0x0, 0xc0, 0x3, 0xc0, 0x3, 0xc0, 0x3,
    0xc0, 0x3, 0xc0, 0x3, 0xc0, 0x3, 0xc0, 0x3,
    0xc0, 0x3, 0xc0, 0x3, 0xc0, 0x3, 0xc0, 0x3,
    0xc0, 0x3, 0xc0, 0x3, 0xc0, 0x3, 0xc0, 0x3,
    0xc0, 0x3, 0xe0, 0x7, 0x60, 0x6, 0x70, 0xe,
    0x38, 0x1c, 0x1f, 0xf8, 0x7, 0xe0,

    /* U+00DD "Ý" */
    0x0, 0x20, 0x0, 0x1c, 0x0, 0xe, 0x0, 0x7,
    0x0, 0x0, 0x80, 0x0, 0x0, 0x6, 0x0, 0x19,
    0xc0, 0xe, 0x30, 0x3, 0xe, 0x1, 0xc1, 0x80,
    0xe0, 0x30, 0x30, 0xe, 0x1c, 0x1, 0x86, 0x0,
    0x73, 0x80, 0xc, 0xc0, 0x3, 0xf0, 0x0, 0x78,
    0x0, 0xc, 0x0, 0x3, 0x0, 0x0, 0xc0, 0x0,
    0x30, 0x0, 0xc, 0x0, 0x3, 0x0, 0x0, 0xc0,
    0x0, 0x30, 0x0, 0xc, 0x0, 0x3, 0x0,

    /* U+00DE "Þ" */
    0xc0, 0x1, 0x80, 0x3, 0x0, 0x6, 0x0, 0xf,
    0xfc, 0x1f, 0xff, 0x30, 0xf, 0x60, 0x6, 0xc0,
    0x7, 0x80, 0xf, 0x0, 0x1e, 0x0, 0x3c, 0x0,
    0x78, 0x1, 0xb0, 0xf, 0x7f, 0xfc, 0xff, 0xe1,
    0x80, 0x3, 0x0, 0x6, 0x0, 0xc, 0x0, 0x18,
    0x0, 0x0,

    /* U+00DF "ß" */
    0x1f, 0x80, 0xff, 0x87, 0xe, 0x38, 0x1c, 0xc0,
    0x33, 0x0, 0xcc, 0x3, 0x30, 0x1c, 0xc0, 0xe3,
    0x1f, 0xc, 0x7e, 0x30, 0x1c, 0xc0, 0x1b, 0x0,
    0x3c, 0x0, 0xf0, 0x3, 0xc0, 0xf, 0x0, 0x3c,
    0x1, 0xb0, 0xe, 0xcf, 0xf3, 0x3f, 0x0,

    /* U+00E0 "à" */
    0x18, 0x1, 0xc0, 0xe, 0x0, 0x60, 0x2, 0x0,
    0x0, 0xf, 0x83, 0xfc, 0x70, 0xe2, 0x7, 0x0,
    0x30, 0x3, 0xf, 0xf3, 0xff, 0x70, 0x3e, 0x3,
    0xc0, 0x3c, 0x7, 0xc0, 0x7e, 0x1f, 0x7f, 0xb1,
    0xe3,

    /* U+00E1 "á" */
    0x1, 0x80, 0x1c, 0x3, 0x80, 0x70, 0x6, 0x0,
    0x0, 0xf, 0x83, 0xfc, 0x70, 0xe2, 0x7, 0x0,
    0x30, 0x3, 0xf, 0xf3, 0xff, 0x70, 0x3e, 0x3,
    0xc0, 0x3c, 0x7, 0xc0, 0x7e, 0x1f, 0x7f, 0xb1,
    0xe3,

    /* U+00E2 "â" */
    0x7, 0x0, 0xf0, 0xd, 0x81, 0x8c, 0x10, 0x40,
    0x0, 0xf, 0x83, 0xfc, 0x70, 0xe2, 0x7, 0x0,
    0x30, 0x3, 0xf, 0xf3, 0xff, 0x70, 0x3e, 0x3,
    0xc0, 0x3c, 0x7, 0xc0, 0x7e, 0x1f, 0x7f, 0xb1,
    0xe3,

    /* U+00E3 "ã" */
    0x1e, 0x61, 0xfc, 0x33, 0x80, 0x0, 0x0, 0x0,
    0xf8, 0x3f, 0xc7, 0xe, 0x20, 0x70, 0x3, 0x0,
    0x30, 0xff, 0x3f, 0xf7, 0x3, 0xe0, 0x3c, 0x3,
    0xc0, 0x7c, 0x7, 0xe1, 0xf7, 0xfb, 0x1e, 0x30,

    /* U+00E4 "ä" */
    0x38, 0xe3, 0x8e, 0x38, 0xe0, 0x0, 0x0, 0x0,
    0xf8, 0x3f, 0xc7, 0xe, 0x20, 0x70, 0x3, 0x0,
    0x30, 0xff, 0x3f, 0xf7, 0x3, 0xe0, 0x3c, 0x3,
    0xc0, 0x7c, 0x7, 0xe1, 0xf7, 0xfb, 0x1e, 0x30,

    /* U+00E5 "å" */
    0x7, 0x0, 0xf8, 0x18, 0xc1, 0x8c, 0x18, 0xc0,
    0xf8, 0x7, 0x0, 0x0, 0xf, 0x83, 0xfc, 0x70,
    0xe0, 0x3, 0x0, 0x30, 0x3, 0xf, 0xf3, 0xff,
    0x70, 0x3e, 0x3, 0xc0, 0x3c, 0x7, 0xc0, 0x7e,
    0x1f, 0x7f, 0xb1, 0xe3,

    /* U+00E6 "æ" */
    0xf, 0xc1, 0xf0, 0x3f, 0xe7, 0xfc, 0x70, 0x76,
    0xe, 0x20, 0x3c, 0x6, 0x0, 0x18, 0x3, 0x0,
    0x18, 0x3, 0xf, 0xff, 0xff, 0x3f, 0xff, 0xff,
    0x70, 0x18, 0x0, 0xe0, 0x18, 0x0, 0xc0, 0x18,
    0x0, 0xc0, 0x3c, 0x0, 0xc0, 0x3c, 0x7, 0x60,
    0xe7, 0xe, 0x7f, 0xc3, 0xfc, 0x1f, 0x81, 0xf8,

    /* U+00E7 "ç" */
    0x7, 0xc0, 0x7f, 0xc3, 0x83, 0x9c, 0x6, 0x60,
    0x3, 0x0, 0xc, 0x0, 0x30, 0x0, 0xc0, 0x3,
    0x0, 0xc, 0x0, 0x18, 0x0, 0x70, 0x18, 0xe0,
    0xe1, 0xff, 0x3, 0xf8, 0x3, 0x0, 0xf, 0x0,
    0x3e, 0x0, 0x18, 0x3, 0xe0, 0xf, 0x0,

    /* U+00E8 "è" */
    0xc, 0x0, 0x38, 0x0, 0x60, 0x0, 0xc0, 0x1,
    0x0, 0x0, 0x0, 0xfc, 0x7, 0xfc, 0x38, 0x39,
    0x80, 0x64, 0x0, 0xf0, 0x3, 0xff, 0xff, 0xff,
    0xfc, 0x0, 0x30, 0x0, 0xc0, 0x1, 0x80, 0x7,
    0x1, 0xce, 0xe, 0x1f, 0xf0, 0x1f, 0x0,

    /* U+00E9 "é" */
    0x0, 0xc0, 0x3, 0x80, 0x18, 0x0, 0xc0, 0x2,
    0x0, 0x0, 0x0, 0xfc, 0x7, 0xfc, 0x38, 0x39,
    0x80, 0x64, 0x0, 0xf0, 0x3, 0xff, 0xff, 0xff,
    0xfc, 0x0, 0x30, 0x0, 0xc0, 0x1, 0x80, 0x7,
    0x1, 0xce, 0xe, 0x1f, 0xf0, 0x1f, 0x0,

    /* U+00EA "ê" */
    0x3, 0x80, 0x1e, 0x0, 0xec, 0x7, 0x18, 0x18,
    0x20, 0x0, 0x0, 0xfc, 0x7, 0xfc, 0x38, 0x39,
    0x80, 0x64, 0x0, 0xf0, 0x3, 0xff, 0xff, 0xff,
    0xfc, 0x0, 0x30, 0x0, 0xc0, 0x1, 0x80, 0x7,
    0x1, 0xce, 0xe, 0x1f, 0xf0, 0x1f, 0x0,

    /* U+00EB "ë" */
    0x1c, 0x70, 0x71, 0xc1, 0xc7, 0x0, 0x0, 0x0,
    0x0, 0x3f, 0x1, 0xff, 0xe, 0xe, 0x60, 0x19,
    0x0, 0x3c, 0x0, 0xff, 0xff, 0xff, 0xff, 0x0,
    0xc, 0x0, 0x30, 0x0, 0x60, 0x1, 0xc0, 0x73,
    0x83, 0x87, 0xfc, 0x7, 0xc0,

    /* U+00EC "ì" */
    0x23, 0x1c, 0x71, 0x80, 0x3, 0x18, 0xc6, 0x31,
    0x8c, 0x63, 0x18, 0xc6, 0x31, 0x8c, 0x60,

    /* U+00ED "í" */
    0x21, 0xdd, 0xcc, 0x0, 0x18, 0xc6, 0x31, 0x8c,
    0x63, 0x18, 0xc6, 0x31, 0x8c, 0x63, 0x0,

    /* U+00EE "î" */
    0x18, 0x3c, 0x66, 0xc3, 0x0, 0x0, 0x18, 0x18,
    0x18, 0x18, 0x18, 0x18, 0x18, 0x18, 0x18, 0x18,
    0x18, 0x18, 0x18, 0x18, 0x18, 0x18,

    /* U+00EF "ï" */
    0xe3, 0xf1, 0xf8, 0xe0, 0x0, 0x0, 0xc0, 0x60,
    0x30, 0x18, 0xc, 0x6, 0x3, 0x1, 0x80, 0xc0,
    0x60, 0x30, 0x18, 0xc, 0x6, 0x3, 0x1, 0x80,

    /* U+00F0 "ð" */
    0x0, 0x0, 0x18, 0x0, 0x73, 0x80, 0xfe, 0x7,
    0xe0, 0xfd, 0x83, 0xc7, 0x0, 0xc, 0xf, 0x98,
    0xff, 0xe7, 0x87, 0x98, 0xf, 0xe0, 0x1f, 0x0,
    0x3c, 0x0, 0xf0, 0x3, 0xc0, 0xf, 0x0, 0x3e,
    0x1, 0x98, 0x6, 0x38, 0x70, 0xff, 0x80, 0xfc,
    0x0,

    /* U+00F1 "ñ" */
    0xc, 0x60, 0xf3, 0xc, 0xf0, 0x23, 0x80, 0x0,
    0x63, 0xe3, 0x7f, 0x9f, 0xe, 0xe0, 0x3e, 0x0,
    0xf0, 0x7, 0x80, 0x3c, 0x1, 0xe0, 0xf, 0x0,
    0x78, 0x3, 0xc0, 0x1e, 0x0, 0xf0, 0x7, 0x80,
    0x3c, 0x1, 0x80,

    /* U+00F2 "ò" */
    0x0, 0x0, 0x30, 0x0, 0xe0, 0x1, 0x80, 0x3,
    0x0, 0x4, 0x0, 0x0, 0x3, 0xf0, 0x1f, 0xe0,
    0xe1, 0xc6, 0x3, 0x98, 0x6, 0xc0, 0xf, 0x0,
    0x3c, 0x0, 0xf0, 0x3, 0xc0, 0xf, 0x0, 0x36,
    0x1, 0x98, 0xe, 0x38, 0x70, 0x7f, 0x80, 0xfc,
    0x0,

    /* U+00F3 "ó" */
    0x0, 0x0, 0x3, 0x0, 0x1c, 0x0, 0x60, 0x3,
    0x0, 0x8, 0x0, 0x0, 0x3, 0xf0, 0x1f, 0xe0,
    0xe1, 0xc6, 0x3, 0x98, 0x6, 0xc0, 0xf, 0x0,
    0x3c, 0x0, 0xf0, 0x3, 0xc0, 0xf, 0x0, 0x36,
    0x1, 0x98, 0xe, 0x38, 0x70, 0x7f, 0x80, 0xfc,
    0x0,

    /* U+00F4 "ô" */
    0x3, 0x0, 0x1e, 0x0, 0xfc, 0x7, 0x38, 0x18,
    0x60, 0x0, 0x0, 0xfc, 0x7, 0xf8, 0x38, 0x71,
    0x80, 0xe6, 0x1, 0xb0, 0x3, 0xc0, 0xf, 0x0,
    0x3c, 0x0, 0xf0, 0x3, 0xc0, 0xd, 0x80, 0x66,
    0x3, 0x8e, 0x1c, 0x1f, 0xe0, 0x3f, 0x0,

    /* U+00F5 "õ" */
    0xe, 0x20, 0x7f, 0x81, 0x9c, 0x0, 0x0, 0x0,
    0x0, 0x3f, 0x1, 0xfe, 0xe, 0x1c, 0x60, 0x39,
    0x80, 0x6c, 0x0, 0xf0, 0x3, 0xc0, 0xf, 0x0,
    0x3c, 0x0, 0xf0, 0x3, 0x60, 0x19, 0x80, 0xe3,
    0x87, 0x7, 0xf8, 0xf, 0xc0,

    /* U+00F6 "ö" */
    0x1c, 0x70, 0x71, 0xc1, 0xc7, 0x0, 0x0, 0x0,
    0x0, 0x3f, 0x1, 0xfe, 0xe, 0x1c, 0x60, 0x39,
    0x80, 0x6c, 0x0, 0xf0, 0x3, 0xc0, 0xf, 0x0,
    0x3c, 0x0, 0xf0, 0x3, 0x60, 0x19, 0x80, 0xe3,
    0x87, 0x7, 0xf8, 0xf, 0xc0,

    /* U+00F7 "÷" */
    0x3, 0x0, 0xc, 0x0, 0x0, 0x0, 0x0, 0x0,
    0x3, 0xff, 0xff, 0xff, 0xc0, 0x0, 0x0, 0x0,
    0x0, 0x0, 0x0, 0x0, 0xc0, 0x3, 0x0,

    /* U+00F8 "ø" */
    0x0, 0x2, 0x7, 0xe6, 0xf, 0xfe, 0x1c, 0x3c,
    0x38, 0x3c, 0x30, 0x3c, 0x60, 0x76, 0x60, 0xe6,
    0x61, 0xc6, 0x63, 0x86, 0x67, 0x6, 0x66, 0x6,
    0x7e, 0xc, 0x3c, 0x1c, 0x3c, 0x38, 0x7f, 0xf0,
    0x67, 0xe0, 0x40, 0x0,

    /* U+00F9 "ù" */
    0x8, 0x0, 0xe0, 0x3, 0x80, 0xc, 0x0, 0x30,
    0x0, 0x0, 0x0, 0x18, 0x3, 0xc0, 0x1e, 0x0,
    0xf0, 0x7, 0x80, 0x3c, 0x1, 0xe0, 0xf, 0x0,
    0x78, 0x3, 0xc0, 0x1e, 0x0, 0xf0, 0xf, 0xc0,
    0x77, 0xf, 0x9f, 0xec, 0x7c, 0x60,

    /* U+00FA "ú" */
    0x0, 0x80, 0xe, 0x0, 0x60, 0x6, 0x0, 0x60,
    0x0, 0x0, 0x0, 0x18, 0x3, 0xc0, 0x1e, 0x0,
    0xf0, 0x7, 0x80, 0x3c, 0x1, 0xe0, 0xf, 0x0,
    0x78, 0x3, 0xc0, 0x1e, 0x0, 0xf0, 0xf, 0xc0,
    0x77, 0xf, 0x9f, 0xec, 0x7c, 0x60,

    /* U+00FB "û" */
    0x7, 0x0, 0x7c, 0x7, 0x70, 0x31, 0xc1, 0x4,
    0x0, 0x3, 0x0, 0x78, 0x3, 0xc0, 0x1e, 0x0,
    0xf0, 0x7, 0x80, 0x3c, 0x1, 0xe0, 0xf, 0x0,
    0x78, 0x3, 0xc0, 0x1e, 0x1, 0xf8, 0xe, 0xe1,
    0xf3, 0xfd, 0x8f, 0x8c,

    /* U+00FC "ü" */
    0x38, 0xe1, 0xc7, 0xe, 0x38, 0x0, 0x0, 0x0,
    0x60, 0xf, 0x0, 0x78, 0x3, 0xc0, 0x1e, 0x0,
    0xf0, 0x7, 0x80, 0x3c, 0x1, 0xe0, 0xf, 0x0,
    0x78, 0x3, 0xc0, 0x3f, 0x1, 0xdc, 0x3e, 0x7f,
    0xb1, 0xf1, 0x80,

    /* U+00FD "ý" */
    0x0, 0x40, 0x1, 0xc0, 0x3, 0x0, 0xc, 0x0,
    0x30, 0x0, 0x0, 0x0, 0x0, 0x70, 0x7, 0x60,
    0xc, 0xe0, 0x19, 0xc0, 0x71, 0x80, 0xc3, 0x83,
    0x83, 0x6, 0x6, 0xc, 0xe, 0x38, 0xc, 0x60,
    0x1c, 0xc0, 0x1b, 0x0, 0x36, 0x0, 0x7c, 0x0,
    0x70, 0x0, 0xe0, 0x1, 0x80, 0x3, 0x0, 0xe,
    0x0, 0x18, 0x0, 0x70, 0x0, 0xc0, 0x0,

    /* U+00FE "þ" */
    0xc0, 0x3, 0x0, 0xc, 0x0, 0x30, 0x0, 0xc0,
    0x3, 0x0, 0xc, 0x7c, 0x37, 0xf8, 0xf8, 0x73,
    0xc0, 0xee, 0x1, 0xb0, 0x3, 0xc0, 0xf, 0x0,
    0x3c, 0x0, 0xf0, 0x3, 0xc0, 0xf, 0x80, 0x6f,
    0x3, 0xbe, 0x1c, 0xdf, 0xe3, 0x1f, 0xc, 0x0,
    0x30, 0x0, 0xc0, 0x3, 0x0, 0xc, 0x0, 0x30,
    0x0,

    /* U+00FF "ÿ" */
    0x1c, 0x70, 0x38, 0xe0, 0x71, 0xc0, 0x0, 0x0,
    0x0, 0x1c, 0x1, 0xd8, 0x3, 0x30, 0x6, 0x70,
    0x1c, 0x60, 0x30, 0xe0, 0xe0, 0xc1, 0x81, 0x83,
    0x3, 0x8c, 0x3, 0x18, 0x6, 0x70, 0xe, 0xc0,
    0xd, 0x80, 0x1e, 0x0, 0x1c, 0x0, 0x38, 0x0,
    0x60, 0x1, 0xc0, 0x3, 0x0, 0x6, 0x0, 0x1c,
    0x0, 0x30, 0x0,

    /* U+0250 "ɐ" */
    0xc7, 0xc6, 0xff, 0xbe, 0xf, 0xc0, 0x3c, 0x1,
    0xe0, 0x1f, 0x1, 0xdf, 0xfc, 0xff, 0x86, 0x0,
    0x30, 0x1, 0x80, 0xe, 0x2, 0x38, 0x38, 0xff,
    0x83, 0xf0,

    /* U+0251 "ɑ" */
    0xf, 0x8c, 0x7f, 0xb3, 0x87, 0xdc, 0xf, 0x60,
    0x1f, 0x0, 0x3c, 0x0, 0xf0, 0x3, 0xc0, 0xf,
    0x0, 0x3c, 0x0, 0xd8, 0x7, 0x70, 0x3c, 0xe1,
    0xf1, 0xfe, 0xc3, 0xe3,

    /* U+0252 "ɒ" */
    0xc7, 0xc3, 0x7f, 0x8f, 0x87, 0x3c, 0xe, 0xe0,
    0x1b, 0x0, 0x3c, 0x0, 0xf0, 0x3, 0xc0, 0xf,
    0x0, 0x3c, 0x0, 0xf8, 0x6, 0xf0, 0x3b, 0xe1,
    0xcd, 0xfe, 0x31, 0xf0,

    /* U+0253 "ɓ" */
    0x78, 0x3, 0xe0, 0xc, 0x0, 0x30, 0x0, 0xc0,
    0x3, 0x0, 0xc, 0x7c, 0x37, 0xf8, 0xf8, 0x73,
    0xc0, 0xee, 0x1, 0xb0, 0x3, 0xc0, 0xf, 0x0,
    0x3c, 0x0, 0xf0, 0x3, 0xc0, 0xf, 0x80, 0x6f,
    0x3, 0xbe, 0x1c, 0xdf, 0xe3, 0x1f, 0x0,

    /* U+0254 "ɔ" */
    0x1f, 0x3, 0xfe, 0x3c, 0x38, 0x80, 0xe0, 0x3,
    0x0, 0xc, 0x0, 0x60, 0x3, 0x0, 0x18, 0x0,
    0xc0, 0x6, 0x0, 0x64, 0x7, 0x78, 0x70, 0xff,
    0x3, 0xf0,

    /* U+0255 "ɕ" */
    0x7, 0xc0, 0xff, 0x8e, 0x1e, 0xe0, 0x36, 0x0,
    0x60, 0x3, 0x0, 0x18, 0x0, 0xc3, 0xe6, 0x7f,
    0xbf, 0x8e, 0xf0, 0x37, 0x1, 0x9c, 0x1d, 0xff,
    0xcc, 0xf8, 0x60, 0x3, 0x0, 0x0,

    /* U+0256 "ɖ" */
    0x0, 0xc, 0x0, 0x6, 0x0, 0x3, 0x0, 0x1,
    0x80, 0x0, 0xc0, 0x0, 0x60, 0x3e, 0x30, 0x3f,
    0xd8, 0x38, 0x7c, 0x38, 0x1e, 0x18, 0x7, 0x18,
    0x1, 0x8c, 0x0, 0xc6, 0x0, 0x63, 0x0, 0x31,
    0x80, 0x18, 0xc0, 0xc, 0x30, 0xe, 0x1c, 0xf,
    0x7, 0xf, 0x81, 0xfe, 0xc0, 0x7c, 0x60, 0x0,
    0x30, 0x0, 0x18, 0x0, 0xc, 0x0, 0x6, 0x0,
    0x3, 0xe0, 0x0, 0x70,

    /* U+0257 "ɗ" */
    0x0, 0x7, 0x80, 0x7, 0xc0, 0x3, 0x0, 0x1,
    0x80, 0x0, 0xc0, 0x0, 0x60, 0x3e, 0x30, 0x3f,
    0xd8, 0x38, 0x7c, 0x38, 0x1e, 0x18, 0x7, 0x18,
    0x1, 0x8c, 0x0, 0xc6, 0x0, 0x63, 0x0, 0x31,
    0x80, 0x18, 0xc0, 0xc, 0x30, 0xe, 0x1c, 0xf,
    0x7, 0xf, 0x81, 0xfe, 0xc0, 0x7c, 0x60,

    /* U+0258 "ɘ" */
    0xf, 0xc0, 0xff, 0x87, 0x7, 0x18, 0x6, 0xc0,
    0xb, 0x0, 0x3f, 0xff, 0xff, 0xff, 0x0, 0xc,
    0x0, 0x30, 0x0, 0xc0, 0x6, 0xe0, 0x39, 0xc1,
    0xc3, 0xfe, 0x3, 0xf0,

    /* U+0259 "ə" */
    0xf, 0x80, 0xff, 0x87, 0x7, 0x10, 0x6, 0x0,
    0x18, 0x0, 0x30, 0x0, 0xff, 0xff, 0xff, 0xff,
    0x0, 0x3c, 0x0, 0xf0, 0x6, 0x60, 0x19, 0xc1,
    0xc3, 0xfe, 0x3, 0xf0,

    /* U+025A "ɚ" */
    0xf, 0x80, 0x7, 0xfc, 0x1, 0xc1, 0xc0, 0x30,
    0x1c, 0x0, 0x1, 0x80, 0x0, 0x1a, 0x0, 0x3f,
    0xc3, 0xff, 0xfc, 0xff, 0xd, 0xf8, 0x1, 0x9f,
    0x0, 0x30, 0x60, 0xc, 0x6, 0x1, 0x80, 0xe0,
    0xe0, 0xf, 0xf8, 0x0, 0x7e, 0x0,

    /* U+025B "ɛ" */
    0x1f, 0xc3, 0xff, 0xb8, 0x1f, 0x80, 0x2c, 0x0,
    0x60, 0x1, 0xc0, 0x7, 0xf8, 0x3f, 0xc3, 0x80,
    0x30, 0x1, 0x80, 0xc, 0x1, 0x70, 0x3d, 0xff,
    0xc3, 0xf8,

    /* U+025C "ɜ" */
    0x1f, 0x81, 0xff, 0x1c, 0x1c, 0xc0, 0x60, 0x3,
    0x0, 0x18, 0x1, 0x81, 0xf8, 0xf, 0xe0, 0x3,
    0x80, 0x6, 0x0, 0x34, 0x1, 0xf8, 0x3d, 0xff,
    0xc1, 0xf8,

    /* U+025D "ɝ" */
    0x1f, 0xc0, 0x1f, 0xf0, 0x3c, 0x1c, 0x0, 0x7,
    0x80, 0x3, 0xe0, 0x1, 0xbc, 0x1, 0x8e, 0x1f,
    0x0, 0xf, 0xe0, 0x0, 0x38, 0x0, 0x6, 0x0,
    0x3, 0x4, 0x1, 0x87, 0x83, 0x81, 0xff, 0xc0,
    0x1f, 0x80,

    /* U+025E "ɞ" */
    0xf, 0xc0, 0x7f, 0xc3, 0x83, 0x9c, 0x6, 0x60,
    0x1b, 0x0, 0x6c, 0x3, 0x30, 0xf8, 0xc3, 0xf3,
    0x0, 0xec, 0x0, 0xd8, 0x3, 0x70, 0xc, 0xe0,
    0xe1, 0xff, 0x81, 0xf8,

    /* U+025F "ɟ" */
    0x6, 0x3, 0x1, 0x80, 0xc0, 0x60, 0x30, 0x18,
    0xc, 0x6, 0x3, 0x1, 0x80, 0xc7, 0xfb, 0xfc,
    0x18, 0xc, 0x6, 0x3, 0x1, 0x81, 0xcf, 0xc7,
    0xc0,

    /* U+0260 "ɠ" */
    0x0, 0x7, 0x80, 0x7, 0xc0, 0x3, 0x0, 0x1,
    0x80, 0x0, 0xc0, 0x0, 0x60, 0x3e, 0x30, 0x3f,
    0xd8, 0x38, 0x7c, 0x38, 0x1e, 0x18, 0x7, 0x18,
    0x1, 0x8c, 0x0, 0xc6, 0x0, 0x63, 0x0, 0x31,
    0x80, 0x18, 0xc0, 0xc, 0x30, 0xe, 0x1c, 0x7,
    0x7, 0xf, 0x81, 0xfe, 0xc0, 0x7c, 0x60, 0x0,
    0x30, 0x0, 0x18, 0x60, 0x18, 0x38, 0x3c, 0xf,
    0xfc, 0x1, 0xf8, 0x0,

    /* U+0261 "ɡ" */
    0xf, 0x8c, 0x7f, 0xb3, 0x87, 0xdc, 0xf, 0x60,
    0x1f, 0x0, 0x3c, 0x0, 0xf0, 0x3, 0xc0, 0xf,
    0x0, 0x3c, 0x0, 0xd8, 0x7, 0x70, 0x1c, 0xe1,
    0xf1, 0xfe, 0xc3, 0xe3, 0x0, 0xc, 0x0, 0x36,
    0x1, 0x9c, 0x1e, 0x3f, 0xf0, 0x3f, 0x0,

    /* U+0262 "ɢ" */
    0xf, 0xc0, 0xff, 0x8e, 0x1e, 0xe0, 0x26, 0x0,
    0x60, 0x3, 0x0, 0x18, 0x3f, 0xc1, 0xfe, 0x0,
    0xf0, 0x6, 0xc0, 0x37, 0x1, 0x9c, 0x1c, 0x7f,
    0xc1, 0xf8,

    /* U+0263 "ɣ" */
    0xc0, 0xf, 0x80, 0x76, 0x1, 0x9c, 0xe, 0x30,
    0x30, 0xc0, 0xc3, 0x86, 0x6, 0x18, 0x1c, 0xe0,
    0x33, 0x0, 0xcc, 0x3, 0xe0, 0x7, 0x80, 0x1e,
    0x0, 0x30, 0x1, 0xe0, 0x7, 0x80, 0x33, 0x0,
    0xcc, 0x3, 0x30, 0xf, 0xc0, 0x1e, 0x0,

    /* U+0264 "ɤ" */
    0x78, 0x1e, 0xfc, 0x3f, 0x8c, 0x31, 0xe, 0x70,
    0x6, 0x60, 0x7, 0xe0, 0x3, 0xc0, 0x3, 0xc0,
    0x1, 0x80, 0x3, 0xc0, 0x3, 0xc0, 0x7, 0xe0,
    0x6, 0x60, 0x6, 0x60, 0x7, 0xe0, 0x3, 0xc0,

    /* U+0265 "ɥ" */
    0xc0, 0x1e, 0x0, 0xf0, 0x7, 0x80, 0x3c, 0x1,
    0xe0, 0xf, 0x0, 0x78, 0x3, 0xc0, 0x1e, 0x0,
    0xf0, 0x7, 0x80, 0x7e, 0x3, 0xb8, 0x7c, 0xff,
    0x63, 0xe3, 0x0, 0x18, 0x0, 0xc0, 0x6, 0x0,
    0x30, 0x1, 0x80, 0xc,

    /* U+0266 "ɦ" */
    0x78, 0x7, 0xc0, 0x30, 0x1, 0x80, 0xc, 0x0,
    0x60, 0x3, 0x1f, 0x1b, 0xfc, 0xf8, 0x77, 0x1,
    0xf8, 0x7, 0x80, 0x3c, 0x1, 0xe0, 0xf, 0x0,
    0x78, 0x3, 0xc0, 0x1e, 0x0, 0xf0, 0x7, 0x80,
    0x3c, 0x1, 0xe0, 0xc,

    /* U+0267 "ɧ" */
    0x78, 0x7, 0xc0, 0x30, 0x1, 0x80, 0xc, 0x0,
    0x60, 0x3, 0x1f, 0x1b, 0xfc, 0xf8, 0x77, 0x1,
    0xf8, 0x7, 0x80, 0x3c, 0x1, 0xe0, 0xf, 0x0,
    0x78, 0x3, 0xc0, 0x1e, 0x0, 0xf0, 0x7, 0x80,
    0x3c, 0x1, 0xe0, 0xc, 0x0, 0x60, 0x3, 0x0,
    0x18, 0x0, 0xc0, 0xe, 0x3, 0xe0, 0x1e, 0x0,

    /* U+0268 "ɨ" */
    0x1c, 0xe, 0x7, 0x0, 0x0, 0x0, 0x0, 0x60,
    0x30, 0x18, 0xc, 0x6, 0x3, 0x1, 0x87, 0xff,
    0xfe, 0x30, 0x18, 0xc, 0x6, 0x3, 0x1, 0x80,
    0xc0,

    /* U+026A "ɪ" */
    0xff, 0xff, 0xc3, 0x1, 0x80, 0xc0, 0x60, 0x30,
    0x18, 0xc, 0x6, 0x3, 0x1, 0x80, 0xc0, 0x63,
    0xff, 0xff,

    /* U+026B "ɫ" */
    0xc, 0x3, 0x0, 0xc0, 0x30, 0xc, 0x3, 0x0,
    0xc0, 0x30, 0x3c, 0x5f, 0x3c, 0xf9, 0x3e, 0xc,
    0x3, 0x0, 0xc0, 0x30, 0xc, 0x3, 0x0, 0xc0,
    0x30, 0xf, 0x81, 0xe0,

    /* U+026C "ɬ" */
    0x6, 0x1, 0x80, 0x60, 0x18, 0x6, 0x1, 0x80,
    0x60, 0xf8, 0x7e, 0x39, 0x8c, 0x63, 0x98, 0x7f,
    0xcf, 0xf0, 0x60, 0x18, 0x6, 0x1, 0x80, 0x60,
    0x18, 0x7, 0xc0, 0xf0,

    /* U+026D "ɭ" */
    0xc1, 0x83, 0x6, 0xc, 0x18, 0x30, 0x60, 0xc1,
    0x83, 0x6, 0xc, 0x18, 0x30, 0x60, 0xc1, 0x83,
    0x6, 0xc, 0x18, 0x30, 0x60, 0xc1, 0x83, 0x83,
    0xf3, 0xe0,

    /* U+026E "ɮ" */
    0xc0, 0x0, 0xc0, 0x0, 0xc0, 0x0, 0xc0, 0x0,
    0xc0, 0x0, 0xc0, 0x0, 0xff, 0xfe, 0xff, 0xfe,
    0xc0, 0xe, 0xc0, 0x1c, 0xc0, 0x38, 0xc0, 0x70,
    0xc0, 0xe0, 0xc0, 0xc0, 0xc1, 0x80, 0xc3, 0xf0,
    0xc3, 0xfc, 0xc0, 0x1e, 0xc0, 0x6, 0xc0, 0x3,
    0xf0, 0x3, 0x70, 0x3, 0x0, 0x3, 0x0, 0x3,
    0x18, 0x6, 0x1e, 0xe, 0xf, 0xfc, 0x3, 0xf0,

    /* U+026F "ɯ" */
    0xc0, 0x30, 0xf, 0x0, 0xc0, 0x3c, 0x3, 0x0,
    0xf0, 0xc, 0x3, 0xc0, 0x30, 0xf, 0x0, 0xc0,
    0x3c, 0x3, 0x0, 0xf0, 0xc, 0x3, 0xc0, 0x30,
    0xf, 0x0, 0xc0, 0x3c, 0x3, 0x0, 0xf0, 0xc,
    0x3, 0xe0, 0x78, 0x1d, 0xc3, 0x70, 0xf3, 0xf8,
    0xfe, 0xc7, 0xc1, 0xf3,

    /* U+0270 "ɰ" */
    0xcf, 0x83, 0xe3, 0x7f, 0x1f, 0xcf, 0xe, 0xc3,
    0xb8, 0x1e, 0x7, 0xc0, 0x30, 0xf, 0x0, 0xc0,
    0x3c, 0x3, 0x0, 0xf0, 0xc, 0x3, 0xc0, 0x30,
    0xf, 0x0, 0xc0, 0x3c, 0x3, 0x0, 0xf0, 0xc,
    0x3, 0xc0, 0x30, 0xf, 0x0, 0xc0, 0x3c, 0x3,
    0x0, 0xf0, 0xc, 0x3, 0x0, 0x0, 0xc, 0x0,
    0x0, 0x30, 0x0, 0x0, 0xc0, 0x0, 0x3, 0x0,
    0x0, 0xc, 0x0, 0x0, 0x30,

    /* U+0271 "ɱ" */
    0xcf, 0x83, 0xe3, 0x7f, 0x1f, 0xcf, 0xe, 0xc3,
    0xb8, 0x1e, 0x7, 0xc0, 0x30, 0xf, 0x0, 0xc0,
    0x3c, 0x3, 0x0, 0xf0, 0xc, 0x3, 0xc0, 0x30,
    0xf, 0x0, 0xc0, 0x3c, 0x3, 0x0, 0xf0, 0xc,
    0x3, 0xc0, 0x30, 0xf, 0x0, 0xc0, 0x3c, 0x3,
    0x0, 0xf0, 0xc, 0x3, 0x0, 0x0, 0xc, 0x0,
    0x0, 0x30, 0x0, 0x0, 0xc0, 0x0, 0x3, 0x0,
    0x0, 0x1c, 0x0, 0x3, 0xe0, 0x0, 0xf, 0x0,

    /* U+0272 "ɲ" */
    0xc, 0x7c, 0x6, 0xff, 0x3, 0xe1, 0xc1, 0xc0,
    0x70, 0xc0, 0x18, 0x60, 0xc, 0x30, 0x6, 0x18,
    0x3, 0xc, 0x1, 0x86, 0x0, 0xc3, 0x0, 0x61,
    0x80, 0x30, 0xc0, 0x18, 0x60, 0xc, 0x30, 0x6,
    0x18, 0x3, 0xc, 0x0, 0x6, 0x0, 0x3, 0x0,
    0x1, 0x80, 0x1, 0xc0, 0x7, 0xc0, 0x3, 0xc0,
    0x0,

    /* U+0273 "ɳ" */
    0xc7, 0xc0, 0x37, 0xf8, 0xf, 0x87, 0x3, 0x80,
    0xe0, 0xc0, 0x18, 0x30, 0x6, 0xc, 0x1, 0x83,
    0x0, 0x60, 0xc0, 0x18, 0x30, 0x6, 0xc, 0x1,
    0x83, 0x0, 0x60, 0xc0, 0x18, 0x30, 0x6, 0xc,
    0x1, 0x83, 0x0, 0x60, 0x0, 0x18, 0x0, 0x6,
    0x0, 0x1, 0x80, 0x0, 0x60, 0x0, 0x1c, 0x0,
    0x3, 0xf0, 0x0, 0x7c,

    /* U+0274 "ɴ" */
    0xc0, 0x1f, 0x0, 0xfc, 0x7, 0xf0, 0x3d, 0x81,
    0xee, 0xf, 0x38, 0x78, 0xe3, 0xc7, 0x1e, 0x1c,
    0xf0, 0x77, 0x81, 0xfc, 0xf, 0xe0, 0x3f, 0x0,
    0xf8, 0x3,

    /* U+0275 "ɵ" */
    0xf, 0xc0, 0x7f, 0x83, 0x87, 0x18, 0x6, 0x60,
    0x1b, 0x0, 0x3c, 0x0, 0xff, 0xff, 0xff, 0xff,
    0x0, 0x3c, 0x0, 0xd8, 0x6, 0x60, 0x18, 0xe1,
    0xc1, 0xfe, 0x3, 0xf0,

    /* U+0276 "ɶ" */
    0xf, 0x8f, 0xfc, 0x7f, 0xbf, 0xf3, 0x87, 0xc0,
    0x18, 0xf, 0x0, 0x60, 0x1c, 0x3, 0x0, 0x30,
    0xc, 0x0, 0xc0, 0x30, 0x3, 0xff, 0xc0, 0xf,
    0xff, 0x0, 0x30, 0xc, 0x0, 0xc0, 0x18, 0x7,
    0x0, 0x60, 0x3c, 0x0, 0xe1, 0xf0, 0x1, 0xfe,
    0xff, 0xc3, 0xf3, 0xff,

    /* U+0278 "ɸ" */
    0x3, 0x0, 0xc, 0x0, 0x30, 0x0, 0xc0, 0x3,
    0x0, 0xc, 0x0, 0xfc, 0x7, 0xf8, 0x3b, 0x71,
    0xcc, 0xe6, 0x31, 0xb0, 0xc3, 0xc3, 0xf, 0xc,
    0x3c, 0x30, 0xf0, 0xc3, 0xc3, 0xd, 0x8c, 0x66,
    0x33, 0x8e, 0xdc, 0x1f, 0xe0, 0x3f, 0x0, 0x30,
    0x0, 0xc0, 0x3, 0x0, 0xc, 0x0, 0x30, 0x0,
    0xc0,

    /* U+0279 "ɹ" */
    0x1, 0x80, 0xc0, 0x60, 0x30, 0x18, 0xc, 0x6,
    0x3, 0x1, 0x80, 0xc0, 0x60, 0x70, 0x78, 0x6f,
    0xe7, 0xe3,

    /* U+027A "ɺ" */
    0x1, 0x80, 0xc0, 0x60, 0x30, 0x18, 0xc, 0x6,
    0x3, 0x1, 0x80, 0xc0, 0x60, 0x30, 0x18, 0xc,
    0x6, 0x3, 0x1, 0x81, 0xc1, 0xe1, 0xbf, 0x9f,
    0x8c,

    /* U+027B "ɻ" */
    0x1, 0x80, 0x6, 0x0, 0x18, 0x0, 0x60, 0x1,
    0x80, 0x6, 0x0, 0x18, 0x0, 0x60, 0x1, 0x80,
    0x6, 0x0, 0x18, 0x0, 0xe0, 0x7, 0x80, 0x36,
    0xf, 0x98, 0x3c, 0x60, 0x1, 0x80, 0x6, 0x0,
    0x18, 0x0, 0x60, 0x1, 0xc0, 0x3, 0xf0, 0x7,
    0xc0,

    /* U+027D "ɽ" */
    0xc7, 0xe7, 0xf6, 0x1e, 0xe, 0x6, 0x3, 0x1,
    0x80, 0xc0, 0x60, 0x30, 0x18, 0xc, 0x6, 0x3,
    0x1, 0x80, 0xc0, 0x60, 0x30, 0x18, 0xe, 0x3,
    0xf0, 0xf8,

    /* U+027E "ɾ" */
    0x3e, 0xff, 0x86, 0xc, 0x18, 0x30, 0x60, 0xc1,
    0x83, 0x6, 0xc, 0x18, 0x30, 0x60,

    /* U+0280 "ʀ" */
    0xff, 0x87, 0xff, 0x30, 0x19, 0x80, 0x6c, 0x3,
    0x60, 0x1b, 0x0, 0xd8, 0xc, 0xff, 0xe7, 0xfc,
    0x30, 0x61, 0x83, 0x8c, 0xe, 0x60, 0x33, 0x1,
    0xd8, 0x6,

    /* U+0281 "ʁ" */
    0x60, 0x1b, 0x80, 0xcc, 0x6, 0x70, 0x31, 0x81,
    0x8e, 0xc, 0x30, 0x61, 0xff, 0x3f, 0xfb, 0x80,
    0xd8, 0x6, 0xc0, 0x36, 0x1, 0xb8, 0xc, 0xff,
    0xe1, 0xff,

    /* U+0282 "ʂ" */
    0xf, 0x83, 0xfe, 0x70, 0xf6, 0x3, 0x60, 0x7,
    0x0, 0x38, 0x1, 0xf8, 0x7, 0xc0, 0xe, 0x0,
    0x30, 0x3, 0xe0, 0x3f, 0x7, 0xff, 0xed, 0xf8,
    0xc0, 0xc, 0x0, 0xc0, 0xc, 0x0, 0xe0, 0x7,
    0xe0, 0x3e, 0x0,

    /* U+0283 "ʃ" */
    0x1, 0xf0, 0x3f, 0x7, 0x0, 0x60, 0x6, 0x0,
    0x60, 0x6, 0x0, 0x60, 0x6, 0x0, 0x60, 0x6,
    0x0, 0x60, 0x6, 0x0, 0x60, 0x6, 0x0, 0x60,
    0x6, 0x0, 0x60, 0x6, 0x0, 0x60, 0x6, 0x0,
    0x60, 0x6, 0x0, 0x60, 0x6, 0x0, 0xe0, 0xfc,
    0xf, 0x80,

    /* U+0284 "ʄ" */
    0x3, 0x83, 0xc1, 0x80, 0xc0, 0x60, 0x30, 0x18,
    0xc, 0x6, 0x3, 0x1, 0x80, 0xc0, 0x60, 0x30,
    0x18, 0xc, 0x6, 0x3, 0x1f, 0xef, 0xf0, 0x60,
    0x30, 0x18, 0xc, 0x6, 0x7, 0x3f, 0x1f, 0x0,

    /* U+0288 "ʈ" */
    0x18, 0xc, 0x6, 0x3, 0x1, 0x87, 0xff, 0xfe,
    0x30, 0x18, 0xc, 0x6, 0x3, 0x1, 0x80, 0xc0,
    0x60, 0x30, 0x18, 0xc, 0x6, 0x3, 0x1, 0x80,
    0xc0, 0x60, 0x30, 0x18, 0xe, 0x3, 0xe0, 0xf0,

    /* U+0289 "ʉ" */
    0x30, 0x6, 0x18, 0x3, 0xc, 0x1, 0x86, 0x0,
    0xc3, 0x0, 0x61, 0x80, 0x33, 0xff, 0xff, 0xff,
    0xff, 0x30, 0x6, 0x18, 0x3, 0xc, 0x1, 0x86,
    0x0, 0xc3, 0x80, 0xe0, 0xe1, 0xf0, 0x3f, 0xd8,
    0xf, 0x8c,

    /* U+028A "ʊ" */
    0xfc, 0x7f, 0xfc, 0x7f, 0x18, 0x38, 0x30, 0x1c,
    0x30, 0xc, 0x60, 0xe, 0x60, 0x6, 0x60, 0x6,
    0x60, 0x6, 0x60, 0x6, 0x60, 0x6, 0x70, 0xe,
    0x30, 0xc, 0x3c, 0x3c, 0x1f, 0xf8, 0x7, 0xe0,

    /* U+028B "ʋ" */
    0xc1, 0xc6, 0xf, 0xb0, 0xd, 0x80, 0x7c, 0x1,
    0xe0, 0xf, 0x0, 0x78, 0x3, 0xc0, 0x1e, 0x0,
    0xf0, 0x7, 0x80, 0x66, 0x7, 0x38, 0x70, 0xff,
    0x3, 0xf0,

    /* U+028C "ʌ" */
    0x3, 0x80, 0x7, 0x0, 0x1f, 0x0, 0x36, 0x0,
    0x6c, 0x1, 0x8c, 0x3, 0x18, 0xe, 0x38, 0x18,
    0x30, 0x30, 0x60, 0xe0, 0xe1, 0x80, 0xc3, 0x1,
    0x8e, 0x1, 0x98, 0x3, 0x70, 0x7,

    /* U+028D "ʍ" */
    0x7, 0x0, 0xc0, 0xe, 0x3, 0xc0, 0x1e, 0x7,
    0x80, 0x6c, 0xf, 0x0, 0xd8, 0x37, 0x1, 0xb0,
    0x66, 0x7, 0x30, 0xcc, 0xc, 0x63, 0x9c, 0x18,
    0xc6, 0x18, 0x70, 0xcc, 0x30, 0xc1, 0x98, 0x71,
    0x83, 0x60, 0x67, 0x7, 0xc0, 0xcc, 0x7, 0x81,
    0xd8, 0xe, 0x3, 0xf0, 0x1c, 0x3,

    /* U+028E "ʎ" */
    0x0, 0x60, 0x1, 0xc0, 0x3, 0x80, 0x6, 0x0,
    0x1c, 0x0, 0x30, 0x0, 0xe0, 0x1, 0xc0, 0x3,
    0xc0, 0xd, 0x80, 0x1b, 0x80, 0x73, 0x0, 0xc6,
    0x1, 0x8e, 0x7, 0xc, 0xc, 0x1c, 0x38, 0x38,
    0x60, 0x30, 0xc0, 0x73, 0x80, 0x66, 0x0, 0xdc,
    0x1, 0xc0,

    /* U+028F "ʏ" */
    0xe0, 0x1d, 0xc0, 0x63, 0x3, 0xe, 0x1c, 0x18,
    0x60, 0x73, 0x80, 0xcc, 0x1, 0xe0, 0x7, 0x80,
    0xc, 0x0, 0x30, 0x0, 0xc0, 0x3, 0x0, 0xc,
    0x0, 0x30, 0x0, 0xc0,

    /* U+0290 "ʐ" */
    0xff, 0xf0, 0x7f, 0xf8, 0x0, 0x18, 0x0, 0x1c,
    0x0, 0x1c, 0x0, 0x1c, 0x0, 0xc, 0x0, 0xe,
    0x0, 0xe, 0x0, 0xe, 0x0, 0x6, 0x0, 0x7,
    0x0, 0x7, 0x0, 0x3, 0x0, 0x3, 0xff, 0xc1,
    0xff, 0xe0, 0x0, 0x30, 0x0, 0x18, 0x0, 0xc,
    0x0, 0x6, 0x0, 0x3, 0x80, 0x0, 0xfc, 0x0,
    0x3e,

    /* U+0291 "ʑ" */
    0xff, 0xf0, 0xff, 0xf0, 0x0, 0xe0, 0x0, 0xe0,
    0x1, 0xc0, 0x3, 0x80, 0x7, 0x0, 0x7, 0x0,
    0xe, 0x3c, 0x1c, 0xfe, 0x19, 0xc7, 0x39, 0x83,
    0x71, 0x83, 0xe3, 0x7, 0xff, 0xfe, 0xff, 0xf8,
    0x3, 0x0, 0x3, 0x0,

    /* U+0292 "ʒ" */
    0x7f, 0xf9, 0xff, 0xe0, 0x3, 0x0, 0x1c, 0x0,
    0xe0, 0x7, 0x0, 0x38, 0x1, 0xc0, 0x6, 0x0,
    0x3f, 0x0, 0xff, 0x0, 0x1e, 0x0, 0x18, 0x0,
    0x30, 0x0, 0xc0, 0x3, 0x0, 0xc, 0x0, 0x3e,
    0x1, 0x9e, 0x1e, 0x3f, 0xf0, 0x3f, 0x0,

    /* U+0294 "ʔ" */
    0x1f, 0x81, 0xfe, 0x1c, 0x38, 0xc0, 0x60, 0x3,
    0x0, 0xc, 0x0, 0x60, 0x3, 0x0, 0x18, 0x0,
    0xc0, 0x6, 0x0, 0x60, 0x7, 0x0, 0x70, 0x1f,
    0x0, 0xf0, 0x6, 0x0, 0x30, 0x1, 0x80, 0xc,
    0x0, 0x60, 0x3, 0x0,

    /* U+0295 "ʕ" */
    0xf, 0xc1, 0xff, 0xe, 0x1c, 0xc0, 0x6e, 0x0,
    0x60, 0x3, 0x0, 0x18, 0x0, 0xc0, 0x6, 0x0,
    0x30, 0x0, 0xc0, 0x7, 0x0, 0x1c, 0x0, 0x7c,
    0x1, 0xe0, 0x3, 0x0, 0x18, 0x0, 0xc0, 0x6,
    0x0, 0x30, 0x1, 0x80,

    /* U+0298 "ʘ" */
    0x1, 0xf8, 0x0, 0xff, 0xf0, 0x1e, 0x7, 0x83,
    0x80, 0x1c, 0x30, 0x0, 0xc6, 0x0, 0x6, 0x60,
    0x0, 0x6e, 0x0, 0x7, 0xc0, 0x0, 0x3c, 0xe,
    0x3, 0xc0, 0xe0, 0x3c, 0xe, 0x3, 0xc0, 0x0,
    0x3c, 0x0, 0x3, 0xc0, 0x0, 0x76, 0x0, 0x6,
    0x60, 0x0, 0x63, 0x0, 0xc, 0x38, 0x1, 0xc1,
    0xe0, 0x78, 0xf, 0xff, 0x0, 0x1f, 0x80,

    /* U+0299 "ʙ" */
    0xff, 0xc7, 0xff, 0x30, 0x1d, 0x80, 0x6c, 0x3,
    0x60, 0x1b, 0x1, 0x9f, 0xf8, 0xff, 0xf6, 0x1,
    0xb0, 0x7, 0x80, 0x3c, 0x1, 0xe0, 0x1f, 0xff,
    0xdf, 0xf8,

    /* U+029B "ʛ" */
    0x0, 0xf, 0x0, 0x1f, 0x0, 0x18, 0x0, 0x18,
    0x0, 0x18, 0x0, 0x18, 0x7, 0xd8, 0x1f, 0xf8,
    0x38, 0x78, 0x70, 0x10, 0x60, 0x0, 0xc0, 0x0,
    0xc0, 0x0, 0xc0, 0xf8, 0xc0, 0xf8, 0xc0, 0x18,
    0xc0, 0x18, 0x60, 0x18, 0x70, 0x18, 0x38, 0x38,
    0x1f, 0xf0, 0xf, 0xc0,

    /* U+029C "ʜ" */
    0xc0, 0x1e, 0x0, 0xf0, 0x7, 0x80, 0x3c, 0x1,
    0xe0, 0xf, 0x0, 0x7f, 0xff, 0xff, 0xfe, 0x0,
    0xf0, 0x7, 0x80, 0x3c, 0x1, 0xe0, 0xf, 0x0,
    0x78, 0x3,

    /* U+029D "ʝ" */
    0x1, 0xc0, 0xe, 0x0, 0x70, 0x0, 0x0, 0x0,
    0x0, 0x0, 0x6, 0x0, 0x30, 0x1, 0x80, 0xc,
    0x0, 0x60, 0x3, 0x0, 0x18, 0x0, 0xc0, 0x6,
    0x0, 0x30, 0x1, 0x80, 0xc, 0x0, 0x60, 0x3,
    0x3, 0xff, 0xbf, 0xff, 0x86, 0x18, 0x30, 0xc1,
    0x87, 0x18, 0x1f, 0xc0, 0x78, 0x0,

    /* U+029E "ʞ" */
    0xe0, 0x36, 0x3, 0x70, 0x33, 0x83, 0x18, 0x31,
    0xc3, 0xe, 0x70, 0x6f, 0x7, 0xf0, 0x3b, 0x7,
    0x30, 0xe3, 0x1c, 0x33, 0x83, 0x70, 0x3e, 0x3,
    0x0, 0x30, 0x3, 0x0, 0x30, 0x3, 0x0, 0x30,
    0x3,

    /* U+029F "ʟ" */
    0xc0, 0x18, 0x3, 0x0, 0x60, 0xc, 0x1, 0x80,
    0x30, 0x6, 0x0, 0xc0, 0x18, 0x3, 0x0, 0x60,
    0xc, 0x1, 0x80, 0x3f, 0xff, 0xff,

    /* U+02A0 "ʠ" */
    0x0, 0x7, 0x80, 0x7, 0xc0, 0x3, 0x0, 0x1,
    0x80, 0x0, 0xc0, 0x0, 0x60, 0x3e, 0x30, 0x3f,
    0xd8, 0x38, 0x7c, 0x38, 0x1e, 0x18, 0x7, 0x18,
    0x1, 0x8c, 0x0, 0xc6, 0x0, 0x63, 0x0, 0x31,
    0x80, 0x18, 0xc0, 0xc, 0x30, 0xe, 0x1c, 0xf,
    0x7, 0xf, 0x81, 0xfe, 0xc0, 0x7e, 0x60, 0x0,
    0x30, 0x0, 0x18, 0x0, 0xc, 0x0, 0x6, 0x0,
    0x3, 0x0, 0x1, 0x80,

    /* U+02A1 "ʡ" */
    0x1f, 0x83, 0xfe, 0x3c, 0x39, 0x80, 0x60, 0x3,
    0x0, 0xc, 0x0, 0x60, 0x3, 0x0, 0x18, 0x0,
    0xc0, 0x6, 0x0, 0x60, 0x7, 0x0, 0x70, 0x1f,
    0x0, 0xe0, 0x6, 0x3, 0xfe, 0x1f, 0xf0, 0xc,
    0x0, 0x60, 0x3, 0x0,

    /* U+02A2 "ʢ" */
    0xf, 0xc0, 0xff, 0x8e, 0x1e, 0xc0, 0x36, 0x0,
    0x60, 0x3, 0x0, 0x18, 0x0, 0xc0, 0x6, 0x0,
    0x30, 0x0, 0xc0, 0x7, 0x0, 0x1c, 0x0, 0x7c,
    0x0, 0xe0, 0x3, 0x0, 0xff, 0x87, 0xfc, 0x6,
    0x0, 0x30, 0x1, 0x80,

    /* U+02A3 "ʣ" */
    0x0, 0xc, 0x0, 0x0, 0x1, 0x80, 0x0, 0x0,
    0x30, 0x0, 0x0, 0x6, 0x0, 0x0, 0x0, 0xc0,
    0x0, 0x0, 0x18, 0x0, 0x3, 0xe3, 0xff, 0xf0,
    0xff, 0x7f, 0xfe, 0x38, 0x7c, 0x1, 0xce, 0x7,
    0x80, 0x71, 0x80, 0x70, 0x1c, 0x60, 0x6, 0x7,
    0xc, 0x0, 0xc0, 0xe1, 0x80, 0x18, 0x38, 0x30,
    0x3, 0xe, 0x6, 0x0, 0x63, 0x80, 0xc0, 0xc,
    0x70, 0xc, 0x3, 0x9c, 0x1, 0xc0, 0xf7, 0x0,
    0x1c, 0x3f, 0xc0, 0x1, 0xfe, 0xff, 0xfe, 0x1f,
    0x1f, 0xff, 0xc0,

    /* U+02A4 "ʤ" */
    0x0, 0xc, 0x0, 0x0, 0x1, 0x80, 0x0, 0x0,
    0x30, 0x0, 0x0, 0x6, 0x0, 0x0, 0x0, 0xc0,
    0x0, 0x0, 0x18, 0x0, 0x3, 0xe3, 0xff, 0xf0,
    0xff, 0x7f, 0xfe, 0x38, 0x7c, 0x1, 0xce, 0x7,
    0x80, 0x71, 0x80, 0x70, 0x1c, 0x60, 0x6, 0x7,
    0xc, 0x0, 0xc1, 0xc1, 0x80, 0x18, 0x70, 0x30,
    0x3, 0xc, 0x6, 0x0, 0x63, 0xf0, 0xc0, 0xc,
    0x7f, 0x8c, 0x3, 0x80, 0x79, 0xc0, 0xf0, 0x3,
    0x1c, 0x3e, 0x0, 0x31, 0xfe, 0xc0, 0x6, 0x1f,
    0x18, 0x0, 0xc0, 0x0, 0x0, 0x18, 0x0, 0x0,
    0x3, 0x0, 0x3, 0x0, 0xc0, 0x0, 0x78, 0x78,
    0x0, 0x7, 0xfe, 0x0, 0x0, 0x3f, 0x0,

    /* U+02A5 "ʥ" */
    0x0, 0xc, 0x0, 0x0, 0x0, 0x30, 0x0, 0x0,
    0x0, 0xc0, 0x0, 0x0, 0x3, 0x0, 0x0, 0x0,
    0xc, 0x0, 0x0, 0x0, 0x30, 0x0, 0x0, 0xf8,
    0xff, 0xfc, 0x7, 0xfb, 0xff, 0xf0, 0x38, 0x7c,
    0x1, 0xc1, 0xc0, 0xf0, 0xe, 0x6, 0x1, 0xc0,
    0x30, 0x30, 0x3, 0x1, 0xc0, 0xc0, 0xc, 0xe,
    0x3, 0x0, 0x30, 0x70, 0xc, 0x0, 0xc3, 0x8f,
    0x30, 0x3, 0xe, 0x7e, 0xc0, 0xc, 0x73, 0x8d,
    0x80, 0x73, 0x8c, 0x37, 0x3, 0xdc, 0x30, 0xce,
    0x1f, 0xf1, 0x87, 0x1f, 0xef, 0xff, 0xf8, 0x3e,
    0x3f, 0xff, 0xc0, 0x0, 0x0, 0x60, 0x0, 0x0,
    0x1, 0x80,

    /* U+02A6 "ʦ" */
    0x18, 0x0, 0x1, 0x80, 0x0, 0x18, 0x0, 0x1,
    0x80, 0x0, 0x18, 0x0, 0xf, 0xff, 0xf8, 0xff,
    0xff, 0xe1, 0x8e, 0xf, 0x18, 0xc0, 0x21, 0x8c,
    0x0, 0x18, 0xe0, 0x1, 0x87, 0x0, 0x18, 0x3f,
    0x1, 0x80, 0xfc, 0x18, 0x0, 0xe1, 0x80, 0x7,
    0x18, 0x0, 0x31, 0x80, 0x3, 0x18, 0x0, 0x71,
    0xff, 0xfe, 0xf, 0xff, 0x80,

    /* U+02A7 "ʧ" */
    0x0, 0xf, 0x0, 0x1f, 0x18, 0x38, 0x18, 0x30,
    0x18, 0x30, 0x18, 0x30, 0xff, 0xf0, 0xff, 0xf0,
    0x18, 0x30, 0x18, 0x30, 0x18, 0x30, 0x18, 0x30,
    0x18, 0x30, 0x18, 0x30, 0x18, 0x30, 0x18, 0x30,
    0x18, 0x30, 0x18, 0x30, 0x18, 0x30, 0x1c, 0x30,
    0xf, 0xf0, 0x7, 0xf0, 0x0, 0x30, 0x0, 0x30,
    0x0, 0x30, 0x0, 0x70, 0x7, 0xe0, 0x7, 0xc0,

    /* U+02A8 "ʨ" */
    0x18, 0x0, 0x0, 0x30, 0x0, 0x0, 0x60, 0x0,
    0x0, 0xc0, 0x0, 0x1, 0x80, 0x0, 0x1f, 0xf0,
    0x3e, 0x3f, 0xe1, 0xff, 0xc, 0x3, 0x87, 0x18,
    0xc, 0x4, 0x30, 0x18, 0x0, 0x60, 0x60, 0x0,
    0xc0, 0xc0, 0x1, 0x81, 0x80, 0x3, 0x3, 0xf,
    0x6, 0x6, 0x7f, 0xc, 0xd, 0xc7, 0x18, 0xe,
    0x6, 0x30, 0x38, 0xc, 0x70, 0xfc, 0x38, 0x7f,
    0xbf, 0xe0, 0x7c, 0x1f, 0x80,

    /* U+02A9 "ʩ" */
    0x7, 0xc0, 0x0, 0x1f, 0x80, 0x0, 0x70, 0x0,
    0x0, 0xc0, 0x0, 0x1, 0x80, 0x0, 0x3, 0x0,
    0x0, 0x3f, 0xfc, 0x7c, 0x7f, 0xfb, 0xfc, 0x18,
    0x3e, 0x1c, 0x30, 0x70, 0x1c, 0x60, 0xc0, 0x18,
    0xc1, 0x80, 0x31, 0x83, 0x0, 0x63, 0x6, 0x0,
    0xc6, 0xc, 0x1, 0x8c, 0x18, 0x3, 0x18, 0x30,
    0x6, 0x30, 0x60, 0xc, 0x60, 0xc0, 0x18, 0xc1,
    0x80, 0x31, 0x83, 0x0, 0x63, 0x6, 0x0, 0xc0,
    0x0, 0x1, 0x80, 0x0, 0x3, 0x0, 0x0, 0x6,
    0x0, 0x0, 0xc, 0x0, 0x0, 0x38, 0x0, 0x3,
    0xe0, 0x0, 0x7, 0x80,

    /* U+02AA "ʪ" */
    0xc0, 0x0, 0xc0, 0x0, 0xc0, 0x0, 0xc0, 0x0,
    0xc0, 0x0, 0xc0, 0x0, 0xc1, 0xf8, 0xc7, 0xfc,
    0xce, 0xe, 0xcc, 0x3, 0xcc, 0x0, 0xce, 0x0,
    0xc7, 0x0, 0xc3, 0xf0, 0xc1, 0xfc, 0xc0, 0x1e,
    0xc0, 0x7, 0xc0, 0x3, 0xc0, 0x3, 0xc0, 0x7,
    0xff, 0xfe, 0x7f, 0xf8,

    /* U+02AB "ʫ" */
    0xc0, 0x0, 0x60, 0x0, 0x30, 0x0, 0x18, 0x0,
    0xc, 0x0, 0x6, 0x0, 0x3, 0x3f, 0xfd, 0x9f,
    0xfe, 0xc0, 0x6, 0x60, 0x7, 0x30, 0x7, 0x18,
    0x7, 0xc, 0x3, 0x6, 0x3, 0x83, 0x3, 0x81,
    0x83, 0x80, 0xc1, 0x80, 0x61, 0xc0, 0x31, 0xc0,
    0x19, 0xc0, 0xf, 0xff, 0xfb, 0xff, 0xfc,

    /* U+02AC "ʬ" */
    0xc1, 0x83, 0x61, 0x86, 0x63, 0xc6, 0x63, 0xc6,
    0x32, 0x4c, 0x36, 0x6c, 0x36, 0x6c, 0x14, 0x28,
    0x1c, 0x38, 0x1c, 0x38, 0x0, 0x0, 0x0, 0x0,
    0xc1, 0x82, 0x63, 0x86, 0x63, 0xc6, 0x62, 0xc4,
    0x32, 0x4c, 0x36, 0x6c, 0x36, 0x68, 0x14, 0x38,
    0x1c, 0x38, 0x1c, 0x30,

    /* U+02AD "ʭ" */
    0xff, 0xff, 0xff, 0xc0, 0x3c, 0x3, 0xc0, 0x3c,
    0x3, 0xc0, 0x3c, 0x3, 0x0, 0x0, 0x0, 0x0,
    0x0, 0x0, 0x0, 0x0, 0x0, 0xff, 0xff, 0xff,
    0xc0, 0x3c, 0x3, 0xc0, 0x3c, 0x3, 0xc0, 0x3c,
    0x3,

    /* U+02B0 "ʰ" */
    0xc0, 0xc0, 0xc0, 0xde, 0xff, 0xe7, 0xc3, 0xc3,
    0xc3, 0xc3, 0xc3, 0xc3,

    /* U+02B2 "ʲ" */
    0x3, 0x0, 0x33, 0x33, 0x33, 0x33, 0x33, 0x3f,
    0xe0,

    /* U+02B3 "ʳ" */
    0xdf, 0xf9, 0x8c, 0x63, 0x18, 0xc0,

    /* U+02B7 "ʷ" */
    0xc3, 0x1b, 0x38, 0xd9, 0xc4, 0xcb, 0x66, 0x5b,
    0x1e, 0x58, 0xf2, 0x87, 0x1c, 0x18, 0xe0,

    /* U+02B8 "ʸ" */
    0xc1, 0xb1, 0x98, 0xcc, 0x63, 0x61, 0xb0, 0x50,
    0x38, 0x1c, 0xc, 0x6, 0x3, 0x3, 0x0,

    /* U+02BB "ʻ" */
    0x7a, 0xf0,

    /* U+02BC "ʼ" */
    0xf5, 0xa0,

    /* U+02C1 "ˁ" */
    0x3c, 0x7e, 0xe6, 0xc0, 0xc0, 0xc0, 0xc0, 0x60,
    0x78, 0x18, 0x18, 0x18,

    /* U+02C6 "ˆ" */
    0x1c, 0x3e, 0x76, 0x63, 0x40,

    /* U+02C7 "ˇ" */
    0x40, 0xe3, 0x76, 0x3e, 0x1c,

    /* U+02C8 "ˈ" */
    0xff, 0xf0,

    /* U+02C9 "ˉ" */
    0xff, 0xfc,

    /* U+02CA "ˊ" */
    0x1, 0xcc, 0xcc, 0x0,

    /* U+02CB "ˋ" */
    0x46, 0x38, 0xe3, 0x88,

    /* U+02CC "ˌ" */
    0xff, 0xf0,

    /* U+02D0 "ː" */
    0xe8, 0x0, 0x0, 0x0, 0x0, 0xb8,

    /* U+02D1 "ˑ" */
    0xf9, 0x0,

    /* U+02D8 "˘" */
    0xc3, 0xc3, 0xe7, 0x7e, 0x3c,

    /* U+02D9 "˙" */
    0xff, 0x80,

    /* U+02DA "˚" */
    0x7b, 0xfc, 0xf3, 0xfd, 0xe0,

    /* U+02DB "˛" */
    0x31, 0x8c, 0x30, 0xc3, 0xf7, 0xc0,

    /* U+02DC "˜" */
    0x39, 0xbf, 0xb3, 0xc0,

    /* U+02DD "˝" */
    0x20, 0x1d, 0xcc, 0xcc, 0xe6, 0x66, 0x20,

    /* U+02DE "˞" */
    0x11, 0xe1, 0x60, 0xf0, 0xe0,

    /* U+02E0 "ˠ" */
    0xc1, 0xb1, 0x98, 0xce, 0xc3, 0x61, 0xf0, 0x70,
    0x38, 0x36, 0x1b, 0xf, 0x83, 0x80,

    /* U+02E1 "ˡ" */
    0xdb, 0x6d, 0xb6, 0xdb, 0xf0,

    /* U+02E2 "ˢ" */
    0x79, 0xfb, 0x1e, 0x3, 0x80, 0xf1, 0xff, 0x7c,

    /* U+02E3 "ˣ" */
    0x63, 0x3b, 0xd, 0x83, 0x81, 0x80, 0xe0, 0xd8,
    0xce, 0xe3, 0x0,

    /* U+02E5 "˥" */
    0xff, 0xff, 0xc0, 0x60, 0x30, 0x18, 0xc, 0x6,
    0x3, 0x1, 0x80, 0xc0, 0x60, 0x30, 0x18, 0xc,
    0x6, 0x3, 0x1, 0x80, 0xc0, 0x60, 0x30, 0x18,
    0xc,

    /* U+02E6 "˦" */
    0x1, 0x80, 0xc0, 0x60, 0x3f, 0xff, 0xfc, 0x6,
    0x3, 0x1, 0x80, 0xc0, 0x60, 0x30, 0x18, 0xc,
    0x6, 0x3, 0x1, 0x80, 0xc0, 0x60, 0x30, 0x18,

    /* U+02E7 "˧" */
    0x1, 0x80, 0xc0, 0x60, 0x30, 0x18, 0xc, 0x6,
    0x3, 0x1, 0xff, 0xff, 0xe0, 0x30, 0x18, 0xc,
    0x6, 0x3, 0x1, 0x80, 0xc0, 0x60, 0x30, 0x18,

    /* U+02E8 "˨" */
    0x1, 0x80, 0xc0, 0x60, 0x30, 0x18, 0xc, 0x6,
    0x3, 0x1, 0x80, 0xc0, 0x60, 0x30, 0x18, 0xf,
    0xff, 0xff, 0x1, 0x80, 0xc0, 0x60, 0x30, 0x18,

    /* U+02E9 "˩" */
    0x1, 0x80, 0xc0, 0x60, 0x30, 0x18, 0xc, 0x6,
    0x3, 0x1, 0x80, 0xc0, 0x60, 0x30, 0x18, 0xc,
    0x6, 0x3, 0x1, 0x80, 0xc0, 0x60, 0x3f, 0xff,
    0xfc,

    /* U+02EC "ˬ" */
    0x40, 0x63, 0x76, 0x3e, 0x1c,

    /* U+02ED "˭" */
    0xff, 0xff, 0xc0, 0x1f, 0xff, 0xf8,

    /* U+02F3 "˳" */
    0x7b, 0xfc, 0xf3, 0xfd, 0xe0
};


/*---------------------
 *  GLYPH DESCRIPTION
 *--------------------*/

static const lv_font_fmt_txt_glyph_dsc_t glyph_dsc[] = {
    {.bitmap_index = 0, .adv_w = 0, .box_w = 0, .box_h = 0, .ofs_x = 0, .ofs_y = 0} /* id = 0 reserved */,
    {.bitmap_index = 0, .adv_w = 139, .box_w = 1, .box_h = 1, .ofs_x = 0, .ofs_y = 0},
    {.bitmap_index = 1, .adv_w = 124, .box_w = 3, .box_h = 22, .ofs_x = 2, .ofs_y = 0},
    {.bitmap_index = 10, .adv_w = 160, .box_w = 6, .box_h = 7, .ofs_x = 2, .ofs_y = 17},
    {.bitmap_index = 16, .adv_w = 339, .box_w = 18, .box_h = 22, .ofs_x = 1, .ofs_y = 0},
    {.bitmap_index = 66, .adv_w = 276, .box_w = 14, .box_h = 27, .ofs_x = 1, .ofs_y = -2},
    {.bitmap_index = 114, .adv_w = 394, .box_w = 23, .box_h = 22, .ofs_x = 1, .ofs_y = 0},
    {.bitmap_index = 178, .adv_w = 336, .box_w = 19, .box_h = 22, .ofs_x = 1, .ofs_y = 0},
    {.bitmap_index = 231, .adv_w = 92, .box_w = 2, .box_h = 7, .ofs_x = 2, .ofs_y = 17},
    {.bitmap_index = 233, .adv_w = 145, .box_w = 6, .box_h = 27, .ofs_x = 2, .ofs_y = -2},
    {.bitmap_index = 254, .adv_w = 145, .box_w = 6, .box_h = 27, .ofs_x = 1, .ofs_y = -2},
    {.bitmap_index = 275, .adv_w = 212, .box_w = 10, .box_h = 9, .ofs_x = 2, .ofs_y = 13},
    {.bitmap_index = 287, .adv_w = 289, .box_w = 14, .box_h = 13, .ofs_x = 2, .ofs_y = 4},
    {.bitmap_index = 310, .adv_w = 120, .box_w = 3, .box_h = 7, .ofs_x = 2, .ofs_y = -4},
    {.bitmap_index = 313, .adv_w = 216, .box_w = 11, .box_h = 2, .ofs_x = 1, .ofs_y = 10},
    {.bitmap_index = 316, .adv_w = 115, .box_w = 3, .box_h = 3, .ofs_x = 2, .ofs_y = 0},
    {.bitmap_index = 318, .adv_w = 188, .box_w = 10, .box_h = 22, .ofs_x = 1, .ofs_y = 0},
    {.bitmap_index = 346, .adv_w = 301, .box_w = 15, .box_h = 22, .ofs_x = 2, .ofs_y = 0},
    {.bitmap_index = 388, .adv_w = 189, .box_w = 7, .box_h = 22, .ofs_x = 1, .ofs_y = 0},
    {.bitmap_index = 408, .adv_w = 270, .box_w = 14, .box_h = 22, .ofs_x = 1, .ofs_y = 0},
    {.bitmap_index = 447, .adv_w = 282, .box_w = 15, .box_h = 22, .ofs_x = 1, .ofs_y = 0},
    {.bitmap_index = 489, .adv_w = 281, .box_w = 16, .box_h = 22, .ofs_x = 1, .ofs_y = 0},
    {.bitmap_index = 533, .adv_w = 281, .box_w = 14, .box_h = 22, .ofs_x = 2, .ofs_y = 0},
    {.bitmap_index = 572, .adv_w = 281, .box_w = 15, .box_h = 22, .ofs_x = 2, .ofs_y = 0},
    {.bitmap_index = 614, .adv_w = 249, .box_w = 13, .box_h = 22, .ofs_x = 1, .ofs_y = 0},
    {.bitmap_index = 650, .adv_w = 299, .box_w = 15, .box_h = 22, .ofs_x = 2, .ofs_y = 0},
    {.bitmap_index = 692, .adv_w = 286, .box_w = 15, .box_h = 22, .ofs_x = 1, .ofs_y = 0},
    {.bitmap_index = 734, .adv_w = 115, .box_w = 3, .box_h = 16, .ofs_x = 2, .ofs_y = 0},
    {.bitmap_index = 740, .adv_w = 120, .box_w = 3, .box_h = 20, .ofs_x = 2, .ofs_y = -4},
    {.bitmap_index = 748, .adv_w = 289, .box_w = 14, .box_h = 16, .ofs_x = 2, .ofs_y = 3},
    {.bitmap_index = 776, .adv_w = 289, .box_w = 14, .box_h = 9, .ofs_x = 2, .ofs_y = 7},
    {.bitmap_index = 792, .adv_w = 289, .box_w = 14, .box_h = 16, .ofs_x = 2, .ofs_y = 3},
    {.bitmap_index = 820, .adv_w = 233, .box_w = 12, .box_h = 22, .ofs_x = 1, .ofs_y = 0},
    {.bitmap_index = 853, .adv_w = 396, .box_w = 22, .box_h = 22, .ofs_x = 1, .ofs_y = 0},
    {.bitmap_index = 914, .adv_w = 317, .box_w = 19, .box_h = 22, .ofs_x = 0, .ofs_y = 0},
    {.bitmap_index = 967, .adv_w = 313, .box_w = 16, .box_h = 22, .ofs_x = 2, .ofs_y = 0},
    {.bitmap_index = 1011, .adv_w = 331, .box_w = 17, .box_h = 22, .ofs_x = 2, .ofs_y = 0},
    {.bitmap_index = 1058, .adv_w = 354, .box_w = 18, .box_h = 22, .ofs_x = 2, .ofs_y = 0},
    {.bitmap_index = 1108, .adv_w = 280, .box_w = 14, .box_h = 22, .ofs_x = 2, .ofs_y = 0},
    {.bitmap_index = 1147, .adv_w = 266, .box_w = 14, .box_h = 22, .ofs_x = 2, .ofs_y = 0},
    {.bitmap_index = 1186, .adv_w = 351, .box_w = 18, .box_h = 22, .ofs_x = 2, .ofs_y = 0},
    {.bitmap_index = 1236, .adv_w = 343, .box_w = 16, .box_h = 22, .ofs_x = 2, .ofs_y = 0},
    {.bitmap_index = 1280, .adv_w = 114, .box_w = 2, .box_h = 22, .ofs_x = 2, .ofs_y = 0},
    {.bitmap_index = 1286, .adv_w = 223, .box_w = 11, .box_h = 22, .ofs_x = 0, .ofs_y = 0},
    {.bitmap_index = 1317, .adv_w = 302, .box_w = 16, .box_h = 22, .ofs_x = 2, .ofs_y = 0},
    {.bitmap_index = 1361, .adv_w = 268, .box_w = 14, .box_h = 22, .ofs_x = 2, .ofs_y = 0},
    {.bitmap_index = 1400, .adv_w = 419, .box_w = 21, .box_h = 22, .ofs_x = 2, .ofs_y = 0},
    {.bitmap_index = 1458, .adv_w = 350, .box_w = 17, .box_h = 22, .ofs_x = 2, .ofs_y = 0},
    {.bitmap_index = 1505, .adv_w = 371, .box_w = 20, .box_h = 22, .ofs_x = 2, .ofs_y = 0},
    {.bitmap_index = 1560, .adv_w = 297, .box_w = 15, .box_h = 22, .ofs_x = 2, .ofs_y = 0},
    {.bitmap_index = 1602, .adv_w = 373, .box_w = 20, .box_h = 24, .ofs_x = 2, .ofs_y = -2},
    {.bitmap_index = 1662, .adv_w = 302, .box_w = 16, .box_h = 22, .ofs_x = 2, .ofs_y = 0},
    {.bitmap_index = 1706, .adv_w = 285, .box_w = 15, .box_h = 22, .ofs_x = 1, .ofs_y = 0},
    {.bitmap_index = 1748, .adv_w = 287, .box_w = 17, .box_h = 22, .ofs_x = 1, .ofs_y = 0},
    {.bitmap_index = 1795, .adv_w = 336, .box_w = 16, .box_h = 22, .ofs_x = 2, .ofs_y = 0},
    {.bitmap_index = 1839, .adv_w = 317, .box_w = 19, .box_h = 22, .ofs_x = 0, .ofs_y = 0},
    {.bitmap_index = 1892, .adv_w = 463, .box_w = 27, .box_h = 22, .ofs_x = 1, .ofs_y = 0},
    {.bitmap_index = 1967, .adv_w = 300, .box_w = 17, .box_h = 22, .ofs_x = 1, .ofs_y = 0},
    {.bitmap_index = 2014, .adv_w = 292, .box_w = 18, .box_h = 22, .ofs_x = 0, .ofs_y = 0},
    {.bitmap_index = 2064, .adv_w = 284, .box_w = 16, .box_h = 22, .ofs_x = 1, .ofs_y = 0},
    {.bitmap_index = 2108, .adv_w = 166, .box_w = 7, .box_h = 27, .ofs_x = 3, .ofs_y = -2},
    {.bitmap_index = 2132, .adv_w = 162, .box_w = 10, .box_h = 22, .ofs_x = 0, .ofs_y = 0},
    {.bitmap_index = 2160, .adv_w = 166, .box_w = 7, .box_h = 27, .ofs_x = 0, .ofs_y = -2},
    {.bitmap_index = 2184, .adv_w = 211, .box_w = 11, .box_h = 8, .ofs_x = 1, .ofs_y = 16},
    {.bitmap_index = 2195, .adv_w = 217, .box_w = 14, .box_h = 2, .ofs_x = 0, .ofs_y = -4},
    {.bitmap_index = 2199, .adv_w = 123, .box_w = 5, .box_h = 6, .ofs_x = 1, .ofs_y = 17},
    {.bitmap_index = 2203, .adv_w = 257, .box_w = 12, .box_h = 16, .ofs_x = 1, .ofs_y = 0},
    {.bitmap_index = 2227, .adv_w = 284, .box_w = 14, .box_h = 22, .ofs_x = 2, .ofs_y = 0},
    {.bitmap_index = 2266, .adv_w = 252, .box_w = 13, .box_h = 16, .ofs_x = 1, .ofs_y = 0},
    {.bitmap_index = 2292, .adv_w = 285, .box_w = 14, .box_h = 22, .ofs_x = 1, .ofs_y = 0},
    {.bitmap_index = 2331, .adv_w = 265, .box_w = 14, .box_h = 16, .ofs_x = 1, .ofs_y = 0},
    {.bitmap_index = 2359, .adv_w = 160, .box_w = 9, .box_h = 22, .ofs_x = 1, .ofs_y = 0},
    {.bitmap_index = 2384, .adv_w = 283, .box_w = 14, .box_h = 22, .ofs_x = 1, .ofs_y = -6},
    {.bitmap_index = 2423, .adv_w = 278, .box_w = 13, .box_h = 22, .ofs_x = 2, .ofs_y = 0},
    {.bitmap_index = 2459, .adv_w = 114, .box_w = 3, .box_h = 22, .ofs_x = 2, .ofs_y = 0},
    {.bitmap_index = 2468, .adv_w = 115, .box_w = 7, .box_h = 28, .ofs_x = -2, .ofs_y = -6},
    {.bitmap_index = 2493, .adv_w = 240, .box_w = 12, .box_h = 22, .ofs_x = 2, .ofs_y = 0},
    {.bitmap_index = 2526, .adv_w = 120, .box_w = 5, .box_h = 22, .ofs_x = 2, .ofs_y = 0},
    {.bitmap_index = 2540, .adv_w = 423, .box_w = 22, .box_h = 16, .ofs_x = 2, .ofs_y = 0},
    {.bitmap_index = 2584, .adv_w = 278, .box_w = 13, .box_h = 16, .ofs_x = 2, .ofs_y = 0},
    {.bitmap_index = 2610, .adv_w = 273, .box_w = 14, .box_h = 16, .ofs_x = 1, .ofs_y = 0},
    {.bitmap_index = 2638, .adv_w = 284, .box_w = 14, .box_h = 22, .ofs_x = 2, .ofs_y = -6},
    {.bitmap_index = 2677, .adv_w = 285, .box_w = 14, .box_h = 22, .ofs_x = 1, .ofs_y = -6},
    {.bitmap_index = 2716, .adv_w = 179, .box_w = 9, .box_h = 16, .ofs_x = 2, .ofs_y = 0},
    {.bitmap_index = 2734, .adv_w = 225, .box_w = 12, .box_h = 16, .ofs_x = 1, .ofs_y = 0},
    {.bitmap_index = 2758, .adv_w = 167, .box_w = 9, .box_h = 21, .ofs_x = 1, .ofs_y = 0},
    {.bitmap_index = 2782, .adv_w = 278, .box_w = 13, .box_h = 16, .ofs_x = 2, .ofs_y = 0},
    {.bitmap_index = 2808, .adv_w = 239, .box_w = 15, .box_h = 16, .ofs_x = 0, .ofs_y = 0},
    {.bitmap_index = 2838, .adv_w = 375, .box_w = 23, .box_h = 16, .ofs_x = 0, .ofs_y = 0},
    {.bitmap_index = 2884, .adv_w = 230, .box_w = 14, .box_h = 16, .ofs_x = 0, .ofs_y = 0},
    {.bitmap_index = 2912, .adv_w = 243, .box_w = 15, .box_h = 22, .ofs_x = 0, .ofs_y = -6},
    {.bitmap_index = 2954, .adv_w = 227, .box_w = 12, .box_h = 16, .ofs_x = 1, .ofs_y = 0},
    {.bitmap_index = 2978, .adv_w = 167, .box_w = 10, .box_h = 26, .ofs_x = 0, .ofs_y = -2},
    {.bitmap_index = 3011, .adv_w = 104, .box_w = 2, .box_h = 27, .ofs_x = 2, .ofs_y = -2},
    {.bitmap_index = 3018, .adv_w = 167, .box_w = 9, .box_h = 26, .ofs_x = 1, .ofs_y = -2},
    {.bitmap_index = 3048, .adv_w = 249, .box_w = 12, .box_h = 4, .ofs_x = 2, .ofs_y = 9},
    {.bitmap_index = 3054, .adv_w = 0, .box_w = 1, .box_h = 1, .ofs_x = 0, .ofs_y = 0},
    {.bitmap_index = 3055, .adv_w = 139, .box_w = 1, .box_h = 1, .ofs_x = 0, .ofs_y = 0},
    {.bitmap_index = 3056, .adv_w = 124, .box_w = 3, .box_h = 22, .ofs_x = 2, .ofs_y = -6},
    {.bitmap_index = 3065, .adv_w = 276, .box_w = 13, .box_h = 20, .ofs_x = 2, .ofs_y = -2},
    {.bitmap_index = 3098, .adv_w = 282, .box_w = 15, .box_h = 22, .ofs_x = 1, .ofs_y = 0},
    {.bitmap_index = 3140, .adv_w = 303, .box_w = 18, .box_h = 18, .ofs_x = 0, .ofs_y = 2},
    {.bitmap_index = 3181, .adv_w = 275, .box_w = 16, .box_h = 22, .ofs_x = 0, .ofs_y = 0},
    {.bitmap_index = 3225, .adv_w = 104, .box_w = 2, .box_h = 26, .ofs_x = 2, .ofs_y = -2},
    {.bitmap_index = 3232, .adv_w = 318, .box_w = 17, .box_h = 28, .ofs_x = 2, .ofs_y = -6},
    {.bitmap_index = 3292, .adv_w = 183, .box_w = 9, .box_h = 3, .ofs_x = 1, .ofs_y = 18},
    {.bitmap_index = 3296, .adv_w = 422, .box_w = 24, .box_h = 24, .ofs_x = 1, .ofs_y = 0},
    {.bitmap_index = 3368, .adv_w = 159, .box_w = 8, .box_h = 11, .ofs_x = 1, .ofs_y = 15},
    {.bitmap_index = 3379, .adv_w = 302, .box_w = 15, .box_h = 13, .ofs_x = 2, .ofs_y = 1},
    {.bitmap_index = 3404, .adv_w = 282, .box_w = 14, .box_h = 8, .ofs_x = 2, .ofs_y = 6},
    {.bitmap_index = 3418, .adv_w = 216, .box_w = 11, .box_h = 2, .ofs_x = 1, .ofs_y = 10},
    {.bitmap_index = 3421, .adv_w = 268, .box_w = 14, .box_h = 14, .ofs_x = 1, .ofs_y = 9},
    {.bitmap_index = 3446, .adv_w = 151, .box_w = 7, .box_h = 2, .ofs_x = 1, .ofs_y = 18},
    {.bitmap_index = 3448, .adv_w = 194, .box_w = 10, .box_h = 10, .ofs_x = 1, .ofs_y = 13},
    {.bitmap_index = 3461, .adv_w = 282, .box_w = 15, .box_h = 17, .ofs_x = 1, .ofs_y = 2},
    {.bitmap_index = 3493, .adv_w = 168, .box_w = 9, .box_h = 14, .ofs_x = 1, .ofs_y = 13},
    {.bitmap_index = 3509, .adv_w = 173, .box_w = 9, .box_h = 14, .ofs_x = 1, .ofs_y = 13},
    {.bitmap_index = 3525, .adv_w = 123, .box_w = 5, .box_h = 6, .ofs_x = 2, .ofs_y = 17},
    {.bitmap_index = 3529, .adv_w = 280, .box_w = 13, .box_h = 22, .ofs_x = 2, .ofs_y = -6},
    {.bitmap_index = 3565, .adv_w = 326, .box_w = 16, .box_h = 27, .ofs_x = 2, .ofs_y = -8},
    {.bitmap_index = 3619, .adv_w = 240, .box_w = 3, .box_h = 3, .ofs_x = 6, .ofs_y = 10},
    {.bitmap_index = 3621, .adv_w = 131, .box_w = 5, .box_h = 8, .ofs_x = 1, .ofs_y = -7},
    {.bitmap_index = 3626, .adv_w = 115, .box_w = 5, .box_h = 14, .ofs_x = 1, .ofs_y = 13},
    {.bitmap_index = 3635, .adv_w = 173, .box_w = 9, .box_h = 11, .ofs_x = 1, .ofs_y = 15},
    {.bitmap_index = 3648, .adv_w = 302, .box_w = 15, .box_h = 13, .ofs_x = 2, .ofs_y = 1},
    {.bitmap_index = 3673, .adv_w = 374, .box_w = 22, .box_h = 22, .ofs_x = 1, .ofs_y = 0},
    {.bitmap_index = 3734, .adv_w = 407, .box_w = 24, .box_h = 22, .ofs_x = 1, .ofs_y = 0},
    {.bitmap_index = 3800, .adv_w = 423, .box_w = 25, .box_h = 23, .ofs_x = 1, .ofs_y = 0},
    {.bitmap_index = 3872, .adv_w = 233, .box_w = 13, .box_h = 22, .ofs_x = 1, .ofs_y = -6},
    {.bitmap_index = 3908, .adv_w = 317, .box_w = 19, .box_h = 28, .ofs_x = 0, .ofs_y = 0},
    {.bitmap_index = 3975, .adv_w = 317, .box_w = 19, .box_h = 28, .ofs_x = 0, .ofs_y = 0},
    {.bitmap_index = 4042, .adv_w = 317, .box_w = 19, .box_h = 27, .ofs_x = 0, .ofs_y = 0},
    {.bitmap_index = 4107, .adv_w = 317, .box_w = 19, .box_h = 26, .ofs_x = 0, .ofs_y = 0},
    {.bitmap_index = 4169, .adv_w = 317, .box_w = 19, .box_h = 26, .ofs_x = 0, .ofs_y = 0},
    {.bitmap_index = 4231, .adv_w = 317, .box_w = 18, .box_h = 29, .ofs_x = 1, .ofs_y = 0},
    {.bitmap_index = 4297, .adv_w = 467, .box_w = 28, .box_h = 22, .ofs_x = 0, .ofs_y = 0},
    {.bitmap_index = 4374, .adv_w = 331, .box_w = 18, .box_h = 29, .ofs_x = 2, .ofs_y = -7},
    {.bitmap_index = 4440, .adv_w = 280, .box_w = 14, .box_h = 28, .ofs_x = 2, .ofs_y = 0},
    {.bitmap_index = 4489, .adv_w = 280, .box_w = 14, .box_h = 28, .ofs_x = 2, .ofs_y = 0},
    {.bitmap_index = 4538, .adv_w = 280, .box_w = 14, .box_h = 27, .ofs_x = 2, .ofs_y = 0},
    {.bitmap_index = 4586, .adv_w = 280, .box_w = 14, .box_h = 26, .ofs_x = 2, .ofs_y = 0},
    {.bitmap_index = 4632, .adv_w = 114, .box_w = 5, .box_h = 28, .ofs_x = 0, .ofs_y = 0},
    {.bitmap_index = 4650, .adv_w = 114, .box_w = 5, .box_h = 28, .ofs_x = 1, .ofs_y = 0},
    {.bitmap_index = 4668, .adv_w = 114, .box_w = 8, .box_h = 27, .ofs_x = -1, .ofs_y = 0},
    {.bitmap_index = 4695, .adv_w = 114, .box_w = 9, .box_h = 26, .ofs_x = -1, .ofs_y = 0},
    {.bitmap_index = 4725, .adv_w = 370, .box_w = 21, .box_h = 22, .ofs_x = 1, .ofs_y = 0},
    {.bitmap_index = 4783, .adv_w = 350, .box_w = 17, .box_h = 26, .ofs_x = 2, .ofs_y = 0},
    {.bitmap_index = 4839, .adv_w = 371, .box_w = 20, .box_h = 28, .ofs_x = 2, .ofs_y = 0},
    {.bitmap_index = 4909, .adv_w = 371, .box_w = 20, .box_h = 28, .ofs_x = 2, .ofs_y = 0},
    {.bitmap_index = 4979, .adv_w = 371, .box_w = 20, .box_h = 28, .ofs_x = 2, .ofs_y = 0},
    {.bitmap_index = 5049, .adv_w = 371, .box_w = 20, .box_h = 27, .ofs_x = 2, .ofs_y = 0},
    {.bitmap_index = 5117, .adv_w = 371, .box_w = 20, .box_h = 27, .ofs_x = 2, .ofs_y = 0},
    {.bitmap_index = 5185, .adv_w = 289, .box_w = 14, .box_h = 13, .ofs_x = 2, .ofs_y = 4},
    {.bitmap_index = 5208, .adv_w = 371, .box_w = 22, .box_h = 26, .ofs_x = 1, .ofs_y = -2},
    {.bitmap_index = 5280, .adv_w = 336, .box_w = 16, .box_h = 28, .ofs_x = 2, .ofs_y = 0},
    {.bitmap_index = 5336, .adv_w = 336, .box_w = 16, .box_h = 28, .ofs_x = 2, .ofs_y = 0},
    {.bitmap_index = 5392, .adv_w = 336, .box_w = 16, .box_h = 28, .ofs_x = 2, .ofs_y = 0},
    {.bitmap_index = 5448, .adv_w = 336, .box_w = 16, .box_h = 27, .ofs_x = 2, .ofs_y = 0},
    {.bitmap_index = 5502, .adv_w = 292, .box_w = 18, .box_h = 28, .ofs_x = 0, .ofs_y = 0},
    {.bitmap_index = 5565, .adv_w = 297, .box_w = 15, .box_h = 22, .ofs_x = 2, .ofs_y = 0},
    {.bitmap_index = 5607, .adv_w = 273, .box_w = 14, .box_h = 22, .ofs_x = 2, .ofs_y = 0},
    {.bitmap_index = 5646, .adv_w = 257, .box_w = 12, .box_h = 22, .ofs_x = 1, .ofs_y = 0},
    {.bitmap_index = 5679, .adv_w = 257, .box_w = 12, .box_h = 22, .ofs_x = 1, .ofs_y = 0},
    {.bitmap_index = 5712, .adv_w = 257, .box_w = 12, .box_h = 22, .ofs_x = 1, .ofs_y = 0},
    {.bitmap_index = 5745, .adv_w = 257, .box_w = 12, .box_h = 21, .ofs_x = 1, .ofs_y = 0},
    {.bitmap_index = 5777, .adv_w = 257, .box_w = 12, .box_h = 21, .ofs_x = 1, .ofs_y = 0},
    {.bitmap_index = 5809, .adv_w = 257, .box_w = 12, .box_h = 24, .ofs_x = 1, .ofs_y = 0},
    {.bitmap_index = 5845, .adv_w = 430, .box_w = 24, .box_h = 16, .ofs_x = 1, .ofs_y = 0},
    {.bitmap_index = 5893, .adv_w = 252, .box_w = 14, .box_h = 22, .ofs_x = 1, .ofs_y = -6},
    {.bitmap_index = 5932, .adv_w = 265, .box_w = 14, .box_h = 22, .ofs_x = 1, .ofs_y = 0},
    {.bitmap_index = 5971, .adv_w = 265, .box_w = 14, .box_h = 22, .ofs_x = 1, .ofs_y = 0},
    {.bitmap_index = 6010, .adv_w = 265, .box_w = 14, .box_h = 22, .ofs_x = 1, .ofs_y = 0},
    {.bitmap_index = 6049, .adv_w = 265, .box_w = 14, .box_h = 21, .ofs_x = 1, .ofs_y = 0},
    {.bitmap_index = 6086, .adv_w = 106, .box_w = 5, .box_h = 23, .ofs_x = -1, .ofs_y = 0},
    {.bitmap_index = 6101, .adv_w = 106, .box_w = 5, .box_h = 23, .ofs_x = 2, .ofs_y = 0},
    {.bitmap_index = 6116, .adv_w = 109, .box_w = 8, .box_h = 22, .ofs_x = -1, .ofs_y = 0},
    {.bitmap_index = 6138, .adv_w = 108, .box_w = 9, .box_h = 21, .ofs_x = -1, .ofs_y = 0},
    {.bitmap_index = 6162, .adv_w = 268, .box_w = 14, .box_h = 23, .ofs_x = 1, .ofs_y = 0},
    {.bitmap_index = 6203, .adv_w = 278, .box_w = 13, .box_h = 21, .ofs_x = 2, .ofs_y = 0},
    {.bitmap_index = 6238, .adv_w = 273, .box_w = 14, .box_h = 23, .ofs_x = 1, .ofs_y = 0},
    {.bitmap_index = 6279, .adv_w = 273, .box_w = 14, .box_h = 23, .ofs_x = 1, .ofs_y = 0},
    {.bitmap_index = 6320, .adv_w = 273, .box_w = 14, .box_h = 22, .ofs_x = 1, .ofs_y = 0},
    {.bitmap_index = 6359, .adv_w = 273, .box_w = 14, .box_h = 21, .ofs_x = 1, .ofs_y = 0},
    {.bitmap_index = 6396, .adv_w = 273, .box_w = 14, .box_h = 21, .ofs_x = 1, .ofs_y = 0},
    {.bitmap_index = 6433, .adv_w = 289, .box_w = 14, .box_h = 13, .ofs_x = 2, .ofs_y = 4},
    {.bitmap_index = 6456, .adv_w = 274, .box_w = 16, .box_h = 18, .ofs_x = 0, .ofs_y = -1},
    {.bitmap_index = 6492, .adv_w = 278, .box_w = 13, .box_h = 23, .ofs_x = 2, .ofs_y = 0},
    {.bitmap_index = 6530, .adv_w = 278, .box_w = 13, .box_h = 23, .ofs_x = 2, .ofs_y = 0},
    {.bitmap_index = 6568, .adv_w = 278, .box_w = 13, .box_h = 22, .ofs_x = 2, .ofs_y = 0},
    {.bitmap_index = 6604, .adv_w = 278, .box_w = 13, .box_h = 21, .ofs_x = 2, .ofs_y = 0},
    {.bitmap_index = 6639, .adv_w = 243, .box_w = 15, .box_h = 29, .ofs_x = 0, .ofs_y = -6},
    {.bitmap_index = 6694, .adv_w = 284, .box_w = 14, .box_h = 28, .ofs_x = 2, .ofs_y = -6},
    {.bitmap_index = 6743, .adv_w = 243, .box_w = 15, .box_h = 27, .ofs_x = 0, .ofs_y = -6},
    {.bitmap_index = 6794, .adv_w = 257, .box_w = 13, .box_h = 16, .ofs_x = 2, .ofs_y = 0},
    {.bitmap_index = 6820, .adv_w = 285, .box_w = 14, .box_h = 16, .ofs_x = 1, .ofs_y = 0},
    {.bitmap_index = 6848, .adv_w = 285, .box_w = 14, .box_h = 16, .ofs_x = 2, .ofs_y = 0},
    {.bitmap_index = 6876, .adv_w = 284, .box_w = 14, .box_h = 22, .ofs_x = 2, .ofs_y = 0},
    {.bitmap_index = 6915, .adv_w = 252, .box_w = 13, .box_h = 16, .ofs_x = 1, .ofs_y = 0},
    {.bitmap_index = 6941, .adv_w = 252, .box_w = 13, .box_h = 18, .ofs_x = 1, .ofs_y = -2},
    {.bitmap_index = 6971, .adv_w = 286, .box_w = 17, .box_h = 28, .ofs_x = 1, .ofs_y = -6},
    {.bitmap_index = 7031, .adv_w = 284, .box_w = 17, .box_h = 22, .ofs_x = 1, .ofs_y = 0},
    {.bitmap_index = 7078, .adv_w = 265, .box_w = 14, .box_h = 16, .ofs_x = 1, .ofs_y = 0},
    {.bitmap_index = 7106, .adv_w = 265, .box_w = 14, .box_h = 16, .ofs_x = 1, .ofs_y = 0},
    {.bitmap_index = 7134, .adv_w = 316, .box_w = 19, .box_h = 16, .ofs_x = 1, .ofs_y = 0},
    {.bitmap_index = 7172, .adv_w = 234, .box_w = 13, .box_h = 16, .ofs_x = 2, .ofs_y = 0},
    {.bitmap_index = 7198, .adv_w = 232, .box_w = 13, .box_h = 16, .ofs_x = 1, .ofs_y = 0},
    {.bitmap_index = 7224, .adv_w = 269, .box_w = 17, .box_h = 16, .ofs_x = 1, .ofs_y = 0},
    {.bitmap_index = 7258, .adv_w = 266, .box_w = 14, .box_h = 16, .ofs_x = 1, .ofs_y = 0},
    {.bitmap_index = 7286, .adv_w = 137, .box_w = 9, .box_h = 22, .ofs_x = -1, .ofs_y = -6},
    {.bitmap_index = 7311, .adv_w = 283, .box_w = 17, .box_h = 28, .ofs_x = 1, .ofs_y = -6},
    {.bitmap_index = 7371, .adv_w = 283, .box_w = 14, .box_h = 22, .ofs_x = 1, .ofs_y = -6},
    {.bitmap_index = 7410, .adv_w = 272, .box_w = 13, .box_h = 16, .ofs_x = 1, .ofs_y = 0},
    {.bitmap_index = 7436, .adv_w = 239, .box_w = 14, .box_h = 22, .ofs_x = 0, .ofs_y = -6},
    {.bitmap_index = 7475, .adv_w = 256, .box_w = 16, .box_h = 16, .ofs_x = 0, .ofs_y = 0},
    {.bitmap_index = 7507, .adv_w = 278, .box_w = 13, .box_h = 22, .ofs_x = 2, .ofs_y = -6},
    {.bitmap_index = 7543, .adv_w = 278, .box_w = 13, .box_h = 22, .ofs_x = 2, .ofs_y = 0},
    {.bitmap_index = 7579, .adv_w = 278, .box_w = 13, .box_h = 29, .ofs_x = 2, .ofs_y = -7},
    {.bitmap_index = 7627, .adv_w = 148, .box_w = 9, .box_h = 22, .ofs_x = 1, .ofs_y = 0},
    {.bitmap_index = 7652, .adv_w = 193, .box_w = 9, .box_h = 16, .ofs_x = 1, .ofs_y = 0},
    {.bitmap_index = 7670, .adv_w = 157, .box_w = 10, .box_h = 22, .ofs_x = 0, .ofs_y = 0},
    {.bitmap_index = 7698, .adv_w = 167, .box_w = 10, .box_h = 22, .ofs_x = 1, .ofs_y = 0},
    {.bitmap_index = 7726, .adv_w = 107, .box_w = 7, .box_h = 29, .ofs_x = 2, .ofs_y = -7},
    {.bitmap_index = 7752, .adv_w = 308, .box_w = 16, .box_h = 28, .ofs_x = 2, .ofs_y = -6},
    {.bitmap_index = 7808, .adv_w = 423, .box_w = 22, .box_h = 16, .ofs_x = 2, .ofs_y = 0},
    {.bitmap_index = 7852, .adv_w = 423, .box_w = 22, .box_h = 22, .ofs_x = 2, .ofs_y = -6},
    {.bitmap_index = 7913, .adv_w = 423, .box_w = 22, .box_h = 23, .ofs_x = 2, .ofs_y = -7},
    {.bitmap_index = 7977, .adv_w = 278, .box_w = 17, .box_h = 23, .ofs_x = -2, .ofs_y = -7},
    {.bitmap_index = 8026, .adv_w = 276, .box_w = 18, .box_h = 23, .ofs_x = 2, .ofs_y = -7},
    {.bitmap_index = 8078, .adv_w = 270, .box_w = 13, .box_h = 16, .ofs_x = 2, .ofs_y = 0},
    {.bitmap_index = 8104, .adv_w = 273, .box_w = 14, .box_h = 16, .ofs_x = 1, .ofs_y = 0},
    {.bitmap_index = 8132, .adv_w = 396, .box_w = 22, .box_h = 16, .ofs_x = 1, .ofs_y = 0},
    {.bitmap_index = 8176, .adv_w = 281, .box_w = 14, .box_h = 28, .ofs_x = 1, .ofs_y = -6},
    {.bitmap_index = 8225, .adv_w = 179, .box_w = 9, .box_h = 16, .ofs_x = 0, .ofs_y = 0},
    {.bitmap_index = 8243, .adv_w = 179, .box_w = 9, .box_h = 22, .ofs_x = 0, .ofs_y = 0},
    {.bitmap_index = 8268, .adv_w = 178, .box_w = 14, .box_h = 23, .ofs_x = 0, .ofs_y = -7},
    {.bitmap_index = 8309, .adv_w = 179, .box_w = 9, .box_h = 23, .ofs_x = 2, .ofs_y = -7},
    {.bitmap_index = 8335, .adv_w = 154, .box_w = 7, .box_h = 16, .ofs_x = 2, .ofs_y = 0},
    {.bitmap_index = 8349, .adv_w = 247, .box_w = 13, .box_h = 16, .ofs_x = 2, .ofs_y = 0},
    {.bitmap_index = 8375, .adv_w = 247, .box_w = 13, .box_h = 16, .ofs_x = 0, .ofs_y = 0},
    {.bitmap_index = 8401, .adv_w = 225, .box_w = 12, .box_h = 23, .ofs_x = 1, .ofs_y = -7},
    {.bitmap_index = 8436, .adv_w = 142, .box_w = 12, .box_h = 28, .ofs_x = -2, .ofs_y = -6},
    {.bitmap_index = 8478, .adv_w = 137, .box_w = 9, .box_h = 28, .ofs_x = -1, .ofs_y = -6},
    {.bitmap_index = 8510, .adv_w = 164, .box_w = 9, .box_h = 28, .ofs_x = 1, .ofs_y = -7},
    {.bitmap_index = 8542, .adv_w = 285, .box_w = 17, .box_h = 16, .ofs_x = 1, .ofs_y = 0},
    {.bitmap_index = 8576, .adv_w = 294, .box_w = 16, .box_h = 16, .ofs_x = 1, .ofs_y = 0},
    {.bitmap_index = 8608, .adv_w = 266, .box_w = 13, .box_h = 16, .ofs_x = 2, .ofs_y = 0},
    {.bitmap_index = 8634, .adv_w = 240, .box_w = 15, .box_h = 16, .ofs_x = 0, .ofs_y = 0},
    {.bitmap_index = 8664, .adv_w = 377, .box_w = 23, .box_h = 16, .ofs_x = 0, .ofs_y = 0},
    {.bitmap_index = 8710, .adv_w = 243, .box_w = 15, .box_h = 22, .ofs_x = 0, .ofs_y = 0},
    {.bitmap_index = 8752, .adv_w = 227, .box_w = 14, .box_h = 16, .ofs_x = 0, .ofs_y = 0},
    {.bitmap_index = 8780, .adv_w = 226, .box_w = 17, .box_h = 23, .ofs_x = 1, .ofs_y = -7},
    {.bitmap_index = 8829, .adv_w = 270, .box_w = 16, .box_h = 18, .ofs_x = 1, .ofs_y = -2},
    {.bitmap_index = 8865, .adv_w = 227, .box_w = 14, .box_h = 22, .ofs_x = 0, .ofs_y = -6},
    {.bitmap_index = 8904, .adv_w = 208, .box_w = 13, .box_h = 22, .ofs_x = -1, .ofs_y = 0},
    {.bitmap_index = 8940, .adv_w = 208, .box_w = 13, .box_h = 22, .ofs_x = 1, .ofs_y = 0},
    {.bitmap_index = 8976, .adv_w = 371, .box_w = 20, .box_h = 22, .ofs_x = 2, .ofs_y = 0},
    {.bitmap_index = 9031, .adv_w = 255, .box_w = 13, .box_h = 16, .ofs_x = 2, .ofs_y = 0},
    {.bitmap_index = 9057, .adv_w = 268, .box_w = 16, .box_h = 22, .ofs_x = 1, .ofs_y = 0},
    {.bitmap_index = 9101, .adv_w = 277, .box_w = 13, .box_h = 16, .ofs_x = 2, .ofs_y = 0},
    {.bitmap_index = 9127, .adv_w = 166, .box_w = 13, .box_h = 28, .ofs_x = -2, .ofs_y = -6},
    {.bitmap_index = 9173, .adv_w = 239, .box_w = 12, .box_h = 22, .ofs_x = 1, .ofs_y = -6},
    {.bitmap_index = 9206, .adv_w = 209, .box_w = 11, .box_h = 16, .ofs_x = 2, .ofs_y = 0},
    {.bitmap_index = 9228, .adv_w = 284, .box_w = 17, .box_h = 28, .ofs_x = 1, .ofs_y = -6},
    {.bitmap_index = 9288, .adv_w = 208, .box_w = 13, .box_h = 22, .ofs_x = 0, .ofs_y = 0},
    {.bitmap_index = 9324, .adv_w = 208, .box_w = 13, .box_h = 22, .ofs_x = 1, .ofs_y = 0},
    {.bitmap_index = 9360, .adv_w = 460, .box_w = 27, .box_h = 22, .ofs_x = 1, .ofs_y = 0},
    {.bitmap_index = 9435, .adv_w = 469, .box_w = 27, .box_h = 28, .ofs_x = 1, .ofs_y = -6},
    {.bitmap_index = 9530, .adv_w = 504, .box_w = 30, .box_h = 24, .ofs_x = 1, .ofs_y = -2},
    {.bitmap_index = 9620, .adv_w = 336, .box_w = 20, .box_h = 21, .ofs_x = 0, .ofs_y = 0},
    {.bitmap_index = 9673, .adv_w = 240, .box_w = 16, .box_h = 28, .ofs_x = 0, .ofs_y = -6},
    {.bitmap_index = 9729, .adv_w = 406, .box_w = 23, .box_h = 21, .ofs_x = 1, .ofs_y = 0},
    {.bitmap_index = 9790, .adv_w = 404, .box_w = 23, .box_h = 29, .ofs_x = 0, .ofs_y = -7},
    {.bitmap_index = 9874, .adv_w = 304, .box_w = 16, .box_h = 22, .ofs_x = 2, .ofs_y = 0},
    {.bitmap_index = 9918, .adv_w = 312, .box_w = 17, .box_h = 22, .ofs_x = 2, .ofs_y = 0},
    {.bitmap_index = 9965, .adv_w = 287, .box_w = 16, .box_h = 22, .ofs_x = 1, .ofs_y = 0},
    {.bitmap_index = 10009, .adv_w = 273, .box_w = 12, .box_h = 22, .ofs_x = 2, .ofs_y = 0},
    {.bitmap_index = 10042, .adv_w = 150, .box_w = 8, .box_h = 12, .ofs_x = 1, .ofs_y = 18},
    {.bitmap_index = 10054, .adv_w = 68, .box_w = 4, .box_h = 17, .ofs_x = -1, .ofs_y = 14},
    {.bitmap_index = 10063, .adv_w = 106, .box_w = 5, .box_h = 9, .ofs_x = 1, .ofs_y = 18},
    {.bitmap_index = 10069, .adv_w = 214, .box_w = 13, .box_h = 9, .ofs_x = 0, .ofs_y = 18},
    {.bitmap_index = 10084, .adv_w = 144, .box_w = 9, .box_h = 13, .ofs_x = 0, .ofs_y = 14},
    {.bitmap_index = 10099, .adv_w = 117, .box_w = 2, .box_h = 6, .ofs_x = 2, .ofs_y = 18},
    {.bitmap_index = 10101, .adv_w = 117, .box_w = 2, .box_h = 6, .ofs_x = 2, .ofs_y = 18},
    {.bitmap_index = 10103, .adv_w = 148, .box_w = 8, .box_h = 12, .ofs_x = 1, .ofs_y = 18},
    {.bitmap_index = 10115, .adv_w = 169, .box_w = 8, .box_h = 5, .ofs_x = 1, .ofs_y = 17},
    {.bitmap_index = 10120, .adv_w = 169, .box_w = 8, .box_h = 5, .ofs_x = 1, .ofs_y = 17},
    {.bitmap_index = 10125, .adv_w = 112, .box_w = 2, .box_h = 6, .ofs_x = 3, .ofs_y = 19},
    {.bitmap_index = 10127, .adv_w = 185, .box_w = 7, .box_h = 2, .ofs_x = 1, .ofs_y = 18},
    {.bitmap_index = 10129, .adv_w = 155, .box_w = 5, .box_h = 6, .ofs_x = 2, .ofs_y = 17},
    {.bitmap_index = 10133, .adv_w = 146, .box_w = 5, .box_h = 6, .ofs_x = 1, .ofs_y = 17},
    {.bitmap_index = 10137, .adv_w = 112, .box_w = 2, .box_h = 6, .ofs_x = 3, .ofs_y = -8},
    {.bitmap_index = 10139, .adv_w = 138, .box_w = 3, .box_h = 15, .ofs_x = 3, .ofs_y = 0},
    {.bitmap_index = 10145, .adv_w = 138, .box_w = 3, .box_h = 3, .ofs_x = 3, .ofs_y = 13},
    {.bitmap_index = 10147, .adv_w = 165, .box_w = 8, .box_h = 5, .ofs_x = 1, .ofs_y = 17},
    {.bitmap_index = 10152, .adv_w = 90, .box_w = 3, .box_h = 3, .ofs_x = 1, .ofs_y = 18},
    {.bitmap_index = 10154, .adv_w = 137, .box_w = 6, .box_h = 6, .ofs_x = 1, .ofs_y = 17},
    {.bitmap_index = 10159, .adv_w = 121, .box_w = 6, .box_h = 7, .ofs_x = 1, .ofs_y = -7},
    {.bitmap_index = 10165, .adv_w = 178, .box_w = 9, .box_h = 3, .ofs_x = 1, .ofs_y = 18},
    {.bitmap_index = 10169, .adv_w = 178, .box_w = 9, .box_h = 6, .ofs_x = 1, .ofs_y = 17},
    {.bitmap_index = 10176, .adv_w = 148, .box_w = 7, .box_h = 5, .ofs_x = 1, .ofs_y = 7},
    {.bitmap_index = 10181, .adv_w = 159, .box_w = 9, .box_h = 12, .ofs_x = 1, .ofs_y = 11},
    {.bitmap_index = 10195, .adv_w = 68, .box_w = 3, .box_h = 12, .ofs_x = 1, .ofs_y = 18},
    {.bitmap_index = 10200, .adv_w = 130, .box_w = 7, .box_h = 9, .ofs_x = 1, .ofs_y = 18},
    {.bitmap_index = 10208, .adv_w = 139, .box_w = 9, .box_h = 9, .ofs_x = 0, .ofs_y = 18},
    {.bitmap_index = 10219, .adv_w = 216, .box_w = 9, .box_h = 22, .ofs_x = 2, .ofs_y = 0},
    {.bitmap_index = 10244, .adv_w = 216, .box_w = 9, .box_h = 21, .ofs_x = 2, .ofs_y = 0},
    {.bitmap_index = 10268, .adv_w = 216, .box_w = 9, .box_h = 21, .ofs_x = 2, .ofs_y = 0},
    {.bitmap_index = 10292, .adv_w = 216, .box_w = 9, .box_h = 21, .ofs_x = 2, .ofs_y = 0},
    {.bitmap_index = 10316, .adv_w = 216, .box_w = 9, .box_h = 22, .ofs_x = 2, .ofs_y = 0},
    {.bitmap_index = 10341, .adv_w = 169, .box_w = 8, .box_h = 5, .ofs_x = 1, .ofs_y = -7},
    {.bitmap_index = 10346, .adv_w = 178, .box_w = 9, .box_h = 5, .ofs_x = 1, .ofs_y = 17},
    {.bitmap_index = 10352, .adv_w = 137, .box_w = 6, .box_h = 6, .ofs_x = 1, .ofs_y = -8}
};

/*---------------------
 *  CHARACTER MAPPING
 *--------------------*/

static const uint8_t glyph_id_ofs_list_3[] = {
    0, 1, 2, 3, 4, 5, 6, 7,
    8, 9, 10, 11, 12, 0, 13, 14,
    15, 16, 0, 17, 18, 0, 19, 20,
    21, 22, 23, 0, 0, 0, 24, 25,
    26, 27, 28, 29, 30, 31, 32, 33,
    34, 0, 35, 36, 0, 0, 37, 38,
    0, 39, 40, 41, 42, 43, 44, 45,
    46, 47, 48, 49, 50, 51, 52, 53,
    54, 55, 56, 57, 0, 0, 58, 0,
    59, 60, 0, 0, 0, 61, 62, 0,
    0, 63, 64, 0, 0, 0, 0, 65,
    0, 0, 0, 0, 66, 67, 68, 69,
    70, 71, 72, 0, 0, 0, 73, 74,
    0, 0, 0, 0, 0, 0, 75, 76,
    77, 78, 79, 80, 81, 0, 82, 83,
    84, 85, 0, 86, 87, 88, 89, 90,
    0, 0, 91, 92, 0, 0, 0, 0,
    0, 93
};

/*Collect the unicode lists and glyph_id offsets*/
static const lv_font_fmt_txt_cmap_t cmaps[] =
{
    {
        .range_start = 32, .range_length = 96, .glyph_id_start = 1,
        .unicode_list = NULL, .glyph_id_ofs_list = NULL, .list_length = 0, .type = LV_FONT_FMT_TXT_CMAP_FORMAT0_TINY
    },
    {
        .range_start = 160, .range_length = 96, .glyph_id_start = 97,
        .unicode_list = NULL, .glyph_id_ofs_list = NULL, .list_length = 0, .type = LV_FONT_FMT_TXT_CMAP_FORMAT0_TINY
    },
    {
        .range_start = 592, .range_length = 25, .glyph_id_start = 193,
        .unicode_list = NULL, .glyph_id_ofs_list = NULL, .list_length = 0, .type = LV_FONT_FMT_TXT_CMAP_FORMAT0_TINY
    },
    {
        .range_start = 618, .range_length = 138, .glyph_id_start = 218,
        .unicode_list = NULL, .glyph_id_ofs_list = glyph_id_ofs_list_3, .list_length = 138, .type = LV_FONT_FMT_TXT_CMAP_FORMAT0_FULL
    }
};

/*-----------------
 *    KERNING
 *----------------*/


/*Map glyph_ids to kern left classes*/
static const uint8_t kern_left_class_mapping[] =
{
    0, 0, 0, 1, 0, 0, 0, 2,
    1, 3, 0, 0, 0, 4, 5, 4,
    6, 7, 0, 8, 9, 10, 11, 12,
    13, 14, 15, 0, 0, 0, 0, 0,
    16, 17, 18, 19, 20, 21, 22, 23,
    24, 25, 25, 26, 27, 28, 25, 25,
    21, 29, 30, 31, 32, 33, 34, 35,
    36, 37, 38, 39, 40, 0, 0, 0,
    41, 0, 42, 43, 44, 0, 43, 45,
    46, 42, 47, 47, 48, 49, 42, 42,
    43, 43, 46, 50, 51, 52, 53, 54,
    55, 56, 54, 57, 40, 0, 0, 0,
    0, 0, 0, 0, 0, 0, 0, 0,
    0, 0, 0, 0, 58, 0, 0, 0,
    0, 0, 0, 0, 0, 0, 0, 0,
    0, 0, 0, 0, 0, 0, 0, 0,
    59, 18, 18, 18, 18, 18, 18, 22,
    20, 22, 22, 22, 22, 25, 25, 25,
    25, 21, 25, 21, 21, 21, 21, 21,
    0, 21, 34, 34, 34, 34, 38, 60,
    61, 42, 42, 62, 62, 62, 62, 43,
    44, 43, 63, 63, 63, 47, 64, 64,
    64, 65, 66, 43, 67, 67, 67, 67,
    0, 68, 53, 53, 53, 53, 69, 43,
    69, 70, 53, 43, 43, 43, 44, 0,
    71, 43, 43, 0, 44, 72, 72, 72,
    73, 71, 46, 42, 54, 74, 46, 42,
    42, 75, 0, 0, 0, 0, 76, 53,
    46, 46, 42, 77, 42, 43, 0, 43,
    53, 0, 77, 50, 78, 0, 0, 51,
    79, 80, 81, 82, 0, 43, 83, 83,
    83, 79, 84, 85, 76, 0, 0, 21,
    86, 71, 42, 87, 46, 88, 71, 0,
    0, 57, 76, 85, 51, 79, 44, 42,
    51, 57, 0, 0, 0, 0, 0, 0,
    0, 0, 0, 0, 0, 0, 0, 0,
    0, 0, 0, 0, 0, 0, 0, 0,
    0, 0, 0, 0, 0, 0, 0, 0,
    0, 0, 0, 0, 0, 0, 0, 0
};

/*Map glyph_ids to kern right classes*/
static const uint8_t kern_right_class_mapping[] =
{
    0, 0, 0, 1, 0, 0, 0, 2,
    1, 0, 0, 0, 0, 3, 4, 3,
    5, 6, 7, 8, 9, 10, 11, 12,
    13, 14, 15, 0, 0, 0, 0, 0,
    16, 17, 18, 19, 20, 19, 19, 19,
    20, 19, 19, 21, 19, 19, 19, 19,
    20, 19, 20, 19, 22, 23, 24, 25,
    26, 27, 28, 29, 0, 30, 31, 0,
    32, 0, 33, 34, 35, 35, 35, 36,
    37, 34, 38, 39, 34, 40, 41, 41,
    35, 41, 35, 41, 42, 43, 44, 45,
    46, 47, 45, 48, 0, 0, 0, 0,
    0, 0, 0, 0, 0, 0, 0, 0,
    0, 0, 0, 0, 0, 0, 0, 0,
    0, 0, 0, 0, 0, 0, 0, 0,
    0, 0, 0, 0, 49, 0, 0, 0,
    0, 18, 18, 18, 18, 18, 18, 50,
    20, 19, 19, 19, 19, 19, 19, 19,
    19, 19, 19, 20, 20, 20, 20, 20,
    0, 20, 24, 24, 24, 24, 28, 19,
    34, 51, 33, 51, 51, 51, 51, 33,
    35, 52, 52, 52, 52, 53, 38, 53,
    53, 54, 55, 56, 56, 56, 56, 56,
    0, 57, 44, 44, 44, 44, 58, 34,
    58, 44, 35, 41, 34, 35, 35, 35,
    35, 35, 35, 35, 59, 60, 60, 35,
    61, 37, 37, 35, 45, 62, 44, 34,
    34, 63, 0, 0, 0, 40, 40, 44,
    41, 41, 64, 41, 41, 35, 35, 35,
    65, 65, 65, 41, 41, 41, 0, 42,
    0, 61, 43, 66, 0, 44, 67, 67,
    67, 68, 48, 48, 69, 0, 0, 20,
    41, 35, 41, 70, 71, 41, 35, 0,
    0, 35, 35, 35, 43, 43, 43, 36,
    40, 40, 0, 0, 0, 0, 0, 0,
    0, 0, 0, 0, 0, 0, 0, 0,
    0, 0, 0, 0, 0, 0, 0, 0,
    0, 0, 0, 0, 0, 0, 0, 0,
    0, 0, 0, 0, 0, 0, 0, 0
};

/*Kern values between classes*/
static const int8_t kern_class_values[] =
{
    0, 0, 0, 0, 0, 0, 0, 0,
    0, -43, 0, -28, 10, 0, 0, 0,
    0, 0, 0, 0, 0, 0, 0, 0,
    0, 0, 0, 0, 0, 0, 0, 0,
    0, 0, 0, 0, 0, 0, 0, 0,
    0, 0, 0, 0, 0, 0, 0, 0,
    0, 0, 0, 0, 0, 0, 0, 0,
    0, 0, 0, 0, 0, 0, 0, 0,
    0, 0, 0, 0, 0, 0, 0, 0,
    0, 0, 0, 0, 0, -27, 0, -17,
    -8, 0, -12, -36, 0, -21, 0, 0,
    0, 0, 0, 0, 0, 0, 0, 0,
    0, 0, 0, 0, 0, 0, 0, 0,
    0, 0, 0, 0, 0, 0, 0, 0,
    0, 0, 0, 0, 0, 0, 0, 0,
    0, 0, 0, 0, 0, 0, 0, 0,
    0, 0, 0, 0, 0, 0, 0, 0,
    0, 0, 0, 0, 0, 0, 0, 0,
    0, 0, 0, 0, 0, 0, 0, 0,
    0, 0, 0, 0, 0, 0, 0, 0,
    0, 0, 0, 0, 0, 0, 0, 0,
    0, 0, 0, 0, 0, 0, 0, 0,
    0, 0, 0, 0, 21, 0, 0, 0,
    0, 0, 0, 0, 0, 0, 0, 0,
    0, 0, 0, 0, 0, 0, 0, 0,
    0, 0, 0, 0, 0, 0, 0, 0,
    0, 0, 0, 0, 0, 0, 0, 0,
    0, 0, -16, -43, 0, -13, -22, -10,
    -10, -14, -4, -49, 0, 0, 0, 0,
    0, 0, 0, 0, 0, 0, 0, 0,
    0, 0, 0, 0, 0, 0, 0, 0,
    0, 0, 0, 0, 0, 0, 0, 0,
    0, 0, 0, 0, 0, 0, 0, 0,
    0, 0, 0, 0, 0, 0, 0, 0,
    0, 0, 0, 0, 0, 0, 0, 0,
    0, 0, 0, 0, 0, 0, 0, 0,
    0, 0, 0, -8, -14, 0, 0, 0,
    -14, 0, 0, 0, 0, 0, 0, 0,
    0, 0, 0, 0, 0, 0, 0, 0,
    0, 0, 0, 0, 0, 0, 0, 0,
    0, 0, 0, 0, 0, 0, 0, 0,
    0, 0, 0, 0, 0, 0, 0, 0,
    0, 0, 0, 0, 0, 0, 0, 0,
    0, 0, 0, 0, 0, 0, 0, 0,
    0, 0, 0, 0, 0, 0, 0, 0,
    0, 0, 0, 0, -34, 0, -24, 0,
    0, 0, 0, 0, 0, 0, 0, 0,
    0, 0, 0, 0, 0, 0, 0, 0,
    0, 0, 0, 0, 0, 0, 0, 0,
    0, 0, 0, 0, 0, 0, 0, 0,
    0, 0, 0, 0, 0, 0, 0, 0,
    0, 0, 0, 0, 0, 0, 0, 0,
    0, 0, 0, 0, 0, 0, 0, 0,
    0, 0, 0, 0, -16, 0, 0, 0,
    0, -14, -8, 0, 0, 0, -9, 0,
    0, 0, 0, -12, 0, 0, -12, 0,
    -17, 0, -12, -7, 0, -24, 0, 0,
    0, 0, 0, 0, 0, 0, 0, 0,
    0, 0, 0, 0, 0, 0, 0, 0,
    0, 0, 0, 0, 0, 0, 0, 0,
    0, 0, 0, 0, 0, 0, 0, 0,
    0, 0, 0, 0, 0, 0, 0, 0,
    0, 0, 0, 0, -4, 0, -8, 0,
    0, -13, -17, 0, -10, 0, 0, 0,
    0, 0, 0, 0, 0, 0, 0, 0,
    0, -5, 0, 0, -10, 0, 0, 0,
    0, 0, 0, 0, 0, 0, 0, 0,
    0, 0, 0, 0, 0, 0, 0, 0,
    0, 0, 0, 0, 0, 0, 0, 0,
    0, 0, 0, 0, 0, 0, 0, 0,
    0, 0, 0, 0, 0, 0, 0, 0,
    0, 0, -9, 0, 0, 0, 0, -10,
    0, 0, 0, 0, 0, 0, -5, -13,
    0, 0, 0, 0, 0, 0, 0, 0,
    0, 0, -5, -9, 0, 0, 0, 0,
    0, 0, 0, 0, 0, 0, 0, 0,
    0, 0, 0, 0, 0, 0, 0, 0,
    0, 0, 0, 0, 2, 0, 0, 0,
    0, 0, 0, 0, 0, 0, 0, 0,
    0, 0, 0, 0, 0, 0, 0, -6,
    0, 0, 0, 0, 0, -13, 0, -10,
    0, 0, 0, -10, 0, -10, -16, 0,
    0, 0, 0, 0, 0, -12, 0, -19,
    0, 0, -19, 0, 0, 0, 0, 0,
    0, 0, 0, 0, 0, 0, 0, 0,
    0, 0, 0, 0, 0, 0, 0, 0,
    0, 0, 0, 0, 0, 0, 0, 0,
    0, 0, 0, 0, 0, 0, 0, 0,
    0, 0, 0, 0, 0, 0, 0, 0,
    -10, 0, 0, 0, -13, 0, 0, 0,
    0, 0, -9, 0, 0, -21, 0, 0,
    0, 0, 0, 0, 0, 0, -11, 0,
    -12, 0, 0, 0, 0, 0, 0, 0,
    0, 0, 0, 0, 0, 0, 0, 0,
    0, 0, 0, 0, 0, 0, 0, 0,
    0, 0, 0, 0, 0, 0, 0, 0,
    0, 0, 0, 0, 0, 0, 0, 0,
    0, 0, 0, 0, 0, -33, 0, -10,
    0, 0, 0, -27, 0, 0, 0, 0,
    0, -15, 0, -5, -31, 0, 0, 0,
    0, 0, 0, -48, 0, -38, 0, -7,
    -50, 0, 0, 0, 0, 0, 0, 0,
    0, 0, 0, 0, 0, 0, 0, 0,
    0, -18, 0, -12, -9, 0, 0, 0,
    0, 0, 0, 0, 0, 0, 0, 0,
    0, 0, 0, 0, 0, 0, 0, 0,
    0, 0, 0, 0, 9, -37, -67, -10,
    -44, -14, 0, 0, 0, -36, 0, -34,
    2, -14, 0, 5, 0, -45, 0, 0,
    -50, 0, 0, 0, 0, 0, 0, 0,
    0, 0, 0, 0, -40, 0, -39, -13,
    -33, 0, 0, 0, -22, -28, 0, -18,
    0, 0, -19, -19, 0, -82, 0, 0,
    0, 0, 0, 0, -37, 0, 0, 0,
    0, 0, 0, 0, 0, 0, 0, 0,
    0, 0, 0, 0, 0, -5, 0, 0,
    0, 0, 0, 0, 0, 0, 0, -10,
    0, -11, -10, 0, 0, 0, 0, 0,
    0, -11, 0, -8, 0, 0, -18, 0,
    0, 0, 0, 0, 0, 0, 0, 0,
    0, 0, 0, 0, 0, 0, 0, 0,
    0, -9, 0, 0, 0, 0, 0, 0,
    0, 0, 0, 0, 0, 0, 0, 0,
    0, 0, 0, 0, 0, 0, 0, 0,
    0, 0, 0, -29, -53, 0, -24, 0,
    0, 0, 0, -15, 0, -14, 0, -10,
    0, 0, 0, -33, 0, 0, -39, 0,
    0, 0, -4, 0, -19, -9, 0, 0,
    0, 0, -19, 0, -13, 4, 0, 0,
    0, 0, 0, 0, 1, 0, 0, 0,
    0, 0, 0, 0, 0, 0, 0, 0,
    0, 0, 0, 0, 0, 0, 0, 0,
    0, 0, 0, 0, 0, 0, 0, 0,
    0, 0, 0, 0, 0, 0, 0, 0,
    0, -12, -24, -10, -14, 5, -9, 0,
    0, 0, 0, 0, 0, 0, 0, 0,
    0, 0, 0, 0, 0, 0, 0, 0,
    0, 0, 0, 0, 0, 0, 0, 0,
    0, 0, 0, 0, 0, 0, 0, 0,
    0, 0, 0, 0, 0, 0, 0, 0,
    0, 0, 0, 0, 0, 0, 0, 0,
    0, 0, 0, 0, 0, 0, 0, 0,
    0, 0, 0, 0, 0, 0, 0, 0,
    0, 0, 0, 0, 0, 0, 0, 0,
    0, -19, 0, 0, 0, 0, 0, 0,
    0, 0, -16, 0, 0, 0, 0, 0,
    0, 0, 0, 0, 0, 0, 0, 0,
    0, 0, 0, 0, 0, 0, 0, 0,
    0, -30, 0, 0, 0, 0, 0, 0,
    0, 0, 0, 0, 0, 0, 0, 0,
    0, 0, 0, 0, 0, 0, 0, -42,
    -6, 0, -19, 0, -12, -27, 0, 0,
    0, 0, 0, 0, 0, -33, -36, 0,
    0, 0, -16, 0, 0, -41, -10, -37,
    -29, 0, -39, 0, 0, 0, 0, 0,
    0, 0, -3, 0, 0, 0, -1, 0,
    0, -11, -9, -14, -14, 0, 0, 0,
    0, 0, -8, 0, 0, 0, -8, 0,
    -14, 0, 0, 0, 0, 0, 0, 0,
    0, 0, 0, 0, 0, 0, -14, 0,
    -8, 0, 0, 0, 0, 0, 0, 0,
    0, 0, 0, 0, 0, -10, 0, -5,
    0, 0, -5, 0, -13, 0, -16, -5,
    -10, -15, -3, 0, 0, 0, 0, 0,
    0, 0, 0, 0, 0, 0, 0, 0,
    0, 0, 0, 0, -2, -4, 0, 0,
    0, 0, 0, 0, 0, 0, 0, 0,
    0, 0, 0, 0, 0, 0, 0, 0,
    0, 0, 0, 0, 0, 0, 0, 0,
    -19, 0, 0, 0, 0, 0, 0, 0,
    0, 0, 0, 0, 0, 0, -9, 0,
    -9, 0, 0, -3, 0, 0, 0, -10,
    -13, -5, 0, 0, 0, -5, 0, -10,
    0, -9, 0, 0, 0, 0, 0, 0,
    0, -5, -10, -5, 0, 0, -19, -5,
    -10, 24, 0, 0, -10, -7, -5, 0,
    0, 0, 0, 0, 0, 0, 0, -18,
    0, 0, 0, 0, -9, 0, -24, 0,
    0, 0, 0, 0, 0, 0, 0, 0,
    0, 0, 0, -12, 0, -16, 0, 0,
    -24, 0, -17, 0, -14, -8, -15, -19,
    -12, 0, 0, 0, 0, 0, 0, 0,
    0, 0, 0, 0, 0, 0, 0, 0,
    0, 0, 0, -6, 0, -29, 0, 0,
    9, 0, 0, 0, 0, 0, 0, 0,
    0, 0, 0, 0, 0, 0, -14, 0,
    0, 0, 0, 0, -11, 0, 0, 0,
    0, 0, 0, 0, 0, 0, 0, 0,
    0, 0, 0, 0, 0, 0, 0, 0,
    0, 0, 0, 0, 0, 0, 0, 0,
    0, 0, 0, 0, 0, 0, 0, 0,
    0, 0, 0, 0, 0, 0, 0, -4,
    -2, 0, 0, 0, 0, 0, 0, 19,
    0, 0, 0, 0, -4, 0, 0, 0,
    0, 0, 0, 0, 0, 0, 0, 0,
    0, 0, 9, -13, -33, 0, 0, 0,
    0, 0, 0, -13, 0, -15, 0, 0,
    0, 0, 0, -28, 0, 0, -43, -3,
    0, 0, 0, 0, -5, 0, 0, 0,
    0, 0, -24, 0, -17, 0, -15, 0,
    0, 0, -16, -9, 0, -10, -5, -5,
    -9, -6, -38, -59, -24, -17, 24, 0,
    0, -17, -15, -5, 0, -43, 0, 0,
    0, 0, 0, 0, -43, 0, 0, 0,
    0, 0, 0, -16, 0, 0, 0, 0,
    0, 0, 0, 0, 0, 0, 0, 0,
    -12, 0, -11, 0, 0, 0, 0, -14,
    0, -14, -5, -8, -21, -3, 0, 0,
    0, 0, 0, 0, 0, 0, 0, 0,
    0, 0, -4, 0, 0, -5, -7, -10,
    0, 0, -14, 0, 0, 0, 0, 0,
    0, 0, -5, 0, 0, 0, 0, 0,
    0, 0, 0, -13, 0, 0, 0, 0,
    0, 0, 0, 0, 0, 0, 0, 0,
    0, 0, 0, 0, 0, 0, 0, 0,
    0, 0, 0, 0, 0, 0, 0, 0,
    0, 0, 0, 0, 0, 0, 0, 0,
    0, 0, 0, 0, 0, 0, 0, 0,
    0, 0, 0, 0, 0, 0, 0, 0,
    0, 0, 0, 0, 14, 0, 0, 0,
    0, 0, 0, 0, 0, 0, 0, 0,
    0, 0, 0, 0, 0, 0, 0, 0,
    0, -8, 0, 0, 0, 0, 0, 0,
    0, 0, 0, 0, 0, 0, 0, 0,
    0, 0, 0, -14, 0, 0, 0, 0,
    0, -7, 0, 0, 0, 0, 0, 0,
    0, 0, 0, 0, 0, 0, 0, 0,
    0, 0, 0, 0, 0, 0, 0, 0,
    -18, 0, 0, 13, 0, 0, 0, 0,
    0, 0, 0, 0, 0, 0, 0, 0,
    0, 0, 0, 0, 0, 0, 0, -17,
    10, -42, 0, -21, -14, 0, 0, -12,
    0, 0, 0, 0, -21, -16, 0, 0,
    0, -10, -8, -7, 0, 0, 0, 0,
    0, 0, 0, 0, 0, 0, -7, 0,
    -14, -10, -10, 0, 0, -4, -4, -5,
    -11, -16, -7, -24, 0, 0, 0, 0,
    -12, -14, 10, -14, 0, -14, -10, -6,
    -8, 3, 0, 0, -10, 0, 0, -11,
    0, 0, 0, 0, 0, -43, 0, 13,
    -43, 0, 0, -33, 0, 0, 0, 0,
    0, -12, 0, -56, -44, 0, 0, 0,
    -11, 0, 0, -67, -12, -54, -38, 0,
    -72, 0, 0, 0, 0, -8, 0, -8,
    -11, -8, 0, 0, 0, 0, 0, -18,
    -11, -31, -24, 0, 0, 0, 0, -8,
    -8, 0, 0, 0, -8, 0, -31, 0,
    0, 0, 0, 0, 0, 0, -11, 0,
    0, 0, 0, 0, 0, -19, -47, 0,
    0, 0, 0, -2, 0, -13, 0, 0,
    0, 0, 0, 0, 0, -32, 0, 0,
    -49, 0, -10, 0, -12, -5, -12, -14,
    -10, 0, 0, 0, -12, 0, -12, 11,
    -12, 0, 0, 0, 0, -5, 11, 0,
    4, 12, 0, 0, 0, -67, -12, -12,
    24, 0, 0, -12, -12, 4, -10, 0,
    0, 0, 0, 0, 0, 0, -46, 0,
    0, 0, 0, 0, 0, 0, 0, 0,
    0, 0, 0, 0, 0, 0, 0, 0,
    0, 0, 0, 0, -10, 0, 0, -19,
    0, -14, 0, -11, -11, -17, -20, -5,
    0, 0, 0, 0, 0, 0, 0, 0,
    0, 0, 0, 0, 0, 0, 0, 0,
    0, 0, 0, 0, 0, 0, 0, 0,
    0, 0, 0, 0, 0, 0, 0, 0,
    0, 0, 0, 0, 0, 0, 0, 0,
    0, 0, 0, -6, 0, 0, 0, 0,
    0, 0, 0, 0, 0, 0, 0, 0,
    0, 0, 0, 0, 0, 0, -13, 0,
    -10, 0, 0, -1, 0, -6, 0, 0,
    0, 0, -5, 0, -3, 0, -3, 0,
    0, 0, 0, 0, 0, -2, 0, 0,
    0, 0, 0, 0, -5, -3, 15, 0,
    0, -3, 0, 0, 0, 0, 0, 0,
    -8, 0, 0, 0, 0, 0, 0, 0,
    0, 0, 0, 0, 0, 0, 0, 0,
    0, 0, 0, 0, 0, 0, 0, 0,
    0, 0, 0, 0, 0, 0, 0, -7,
    0, -4, 0, -2, -10, 0, 0, 0,
    0, 0, 0, 0, 0, 0, 0, 0,
    0, 0, 0, 0, 0, 0, -3, -3,
    -1, 0, -10, 0, 0, 14, 0, 0,
    0, 0, 0, 0, 0, 0, 0, 0,
    0, 0, 0, 0, 0, 0, 0, 0,
    10, -34, -51, -39, 0, -17, 0, 0,
    0, -48, 0, -37, 0, -11, 0, 0,
    0, -41, 0, -15, -45, -6, 0, 0,
    -10, 0, -10, 0, 0, 0, 0, 0,
    -54, -32, -61, -18, -57, 0, 0, 0,
    -46, -53, -12, -38, -43, -48, -51, -45,
    -50, -67, -33, -48, 24, -48, -29, -39,
    -60, -29, -46, -48, -16, 0, -10, -43,
    0, -38, -56, 0, 0, -29, 0, 0,
    0, -18, 0, 0, 0, 0, 0, 0,
    0, 0, 0, 0, 0, 0, 0, 0,
    -10, 0, 0, -18, 0, 0, 0, 0,
    0, -4, 0, -2, 0, 0, 0, 0,
    0, 0, 0, 0, 0, 0, 0, 0,
    0, 0, 0, 0, 0, 0, 0, 0,
    0, 0, 0, 14, 0, 0, 0, 0,
    0, 0, 0, 0, 0, 0, 0, 0,
    0, 0, 0, 0, 0, 0, 0, -33,
    -61, -19, 0, -12, 0, -9, 0, -31,
    -10, -24, 0, -8, 0, 0, 0, -37,
    0, -14, -45, -4, 0, 0, 0, 0,
    0, 0, 0, 0, 0, 0, -38, -22,
    -35, -7, -33, 0, 0, 0, -22, -28,
    -4, -21, -13, -13, -18, -15, -32, -69,
    -24, -35, 23, -34, -10, -25, -35, -9,
    0, -24, -16, 0, -10, -19, 0, -14,
    -43, 0, 0, -24, 0, 0, -18, -40,
    -13, 0, -7, 0, 0, 0, -24, 0,
    0, 0, 0, 0, 0, 0, -28, 0,
    -8, -43, 1, 0, 0, 0, 0, 0,
    0, 0, 0, 0, 0, -31, 0, -26,
    -6, -26, 0, 0, 0, -18, -22, 0,
    -21, -5, -9, -13, -10, 0, -59, -24,
    -26, 26, -29, -6, -19, -26, 0, 0,
    0, -10, 0, -5, -14, 0, -14, -29,
    0, 0, -23, 0, 0, -12, 5, -36,
    0, 0, -8, 0, -5, -9, -12, -9,
    0, 0, -21, -10, -8, 0, 0, -15,
    -2, -3, -12, -4, 0, 0, 0, 0,
    0, 0, 0, 0, -7, 0, -12, -8,
    -12, 0, 0, -3, 0, -9, -10, -13,
    -14, -17, 0, 0, 0, 0, -7, -12,
    11, -16, 0, -12, 0, -10, -11, 1,
    0, 0, -6, 0, 0, -12, 0, 0,
    0, 0, 0, 0, -37, -55, -31, 0,
    -24, 0, -9, -4, -49, 0, -42, 0,
    -18, -7, 0, -19, -39, 0, -19, -49,
    -10, 0, 0, 0, 0, 0, 0, 0,
    0, 0, 0, -43, -22, -49, -17, -47,
    0, 0, 0, -36, -42, -13, -33, -19,
    -23, -23, -28, -46, -69, -31, -42, 24,
    -47, -24, -35, -48, -14, -51, -43, -29,
    0, -12, -34, 0, -24, -56, 0, 0,
    -27, 0, 0, -19, 0, -24, 0, 0,
    0, 0, 0, -22, 0, 0, 0, 0,
    0, 0, 0, 0, 0, -14, 0, 0,
    0, -5, 0, 0, 0, 0, 0, 0,
    0, 0, 0, 0, -8, 0, 0, 0,
    0, 0, 0, 0, -8, -10, -6, -11,
    0, 0, 0, 0, 0, -8, 27, 0,
    0, -8, 0, 0, 0, 0, 0, 0,
    0, 0, 0, -10, 0, 0, 0, 0,
    0, 0, 0, 0, 0, 0, 0, 0,
    0, 0, 0, 0, 0, 0, 0, 0,
    0, 0, 0, 0, 0, 0, 0, 0,
    0, 0, 0, 0, 0, 0, 0, 0,
    0, 0, 0, 0, 0, 0, 0, 20,
    0, 0, 0, 0, 0, 0, 0, 0,
    0, 0, 0, 0, 0, 0, 0, 0,
    0, 0, 0, 0, 0, 0, 0, 0,
    0, 0, 0, 0, 0, 0, 0, 0,
    0, 0, 0, 0, 0, 0, 0, 0,
    0, 0, 0, 0, 0, 0, 0, 0,
    0, 0, 0, 0, 0, 0, 0, 0,
    0, 0, 0, 0, 0, 0, 0, 0,
    0, 0, -26, 0, 0, 0, 33, 0,
    0, 0, 0, 0, 0, 0, 0, 0,
    0, 0, 0, 0, 0, 0, 0, 0,
    0, 0, 0, 0, 0, 0, 0, 0,
    0, 0, 0, 0, 0, 0, 0, -15,
    0, 0, 0, 0, 0, -16, 0, 0,
    0, 0, 0, -20, 0, -9, -24, 0,
    0, 0, 0, 0, -8, -57, 0, -38,
    -28, -9, -39, 0, 0, 0, 0, 0,
    0, 0, 0, 0, 0, 0, 0, 0,
    0, 0, 0, 0, 0, 0, 0, 0,
    0, 0, 0, 0, 0, 0, 0, 0,
    0, 0, 0, 0, 0, 0, 0, 0,
    0, 0, 0, 0, 0, 0, -19, 0,
    -10, 0, 0, 0, 0, 0, 0, 0,
    0, 0, -26, 0, -12, -33, 0, -8,
    0, 0, -6, -6, -57, 0, -34, -25,
    -14, -42, -5, 0, 0, -1, 0, 0,
    0, 0, 0, 0, 0, 0, 0, 0,
    0, 0, -2, -5, -7, -3, 0, 0,
    0, 0, 0, 0, 0, 0, 0, -2,
    0, -5, 0, -4, 0, 0, 0, 0,
    -5, -5, -1, -16, -8, -6, 0, 0,
    0, 0, 0, 0, 0, 0, 0, 0,
    0, 0, 0, 0, -13, 0, -8, 0,
    0, 0, -5, -52, 0, -26, -20, -11,
    -50, 0, 0, 0, 0, -7, 0, -4,
    0, 0, -4, 0, -2, 0, 0, 0,
    0, -3, 0, -9, 0, 0, 0, -7,
    -4, 0, 0, 0, -5, 0, -3, 0,
    0, 0, 0, 0, 0, 0, 0, 0,
    0, 0, 0, 0, 14, -11, -32, 4,
    0, 0, 0, 0, 0, -19, 0, 0,
    11, 0, 10, 0, 0, -21, 0, 0,
    -32, 2, 0, 0, 6, 8, 0, 0,
    0, 0, 4, 0, -9, 0, -7, 0,
    -8, 0, 0, 0, 0, -5, 2, 0,
    0, 0, 0, 0, 0, -27, -9, -8,
    28, 0, 0, -8, 0, 0, 0, 0,
    0, 0, 0, 0, 0, 0, 0, 0,
    0, 0, 0, 0, 0, 0, 0, 0,
    0, 0, 0, 0, 0, 0, 0, 0,
    0, 0, 0, 0, 0, 0, 0, 0,
    0, -43, 0, -36, -24, 0, -27, 0,
    0, 0, 0, 0, 0, 0, 0, 0,
    0, 10, 0, 0, 0, 0, 0, 0,
    0, 0, 0, 0, 0, 0, 0, 0,
    0, 0, 0, 0, 0, 0, 0, 0,
    0, 0, 11, 0, 0, 0, 0, 0,
    22, 0, 0, 0, 0, 0, 0, 0,
    0, 0, 0, 0, 0, 0, 0, 0,
    0, 0, 0, 0, 0, 0, 0, 0,
    0, 0, 0, 0, 0, 0, 0, 0,
    0, 0, 0, 0, 0, 0, 0, 0,
    8, 0, 0, 0, 0, 0, 0, 0,
    0, 0, 0, 0, 0, 0, 4, 0,
    0, 0, 0, 0, 0, 0, 0, 0,
    0, 0, 0, 0, 0, 0, 0, 0,
    0, -10, -7, 6, -12, 0, 0, 0,
    0, 0, -14, 0, -10, 0, -12, -3,
    -9, 0, 0, 0, -5, 0, 0, -48,
    -6, -21, -11, 0, -25, 0, 0, 0,
    0, -4, 0, -5, 0, 0, 0, 0,
    -2, 0, -5, 0, 0, 0, 0, 0,
    0, 0, 0, -4, -5, 0, 0, 0,
    -5, 0, 0, 0, 0, 0, 0, 0,
    0, 0, 0, 0, 0, 0, 0, 0,
    0, -6, 8, -9, 0, 0, 0, 0,
    0, 0, 0, 0, 0, 0, 0, -11,
    0, 0, 0, -1, 0, 0, -24, 0,
    0, 0, 0, -24, 0, 0, 0, 0,
    2, 0, 0, 0, 0, 0, 0, -5,
    0, 0, 0, 0, 0, 0, 0, 0,
    0, 0, 2, 0, 3, 0, 0, 0,
    0, 0, 0, 0, 0, 0, 0, 0,
    0, 0, 0, 0, 0, 0, 0, 0,
    -23, -49, 0, 0, 0, 0, -8, -24,
    -24, 0, -13, 0, 0, 6, 0, 0,
    -24, 0, 0, -23, 0, -43, 0, -17,
    -8, -18, -15, -8, 0, 0, 0, -12,
    0, -8, 0, -8, 0, 0, 0, 0,
    0, 0, -5, 3, 5, 0, 0, 0,
    -36, -11, -8, 0, -15, 0, -7, 0,
    3, 0, 0, 0, 0, 0, 0, -40,
    0, 0, 0, 0, 0, 0, -14, 0,
    0, 0, 0, 0, -14, 0, 0, 0,
    0, 0, -13, 0, 0, -15, 0, 0,
    0, 0, 0, 0, -50, 0, -25, -20,
    -11, -36, 0, 0, 0, 0, 0, 0,
    0, 0, 0, 0, 0, 0, 0, 0,
    0, 0, 0, 0, -7, 0, 0, 0,
    0, 0, 0, 0, 0, 0, 0, 0,
    0, 0, 0, 0, 0, 0, 0, 0,
    0, 0, 0, 0, 0, 0, 0, 0,
    0, 0, 0, 0, 0, 0, -5, 0,
    0, 0, 0, 7, 0, 0, 0, 0,
    0, 0, 4, -15, 0, -7, -5, 0,
    -19, 0, 0, 0, 0, 0, 0, -4,
    2, 0, 0, 0, 0, 0, 0, 0,
    0, 0, 0, 0, 0, 0, 0, 0,
    0, 18, 0, 0, -3, 0, 0, 0,
    0, 0, 0, 0, 0, 0, 0, 0,
    0, 0, 0, 0, 0, 0, 0, 0,
    0, 0, 0, 0, 0, 0, 0, 0,
    -14, 0, 0, -13, 0, 0, 0, 0,
    0, 0, -42, 0, -22, -16, -4, -32,
    0, 0, 0, 0, 0, 0, 0, 0,
    0, 0, 4, 0, 0, 0, 0, 0,
    0, 0, 0, 0, 0, 0, 0, 0,
    0, 0, 0, 0, 0, 0, 0, 0,
    0, 0, 0, 0, 0, 0, 0, 0,
    0, 0, 0, 0, -19, -37, 0, 0,
    0, 0, 0, 0, -12, 0, -14, 0,
    0, 0, 0, 0, -19, 0, 0, -43,
    0, -56, 0, -13, -4, -19, -19, -10,
    0, 0, 0, -12, 0, -2, 0, -3,
    0, 0, 0, 0, -4, 0, 0, 0,
    0, 0, 0, 0, -29, -11, -2, 0,
    -9, 0, -3, 0, 0, 0, -1, 0,
    0, 0, 0, 0, 0, 0, 0, 0,
    -22, 0, 0, -11, -36, 0, 0, 0,
    0, 0, 0, 0, 0, 0, 0, 0,
    0, 0, 0, -16, 0, 0, -35, 0,
    -48, 0, -13, -9, -22, -21, -11, 0,
    0, 0, -9, 0, -5, 0, 0, 0,
    0, 0, 0, -2, 0, 0, 0, 0,
    0, 0, 0, -24, -9, 0, 0, 0,
    0, -5, 0, 0, 0, 0, 0, 0,
    0, 0, 0, 0, 0, 0, 0, 0,
    0, 0, -6, 0, -10, 0, 0, 0,
    0, 0, -17, 0, -12, -13, -9, 0,
    0, 0, 0, 0, 0, 0, 0, -51,
    0, -18, -13, 0, -23, 0, 0, 0,
    0, -7, 0, -7, 0, 0, 0, 0,
    -5, 0, -5, 0, -2, 0, 0, 0,
    0, 0, 0, -7, -7, 0, 0, 0,
    -7, 0, 0, 0, 0, 0, 0, 0,
    0, 0, 0, 0, 0, 0, 0, 0,
    0, -17, 0, -10, 0, 0, 0, 0,
    0, -20, 0, -10, -12, 0, -3, 0,
    0, 0, 0, -7, 0, 0, -43, 0,
    -21, -12, 0, -28, 0, 0, 0, 0,
    -2, 0, -7, 0, -5, 0, 0, 0,
    0, -5, 0, -1, 0, 0, 0, 0,
    0, 0, -2, -7, 0, 0, 0, -7,
    0, 0, 0, 0, 0, 0, 0, 0,
    0, 0, 0, 0, 0, 0, 0, 0,
    0, 0, 0, 0, 0, 0, 0, 0,
    0, 0, 0, 0, 0, 0, 0, 0,
    0, 0, 0, 0, 0, -50, 0, -32,
    0, 0, -46, 0, 0, 0, 0, 0,
    0, 0, 0, 0, 0, 0, 0, 0,
    0, 0, 0, 0, 0, 0, 0, 0,
    0, 0, 0, 0, 0, 0, 0, 0,
    0, 0, 0, 0, 0, 0, 0, 0,
    0, 0, 0, 0, 0, 0, 0, 0,
    0, 0, 0, 0, 0, 0, 0, 0,
    0, 0, 0, 0, 0, 0, 0, 0,
    0, 0, 0, 0, -34, 0, -34, 0,
    0, -34, 0, 0, 0, 0, 0, 0,
    -34, 0, 0, 0, 12, 0, 0, 0,
    -29, -29, -29, -29, 0, 0, 0, 0,
    0, 0, 0, 0, 0, 0, 0, 0,
    0, 0, 0, 0, 0, 0, 0, 0,
    0, 0, 0, 0, 0, 0, 0, -31,
    0, 0, 0, 0, 0, 0, 0, 0,
    0, 0, 0, 0, 0, 0, -24, 0,
    0, -37, 0, -38, 0, -15, -14, -20,
    -29, -19, 0, 0, 0, 0, 0, 0,
    0, 0, 0, 0, 0, 0, 0, 0,
    0, 0, 0, 0, 0, 0, -39, 0,
    0, 0, 0, 0, 0, 0, 0, 0,
    0, 0, 0, 0, 0, 0, 0, 0,
    0, 0, 0, 0, 0, 0, 0, 0,
    0, 0, 0, 0, 0, 0, 0, 0,
    0, 0, 0, 0, 0, 0, 0, 0,
    0, 0, -45, 0, -26, 0, 0, -30,
    0, 0, 0, 0, 0, 0, 0, 0,
    0, 0, 0, 0, 0, 0, 0, 0,
    0, 0, 0, 0, 0, 0, 0, 0,
    0, 0, 0, 0, 0, 0, 0, 0,
    0, 0, 0, 0, 0, 0, 0, 0,
    0, 0, 0, 0, 0, 0, 0, 0,
    0, 0, 0, 0, 0, 0, 0, 0,
    0, 0, 0, 0, 0, 0, 0, 0,
    -8, -43, 0, -23, -23, -8, -31, 0,
    0, 0, 0, 0, 0, 0, 0, 0,
    0, 0, 0, 0, 0, 0, 0, -5,
    0, 0, 0, 0, 0, 0, 0, 0,
    0, 0, 0, 0, 0, 0, 0, 0,
    0, 0, 0, 0, 0, 0, 0, 0,
    0, 0, 0, 0, 0, 0, 0, 0,
    0, 0, 0, 0, 0, 0, 0, 0,
    0, 0, 0, -8, 0, 0, -6, -6,
    -43, 0, -33, -24, -12, -38, -5, 0,
    0, 0, 0, 0, 0, 0, 0, 0,
    0, 0, 0, 0, 0, 0, -2, 0,
    -7, -3, 0, 0, 0, 0, 0, 0,
    0, 0, 0, 0, 0, 0, 0, 0,
    0, 0, 0, 0, 0, 0, 0, 0,
    0, 18, 0, 0, 0, 0, 0, 0,
    0, 19, 0, 0, 0, 0, 0, 0,
    0, 0, 0, 5, 5, 0, 14, 24,
    14, 23, 26, 11, 21, 28, 33, 0,
    0, 0, 0, 0, 0, 0, 4, 10,
    9, 0, 0, 0, 0, 0, 0, 0,
    0, 0, -19, 0, 0, 47, 0, 0,
    0, 0, 0, 0, 0, 0, 0, 0,
    0, 0, 0, 0, 0, 0, 0, 0,
    0, 0, 0, 0, 0, 0, 0, 0,
    0, 0, 0, 0, 0, 0, 0, 0,
    0, 0, 0, 0, 0, 0, -27, 0,
    -19, -15, -18, -33, 0, 0, 0, 0,
    0, 0, 0, 0, 0, 0, 0, 0,
    0, 0, 0, 0, 0, 0, 0, 0,
    0, 0, 0, 0, 0, 0, 0, 0,
    0, 0, 0, 0, 0, 0, 0, 0,
    0, 0, 0, 0, 0, 0, 0, 0,
    0, 0, 0, 0, 0, 0, 0, 0,
    0, 0, 0, 0, 0, 0, 0, 0,
    0, 0, 0, 0, 0, -38, 0, -20,
    -15, -9, -34, 0, 0, 0, 0, 0,
    0, 0, 0, 0, 0, 0, 0, 0,
    0, 0, 0, 0, 0, 0, 0, 0,
    0, 0, 0, 0, 0, 0, 0, 0,
    0, 0, 0, 0, 0, 0, 0, 0,
    0, 0, 0, 0, 0, 0, 0, 0,
    0, 0, 0, 0, 0, 0, 0, 0,
    0, 0, 0, 0, 0, 0, 0, -8,
    0, 0, -6, -6, -39, 0, -25, -19,
    -14, -34, -5, 0, 0, 0, 0, 0,
    0, 0, 0, 0, 0, 0, 0, 0,
    0, 0, -3, -5, -7, -3, 0, 0,
    0, 0, 0, 0, 0, 0, 0, 0,
    0, 0, 0, 0, 0, 0, 0, 0,
    0, 0, 0, 0, 0, 0, 0, 0,
    0, 0, 0, 0, 0, 0, 0, 0,
    0, 0, 0, 0, 0, 0, -8, 0,
    0, 0, 0, -56, 0, -24, -11, -13,
    -37, 0, 0, 0, 0, 0, 0, 0,
    0, 0, 0, 0, 0, 0, 0, 0,
    0, 0, 0, 0, 0, 0, 0, 0,
    0, 0, 0, 0, 0, 0, 0, 0,
    0, 0, 0, 0, 0, 0, 0, 0,
    0, 0, 0, 0, 0, 0, 0, 0,
    0, 0, 0, 0, 0, 0, 0, 0,
    0, 0, 0, 0, 0, -19, 0, 0,
    0, 0, -29, 0, -9, 0, -14, -14,
    -10, 0, 0, 0, -12, 0, -2, 0,
    -3, 0, 0, 0, 0, -4, 0, 0,
    0, 0, 0, 0, 0, 0, 0, 0,
    0, 0, 0, 0, 0, 0, 0, 0,
    0, 0, 0, 0, 0, 0, -20, 0,
    0, 0, 0, 0, 0, -5, 0, 0,
    0, 0, 0, 0, 0, 0, 0, -24,
    0, 0, -24, 0, -8, 0, 0, -6,
    0, -49, 0, -29, -20, -16, -39, 0,
    0, 0, 0, 0, 0, 0, 0, 0,
    0, 0, 0, 0, 0, 0, 0, -4,
    -2, -7, 0, 0, 0, 0, 0, 0,
    0, 0, 0, 0, 0, 0, 0, 0,
    0, 0, 0, 0, 0, 0, 0, 0,
    0, 0, 14, 0, 0, 0, 0, 0,
    0, 0, 0, 0, 0, 0, 0, 0,
    0, 0, 0, 0, 0, 0, 0, 0,
    0, 0, 0, 0, 0, 0, 0, 0,
    0, 0, 0, 0, -12, 0, 0, 0,
    8, 10, 0, 0, 6, 2, 0, 0,
    0, 0, 0, 0, 0, 0, 35, 0,
    0, 0, 0, 0, 0, 0, 0, 0,
    0, 0, 0, 0, 0, 0, 0, 0,
    0, 0, 0, 0, 0, 0, 0, 0,
    0, 0, 0, 0, 0, 0, 0, 0,
    0, 0, 0, 0, 0, 0, 0, -48,
    0, -39, 0, -3, -51, 0, 0, 0,
    0, 0, 0, 0, 0, 0, 0, 0,
    0, 0, 0, 0, 0, -3, 0, 0,
    0, 0, 0, 0, 0, 0, 0, 0,
    0, 0, 0, 0, 0, 0, 0, 0,
    0, 0, 0, 0, 0, 0, 0, 0,
    0, 0, 0, 0, 0, 0, 0, 0,
    0, 0, 0, 0, 0, 0, 0, 0,
    0, 0, 0, 0, 0, 0, -16, 0,
    -16, -10, 0, -29, 0, 0, 0, 0,
    0, 0, 0, 0, 0, 0, 0, 0,
    0, 0, 0, 0, 0, 0, 0, 0,
    0, 0, 0, 0, 0, 0, 0, 0,
    0, 0, 0, 0, 8, 0, 0, 0,
    0, 0, 0, 0, 0, 0, 0, 0,
    0, 0, 0, 0, 0, 0, 0, 0,
    0, 0, 0, 0, 0, 0, 0, 0,
    0, 0, 0, 0, 0, 0, 0, 0,
    0, 0, 0, 0, 0, 0, 0, 0,
    0, -4, 0, 0, 0, 0, 0, 0,
    0, 0, 0, 0, 0, 0, 0, 0,
    0, 0, 0, 0, 0, 0, 0, 0,
    0, 0, 0, 0, 0, 0, 0, 0,
    0, 0, 0, 0, 0, 0, 0, 0,
    0, 0, 0, 0, 0, 0, 0, 0,
    0, 0, 0, 0, 0, 0, 0, 0,
    0, 0, 0, 0, -10, 0, -10, -5,
    -6, -12, 0, 0, 0, 0, 0, 0,
    0, 0, 0, 0, 0, 0, 0, 0,
    0, 0, 0, 0, 0, 0, 0, 0,
    0, 0, 0, 0, 0, 0, 0, 0,
    0, 0, 0, 0, 0, 0, 0, 0,
    0, 0, 0, 0, 0, 0, 0, 0,
    0, 0, 0, 0, 0, 0, 0, 0,
    0, 0, 0, 0, 0, 0, 0, 0,
    0, 0, 0, 0, 0, 0, 0, 0,
    0, 0, 0, 0, 0, 0, 0, 0,
    0, 0, 0, 0, 0, 0, 0, 0,
    0, 0, 0, 0, 0, 0, 0, 0,
    0, 0, 0, 0, 0, 0, 0, 0,
    0, 0, 0, 0, 0, 0, 0, 0,
    0, 0, 0, 0, 0, 0, 0, 0,
    0, 0, 0, 0, 0, 0, 0, 0,
    0, 0, 0, 0, 0, 0, 0, 0,
    0, 0, -45, 0, -27, -27, 0, -42,
    0, 0, 0, 0, 0, 0, 0, 0,
    0, 0, 75, 0, 0, 0, 0, 0,
    0, 0, 0, 0, 0, 0, 0, 0,
    0, 0, 0, 0, 0, 0, 0, 0,
    0, 0, 0, 0, 0, 0, 0, 0,
    0, 0, 0, 0, 0, 0, 0, 0,
    0, 0, 0, 0, 0, 0, 0, 0,
    0, 0, 0, 0, 0, 0, 0, 0,
    0, -43, 0, 0, 0, -10, -19, 0,
    0, 0, 0, -9, 0, -5, 0, 0,
    0, 0, 0, 0, 0, 0, 0, 0,
    3, 0, 0, 0, 0, 0, 0, 0,
    0, 0, 0, 0, 0, 0, 0, 0,
    0, 0, 0, 0, 0, 0, 0, 0,
    0, 0, 0, 0, 0, 0, 0, 0,
    0, 0, 0, 0, 0, 0, 0, 0,
    0, 0, 0, 0, 0, 0, 0, 0,
    0, 0, 0, 0, 0, 0, 0, 0,
    0, 0, 0, 0, -5, 0, 0, 0,
    0, 0, 0, 0, 0, 0, 0, 0,
    0, 0, 0, 0, 0, 0, 0, 0,
    0, 0, 0, 0, 0, 0, 0, 0,
    0, 0, 0, 0, 0, 0, 0, 0,
    0, 0, 0, 0, 0, 0, 0, 0,
    0, 0, 0, 0, 0, 0, 0, 0,
    0, 0, 0, 0, 0, 0, 0, 12,
    0, 12, 8, 0, 8, 0, 0, 0,
    0, 0, 0, 0, 0, 0, 0, 0,
    0, 0, 0, 0, 0, 0, 0, 0,
    0, 0, 0, 0, 0, 0, 0, 0,
    0, 0, 0, 0, 0, 0, 0, 0,
    0, 0, 0, 0, 0, 0, 0, 0,
    0, 0, 0, 0, 0, 0, 0, 0,
    0, 0, 0, 0, 0, 0, 0, 0,
    0, 0, 0, 0, 0, 0, -31, 0,
    -9, -5, -9, -19, -8, 0, 0, 0,
    0, 0, -5, 0, 0, 0, 32, 0,
    0, 0, 0, 0, 0, 0, 0, 0,
    0, 0, 0, 0, 0, 0, 0, 0,
    0, 0, 0, 0, 0, 0, 0, 0,
    0, 0, 0, 0, 0, 0, 0, 0,
    0, 0, 0, 0, 0, 0, 0, 0,
    0, 0, 0, 0, 0, 0, 0, 0,
    0, 0, 0, 0, 0, -38, 0, -14,
    -14, -4, -24, 0, 0, 0, 0, 0,
    0, 0, 0, 0, 0, 0, 0, 0,
    0, 0, 0, 0, 0, 0, 0, 0,
    0, 0, 0, 0, 0, 0, 0, 0,
    0, 0, 0, 0, 0, 0, 0, 0,
    0, 0, 0, 0, 0, 0, 0, 0,
    0, 0, 0, 0, 0, 0, 0, 0,
    0, 0, 0, 0, 0, 0, 0, 0,
    0, -14, 0, 0, -44, 0, -31, -16,
    0, -44, 0, 0, 0, 0, 0, 0,
    -5, 0, 0, 0, 0, 0, 0, 0,
    0, 0, 0, 0, 0, 0, 0, 0,
    0, 0, 0, 0, 0, 0, 0, 0,
    0, 0, 0, 0, 0, 0, 0, 0,
    0, 0, 0, 0, 0, 0, 0, 0,
    0, 0, 0, 0, 0, 0, 0, 0,
    0, 0, 0, 0, 0, 0, 0, 0,
    0, 0, 0, -48, 0, -19, -14, 0,
    -33, 0, 0, 0, 0, 0, 0, -6,
    0, 0, 0, 0, 0, 0, 0, 0,
    0, 0, 0, 0, 0, 0, 0, 0,
    0, 0, 0, 0, 0, 0, 0, 0,
    0, 0, 0, 0, 0, 0, 0, 0,
    0, 0, 0, 0, 0, 0, 0, 0,
    0, 0, 0, 0, 0, 0, 0, 0,
    0, 0, 0, 0, 0, 0, 0, 0,
    0, 0, -58, 0, -29, -15, 0, -43,
    0, 0, 0, 0, 0, 0, 0, 0,
    0, 0, 0, 0, 0, 0, 0, 0,
    0, 0, 0, 0, 0, 0, 0, 0,
    0, 0, 0, 0, 0, 0, 0, 0,
    0, 0, 0, 0, 0, 0, 0, 0,
    0, 0, 0, 0, 0, 0, 0, 0,
    0, 0, 0, 0, 0, 0, 0, 0,
    0, 0, 0, 0, 0, 0, 0, 0,
    0, -42, 0, -27, 0, 0, -41, 0,
    0, 0, 0, 0, 0, 0, 0, 0,
    0, 0, 0, 0, 0, 0, 0, 0,
    0, 0, 0, 0, 0, 0, 0, 0,
    0, 0, 0, 0, 0, 0, 0, 0,
    0, 0, 0, 0, 0, 0, 0, 0,
    0, 0, 0, 0, 0, 0, 0, 0,
    0, 0, 0, 0, 0, 0, 0, 0,
    0, 0, 0, 0, 0, 0, 0, 0,
    0, 0, -10, 0, 0, -14, 0, 0,
    0, 0, 0, 0, -5, 0, 0, 0,
    0, 0, 0, 0, 0, 0, 0, 0,
    0, 0, 0, 0, 0, 0, 0, 0,
    0, 0, 0, 0, 0, 0, 0, 0,
    0, 0, 0, 0, 0, 0, 0, 0,
    0, 0, 0, 0, 0, 0, 0, 0,
    0, 0, 0, 0, 0, 0, 0, 0,
    0, 0, 0, 0, 0, 0, 0, 0,
    0, 0, 0, 0, 0, 0, 0, 0,
    0, 0, 0, -15, 0, 0, 0, 0,
    0, 0, 0, 0, 0, 0, 0, 0,
    0, 0, 0, 0, 0, 0, 0, 0,
    0, 0, 0, 0, 0, 0, 0, 0,
    0, 0, 0, 0, 0, 0, 0, 0
};


/*Collect the kern class' data in one place*/
static const lv_font_fmt_txt_kern_classes_t kern_classes =
{
    .class_pair_values   = kern_class_values,
    .left_class_mapping  = kern_left_class_mapping,
    .right_class_mapping = kern_right_class_mapping,
    .left_class_cnt      = 88,
    .right_class_cnt     = 71,
};

/*--------------------
 *  ALL CUSTOM DATA
 *--------------------*/

#if LVGL_VERSION_MAJOR == 8
/*Store all the custom data of the font*/
static  lv_font_fmt_txt_glyph_cache_t cache;
#endif

#if LVGL_VERSION_MAJOR >= 8
static const lv_font_fmt_txt_dsc_t font_dsc = {
#else
static lv_font_fmt_txt_dsc_t font_dsc = {
#endif
    .glyph_bitmap = glyph_bitmap,
    .glyph_dsc = glyph_dsc,
    .cmaps = cmaps,
    .kern_dsc = &kern_classes,
    .kern_scale = 16,
    .cmap_num = 4,
    .bpp = 1,
    .kern_classes = 1,
    .bitmap_format = 0,
#if LVGL_VERSION_MAJOR == 8
    .cache = &cache
#endif

};



/*-----------------
 *  PUBLIC FONT
 *----------------*/

/*Initialize a public general font descriptor*/
#if LVGL_VERSION_MAJOR >= 8
const lv_font_t lv_font_misans_normal_phonetic_30 = {
#else
lv_font_t lv_font_misans_normal_phonetic_30 = {
#endif
    .get_glyph_dsc = lv_font_get_glyph_dsc_fmt_txt,    /*Function pointer to get glyph's data*/
    .get_glyph_bitmap = lv_font_get_bitmap_fmt_txt,    /*Function pointer to get glyph's bitmap*/
    .line_height = 39,          /*The maximum line height required by the font*/
    .base_line = 8,             /*Baseline measured from the bottom of the line*/
#if !(LVGL_VERSION_MAJOR == 6 && LVGL_VERSION_MINOR == 0)
    .subpx = LV_FONT_SUBPX_NONE,
#endif
#if LV_VERSION_CHECK(7, 4, 0) || LVGL_VERSION_MAJOR >= 8
    .underline_position = -3,
    .underline_thickness = 2,
#endif
    // .static_bitmap = 0,
    .dsc = &font_dsc,          /*The custom font data. Will be accessed by `get_glyph_bitmap/dsc` */
#if LV_VERSION_CHECK(8, 2, 0) || LVGL_VERSION_MAJOR >= 9
    .fallback = NULL,
#endif
    .user_data = NULL,
};



#endif /*#if LV_FONT_MISANS_NORMAL_PHONETIC_30*/
