/*******************************************************************************
 * Size: 30 px
 * Bpp: 1
 * Opts: --no-compress --format lvgl -o lv_font_aliPuHui_30.c --bpp 1 --size 30 --font AlibabaPuHuiTi-3-55-Regular.otf -r 0x20-0x7E,0x3000-0x3000,0xFF01-0xFF5E --symbols 星期一二三四五六日小中大暴雷阵晴阴云雨雪风雾霾霜露雷电冰冻冷暖热凉寒温干湿暴强台飓警报预蓝黄橙红今明后昨早晚春夏秋冬东南西北多℃℉已关机请充电后正在充电充电充满啦请按电源键开机 --autohint-off
 ******************************************************************************/

#ifdef LV_LVGL_H_INCLUDE_SIMPLE
#include "lvgl.h"
#else
#include "lvgl/lvgl.h"
#endif

#ifndef LV_FONT_ALIPUHUI_30
#define LV_FONT_ALIPUHUI_30 1
#endif

#if LV_FONT_ALIPUHUI_30

/*-----------------
 *    BITMAPS
 *----------------*/

/*Store the image of the glyphs*/
static LV_ATTRIBUTE_LARGE_CONST const uint8_t glyph_bitmap[] = {
    /* U+0020 " " */
    0x0,

    /* U+0021 "!" */
    0x77, 0x77, 0x77, 0x77, 0x77, 0x76, 0x66, 0x60,
    0x2, 0xff, 0x70,

    /* U+0022 "\"" */
    0xe7, 0xe7, 0xe7, 0x67, 0x67, 0x66, 0x66, 0x66,
    0x66,

    /* U+0023 "#" */
    0x7, 0x6, 0x7, 0xe, 0x6, 0xe, 0x6, 0xc,
    0xe, 0xc, 0xe, 0xc, 0xff, 0xff, 0xff, 0xff,
    0xc, 0x18, 0x1c, 0x18, 0x1c, 0x38, 0x18, 0x38,
    0x18, 0x30, 0xff, 0xff, 0xff, 0xff, 0x38, 0x70,
    0x30, 0x70, 0x30, 0x60, 0x70, 0x60, 0x70, 0x60,
    0x70, 0xe0,

    /* U+0024 "$" */
    0x6, 0x0, 0x30, 0x1, 0x80, 0x1f, 0x83, 0xff,
    0x3b, 0x3b, 0x98, 0x1c, 0xc0, 0xe6, 0x7, 0x30,
    0x39, 0x80, 0xfc, 0x3, 0xf8, 0x7, 0xf0, 0x1f,
    0xc0, 0xc7, 0x6, 0x38, 0x30, 0xc1, 0x86, 0xc,
    0x70, 0x63, 0xff, 0xfb, 0xff, 0x87, 0xf0, 0x6,
    0x0, 0x30, 0x1, 0x80, 0xc, 0x0,

    /* U+0025 "%" */
    0x3e, 0x1, 0x83, 0xf8, 0x18, 0x30, 0xc0, 0xc1,
    0x86, 0xc, 0xc, 0x18, 0x60, 0x60, 0xc6, 0x3,
    0x6, 0x30, 0x18, 0x63, 0x0, 0xc3, 0x30, 0x3,
    0x39, 0x80, 0xf, 0x98, 0xf8, 0x0, 0xcf, 0xe0,
    0xc, 0xe3, 0x0, 0x66, 0x18, 0x6, 0x30, 0x60,
    0x31, 0x83, 0x3, 0xc, 0x18, 0x30, 0x61, 0x81,
    0x83, 0xc, 0x18, 0xc, 0xe0, 0xc0, 0x3e, 0x0,

    /* U+0026 "&" */
    0x3, 0xe0, 0x3, 0xfc, 0x0, 0xe3, 0x80, 0x70,
    0xe0, 0x1c, 0x38, 0x7, 0xe, 0x1, 0xc3, 0x80,
    0x3b, 0xc0, 0xf, 0xe0, 0x3, 0xe0, 0x1, 0xf8,
    0x18, 0xe7, 0xe, 0x71, 0xe3, 0x98, 0x38, 0xce,
    0x7, 0x73, 0x80, 0xfc, 0xe0, 0x1e, 0x3c, 0x7,
    0x87, 0x87, 0xf8, 0xff, 0xdf, 0x1f, 0xc3, 0xc0,

    /* U+0027 "'" */
    0xff, 0xb6, 0xdb, 0x60,

    /* U+0028 "(" */
    0x6, 0x18, 0x70, 0xc3, 0x86, 0x1c, 0x38, 0x61,
    0xc3, 0x87, 0xe, 0x1c, 0x38, 0x70, 0xe1, 0xc3,
    0x87, 0x6, 0xe, 0x1c, 0x18, 0x38, 0x30, 0x70,
    0x60, 0xe0,

    /* U+0029 ")" */
    0x60, 0x70, 0x38, 0x38, 0x1c, 0x1c, 0xc, 0xe,
    0xe, 0x6, 0x6, 0x7, 0x7, 0x7, 0x7, 0x7,
    0x7, 0x7, 0x6, 0x6, 0xe, 0xe, 0xc, 0x1c,
    0x1c, 0x38, 0x38, 0x70, 0x60,

    /* U+002A "*" */
    0xe, 0x1, 0xc0, 0x38, 0x76, 0x6f, 0xfe, 0xff,
    0x83, 0x80, 0xd8, 0x3b, 0x86, 0x30, 0x4, 0x0,

    /* U+002B "+" */
    0x3, 0x80, 0x7, 0x0, 0xe, 0x0, 0x1c, 0x0,
    0x38, 0x0, 0x70, 0x3f, 0xff, 0xff, 0xff, 0x3,
    0x80, 0x7, 0x0, 0xe, 0x0, 0x1c, 0x0, 0x38,
    0x0, 0x70, 0x0,

    /* U+002C "," */
    0x18, 0xc6, 0x73, 0x19, 0x9c,

    /* U+002D "-" */
    0xff, 0xff, 0xc0,

    /* U+002E "." */
    0x5f, 0xf0,

    /* U+002F "/" */
    0x0, 0xe0, 0x18, 0x3, 0x0, 0xe0, 0x18, 0x3,
    0x0, 0xc0, 0x18, 0x7, 0x0, 0xc0, 0x18, 0x7,
    0x0, 0xc0, 0x18, 0x7, 0x0, 0xc0, 0x18, 0x7,
    0x0, 0xc0, 0x18, 0x6, 0x0, 0xc0, 0x38, 0x0,

    /* U+0030 "0" */
    0x1f, 0xc0, 0xff, 0x87, 0x8f, 0x1c, 0xe, 0xe0,
    0x3b, 0x80, 0xee, 0x1, 0xb0, 0x7, 0xc0, 0x1f,
    0x0, 0x7c, 0x1, 0xf0, 0x7, 0xc0, 0x1f, 0x0,
    0x7e, 0x1, 0xb8, 0x6, 0xe0, 0x39, 0x80, 0xe7,
    0x7, 0xf, 0xf8, 0x1f, 0xc0,

    /* U+0031 "1" */
    0x7, 0xff, 0xff, 0x87, 0x7, 0x7, 0x7, 0x7,
    0x7, 0x7, 0x7, 0x7, 0x7, 0x7, 0x7, 0x7,
    0x7, 0x7, 0x7, 0x7, 0x7,

    /* U+0032 "2" */
    0x7f, 0x83, 0xff, 0x10, 0x3c, 0x0, 0xe0, 0x3,
    0x0, 0x1c, 0x0, 0xe0, 0x6, 0x0, 0x70, 0x3,
    0x80, 0x38, 0x3, 0x80, 0x3c, 0x3, 0xc0, 0x3c,
    0x3, 0x80, 0x38, 0x7, 0x80, 0x38, 0x1, 0xff,
    0xff, 0xff, 0x80,

    /* U+0033 "3" */
    0x7f, 0x83, 0xff, 0x10, 0x3c, 0x0, 0xe0, 0x3,
    0x0, 0x18, 0x0, 0xc0, 0xe, 0x0, 0xe0, 0xfe,
    0x7, 0xe0, 0x3, 0xc0, 0x7, 0x0, 0x1c, 0x0,
    0xe0, 0x7, 0x0, 0x38, 0x3, 0x80, 0x3d, 0xff,
    0xcf, 0xfc, 0x0,

    /* U+0034 "4" */
    0x0, 0x70, 0x1, 0xe0, 0x7, 0xc0, 0xd, 0x80,
    0x3b, 0x0, 0xe6, 0x1, 0x8c, 0x7, 0x18, 0x1c,
    0x30, 0x30, 0x60, 0xc0, 0xc3, 0x81, 0x8e, 0x3,
    0x18, 0x6, 0x3f, 0xff, 0xff, 0xff, 0x0, 0x30,
    0x0, 0x60, 0x0, 0xc0, 0x1, 0x80, 0x3, 0x0,

    /* U+0035 "5" */
    0x7f, 0xe7, 0xfe, 0x7f, 0xe6, 0x0, 0xe0, 0xe,
    0x0, 0xc0, 0xc, 0x0, 0xff, 0xf, 0xfc, 0x1,
    0xe0, 0x7, 0x0, 0x70, 0x7, 0x0, 0x30, 0x7,
    0x0, 0x70, 0x7, 0x1, 0xef, 0xfc, 0xff, 0x80,

    /* U+0036 "6" */
    0x1, 0xe0, 0x7f, 0x7, 0xc0, 0x78, 0x3, 0x80,
    0x38, 0x1, 0x80, 0x1c, 0x0, 0xff, 0xe7, 0xff,
    0xbc, 0xf, 0xc0, 0x7c, 0x1, 0xe0, 0xf, 0x0,
    0x78, 0x3, 0xe0, 0x1f, 0x1, 0xdc, 0x1c, 0x7f,
    0xe1, 0xfc, 0x0,

    /* U+0037 "7" */
    0xff, 0xff, 0xff, 0xff, 0xfe, 0x0, 0x30, 0x3,
    0x80, 0x18, 0x1, 0xc0, 0xc, 0x0, 0xe0, 0x6,
    0x0, 0x70, 0x3, 0x0, 0x38, 0x1, 0x80, 0x1c,
    0x0, 0xc0, 0xe, 0x0, 0x60, 0x7, 0x0, 0x38,
    0x3, 0x80, 0x0,

    /* U+0038 "8" */
    0xf, 0xe0, 0x3f, 0xf0, 0xe0, 0xe3, 0x80, 0xe7,
    0x1, 0xce, 0x1, 0x9c, 0x7, 0x38, 0xe, 0x38,
    0x38, 0x3f, 0xe0, 0x3f, 0xc1, 0xe3, 0xc7, 0x1,
    0xcc, 0x1, 0x98, 0x3, 0xf0, 0x7, 0x60, 0xe,
    0xe0, 0x19, 0xe0, 0x71, 0xff, 0xc1, 0xff, 0x0,

    /* U+0039 "9" */
    0x1f, 0xc1, 0xff, 0x1e, 0x3d, 0xc0, 0x7e, 0x3,
    0xe0, 0xf, 0x0, 0x78, 0x3, 0xc0, 0x1f, 0x1,
    0xf8, 0xe, 0xf1, 0xf3, 0xfd, 0x87, 0x9c, 0x0,
    0xc0, 0x6, 0x0, 0x70, 0x7, 0x0, 0xf0, 0x7f,
    0x3, 0xe0, 0x0,

    /* U+003A ":" */
    0xef, 0xe0, 0x0, 0x0, 0x0, 0x0, 0x4f, 0xfe,

    /* U+003B ";" */
    0x38, 0xf3, 0x80, 0x0, 0x0, 0x0, 0x0, 0x0,
    0x0, 0x18, 0x63, 0x8e, 0x31, 0xc6, 0x38,

    /* U+003C "<" */
    0x0, 0x2, 0x0, 0x1c, 0x1, 0xf8, 0xf, 0xc0,
    0xfe, 0x7, 0xe0, 0x3f, 0x0, 0x70, 0x0, 0xe0,
    0x1, 0xf8, 0x0, 0xfc, 0x0, 0x7f, 0x0, 0x1f,
    0x80, 0xf, 0xc0, 0x3, 0x80, 0x1,

    /* U+003D "=" */
    0xff, 0xff, 0xff, 0xff, 0xff, 0xf8, 0x0, 0x0,
    0x0, 0x0, 0x0, 0x0, 0x0, 0x7f, 0xff, 0xff,
    0xff, 0xff, 0xfc,

    /* U+003E ">" */
    0x0, 0x1, 0xc0, 0x3, 0xe0, 0x3, 0xf8, 0x0,
    0xfc, 0x0, 0x7f, 0x0, 0x1f, 0x80, 0xf, 0x0,
    0x1e, 0x0, 0xfc, 0xf, 0xe0, 0x7e, 0x3, 0xf0,
    0x1f, 0x0, 0x38, 0x0, 0x0, 0x0,

    /* U+003F "?" */
    0x7f, 0x9f, 0xfb, 0x8f, 0x80, 0x70, 0xe, 0x1,
    0xc0, 0x38, 0x7, 0x1, 0xe0, 0x78, 0x1e, 0x7,
    0x0, 0xc0, 0x18, 0x3, 0x0, 0x0, 0x0, 0x1,
    0x0, 0x78, 0xf, 0x1, 0xc0,

    /* U+0040 "@" */
    0x0, 0xff, 0x80, 0x7, 0xff, 0xc0, 0x1e, 0x3,
    0xc0, 0xf0, 0x1, 0xc1, 0xc0, 0x1, 0xc7, 0x0,
    0x1, 0x9c, 0x1f, 0x63, 0xb0, 0x7f, 0xc7, 0xe1,
    0xc7, 0x8f, 0x87, 0x7, 0xf, 0xe, 0xe, 0x1e,
    0x18, 0x18, 0x7c, 0x30, 0x30, 0xf8, 0x60, 0x61,
    0xb0, 0xc1, 0xc3, 0x61, 0x87, 0x8e, 0xc3, 0xff,
    0xf9, 0xc3, 0xf3, 0xe1, 0x80, 0x0, 0x3, 0x80,
    0x0, 0x3, 0x80, 0x0, 0x3, 0xc0, 0x8, 0x3,
    0xff, 0xf0, 0x1, 0xff, 0xc0,

    /* U+0041 "A" */
    0x0, 0xf0, 0x0, 0xf, 0x0, 0x1, 0xf8, 0x0,
    0x1f, 0x80, 0x1, 0x98, 0x0, 0x39, 0xc0, 0x3,
    0xc, 0x0, 0x70, 0xe0, 0x7, 0xe, 0x0, 0x60,
    0x60, 0xe, 0x7, 0x0, 0xe0, 0x70, 0xf, 0xff,
    0x1, 0xff, 0xf8, 0x1f, 0xff, 0x83, 0x80, 0x1c,
    0x38, 0x1, 0xc3, 0x0, 0xc, 0x70, 0x0, 0xe7,
    0x0, 0xe, 0x60, 0x0, 0x60,

    /* U+0042 "B" */
    0xff, 0x87, 0xff, 0x31, 0xfd, 0x80, 0xec, 0x3,
    0xe0, 0x1f, 0x0, 0xf8, 0x6, 0xc0, 0x77, 0xff,
    0x3f, 0xf9, 0x87, 0xec, 0x3, 0xe0, 0x1f, 0x0,
    0x78, 0x3, 0xc0, 0x1e, 0x1, 0xf0, 0x3f, 0xff,
    0xef, 0xfc, 0x0,

    /* U+0043 "C" */
    0x3, 0xfc, 0x1f, 0xf8, 0x7c, 0x11, 0xc0, 0x7,
    0x0, 0xe, 0x0, 0x18, 0x0, 0x70, 0x0, 0xe0,
    0x1, 0xc0, 0x3, 0x80, 0x7, 0x0, 0xe, 0x0,
    0x1c, 0x0, 0x38, 0x0, 0x38, 0x0, 0x70, 0x0,
    0xf0, 0x0, 0xf8, 0x18, 0xff, 0xf0, 0x7f, 0xc0,

    /* U+0044 "D" */
    0xff, 0x80, 0xff, 0xf0, 0xff, 0xf8, 0xc0, 0x3c,
    0xc0, 0x1e, 0xc0, 0xe, 0xc0, 0xe, 0xc0, 0x7,
    0xc0, 0x7, 0xc0, 0x7, 0xc0, 0x7, 0xc0, 0x7,
    0xc0, 0x7, 0xc0, 0x7, 0xc0, 0xe, 0xc0, 0xe,
    0xc0, 0x1e, 0xc0, 0x3c, 0xc1, 0xf8, 0xff, 0xf0,
    0xff, 0xc0,

    /* U+0045 "E" */
    0xff, 0xef, 0xfe, 0xff, 0xec, 0x0, 0xc0, 0xc,
    0x0, 0xc0, 0xc, 0x0, 0xc0, 0xf, 0xfe, 0xff,
    0xec, 0x0, 0xc0, 0xc, 0x0, 0xc0, 0xc, 0x0,
    0xc0, 0xc, 0x0, 0xc0, 0xf, 0xff, 0xff, 0xf0,

    /* U+0046 "F" */
    0xff, 0xff, 0xff, 0xff, 0xe0, 0xc, 0x1, 0x80,
    0x30, 0x6, 0x0, 0xc0, 0x1f, 0xff, 0xff, 0xff,
    0xfc, 0x1, 0x80, 0x30, 0x6, 0x0, 0xc0, 0x18,
    0x3, 0x0, 0x60, 0xc, 0x0,

    /* U+0047 "G" */
    0x3, 0xfe, 0xf, 0xff, 0x1f, 0x7, 0x38, 0x0,
    0x70, 0x0, 0x70, 0x0, 0x60, 0x0, 0xe0, 0x0,
    0xe0, 0x0, 0xe0, 0x0, 0xe0, 0x7f, 0xe0, 0x7f,
    0xe0, 0x3, 0xe0, 0x3, 0xe0, 0x3, 0x70, 0x3,
    0x70, 0x3, 0x78, 0x3, 0x3e, 0x3, 0x1f, 0xff,
    0x7, 0xff,

    /* U+0048 "H" */
    0xc0, 0x7, 0x80, 0xf, 0x0, 0x1e, 0x0, 0x3c,
    0x0, 0x78, 0x0, 0xf0, 0x1, 0xe0, 0x3, 0xc0,
    0x7, 0xff, 0xff, 0xff, 0xfe, 0x0, 0x3c, 0x0,
    0x78, 0x0, 0xf0, 0x1, 0xe0, 0x3, 0xc0, 0x7,
    0x80, 0xf, 0x0, 0x1e, 0x0, 0x3c, 0x0, 0x60,

    /* U+0049 "I" */
    0xff, 0xff, 0xff, 0xff, 0xff, 0xc0,

    /* U+004A "J" */
    0x6, 0xc, 0x18, 0x30, 0x60, 0xc1, 0x83, 0x6,
    0xc, 0x18, 0x30, 0x60, 0xc1, 0x83, 0x6, 0xc,
    0x18, 0x30, 0x60, 0xc3, 0x87, 0xfd, 0xf0,

    /* U+004B "K" */
    0xc0, 0x1d, 0x80, 0x73, 0x1, 0xe6, 0x7, 0x8c,
    0xe, 0x18, 0x38, 0x30, 0xe0, 0x63, 0x80, 0xce,
    0x1, 0xf8, 0x3, 0xf8, 0x6, 0x70, 0xc, 0x70,
    0x18, 0x70, 0x30, 0xf0, 0x60, 0xf0, 0xc0, 0xe1,
    0x80, 0xe3, 0x1, 0xe6, 0x1, 0xec, 0x1, 0xc0,

    /* U+004C "L" */
    0xc0, 0x18, 0x3, 0x0, 0x60, 0xc, 0x1, 0x80,
    0x30, 0x6, 0x0, 0xc0, 0x18, 0x3, 0x0, 0x60,
    0xc, 0x1, 0x80, 0x30, 0x6, 0x0, 0xc0, 0x18,
    0x3, 0x0, 0x7f, 0xff, 0xfe,

    /* U+004D "M" */
    0xf0, 0x1, 0xff, 0x0, 0x7f, 0xe0, 0xf, 0xec,
    0x1, 0xfd, 0xc0, 0x7f, 0x98, 0xd, 0xf3, 0x83,
    0xbe, 0x70, 0x67, 0xc6, 0xc, 0xf8, 0xe3, 0x9f,
    0xc, 0x63, 0xe1, 0xdc, 0x7c, 0x3b, 0xf, 0x83,
    0x61, 0xf0, 0x7c, 0x3e, 0x7, 0x7, 0xc0, 0x0,
    0xf8, 0x0, 0x1f, 0x0, 0x3, 0xe0, 0x0, 0x7c,
    0x0, 0xe,

    /* U+004E "N" */
    0xf0, 0x3, 0xf8, 0x3, 0xf8, 0x3, 0xdc, 0x3,
    0xcc, 0x3, 0xce, 0x3, 0xc6, 0x3, 0xc7, 0x3,
    0xc3, 0x83, 0xc3, 0x83, 0xc1, 0xc3, 0xc1, 0xc3,
    0xc0, 0xe3, 0xc0, 0x63, 0xc0, 0x73, 0xc0, 0x33,
    0xc0, 0x3b, 0xc0, 0x1f, 0xc0, 0x1f, 0xc0, 0xf,
    0xc0, 0xf,

    /* U+004F "O" */
    0x7, 0xf8, 0x7, 0xff, 0x83, 0xe0, 0xf1, 0xe0,
    0x1e, 0x70, 0x3, 0x9c, 0x0, 0x7e, 0x0, 0x1f,
    0x80, 0x7, 0xe0, 0x1, 0xf8, 0x0, 0x7e, 0x0,
    0x1f, 0x80, 0x7, 0xe0, 0x1, 0xf8, 0x0, 0x7e,
    0x0, 0x1d, 0xc0, 0x7, 0x70, 0x3, 0x9e, 0x0,
    0xe3, 0xc0, 0xf0, 0x7f, 0xf8, 0xf, 0xfc, 0x0,

    /* U+0050 "P" */
    0xff, 0x7, 0xff, 0x3f, 0xfd, 0x80, 0xfc, 0x3,
    0xe0, 0x1f, 0x0, 0xf8, 0x7, 0xc0, 0x3e, 0x1,
    0xf0, 0x1f, 0xff, 0xef, 0xfe, 0x7f, 0x3, 0x0,
    0x18, 0x0, 0xc0, 0x6, 0x0, 0x30, 0x1, 0x80,
    0xc, 0x0, 0x0,

    /* U+0051 "Q" */
    0x7, 0xf8, 0x7, 0xff, 0x83, 0xe0, 0xf1, 0xe0,
    0x1e, 0x70, 0x3, 0x9c, 0x0, 0x7e, 0x0, 0x1f,
    0x80, 0x7, 0xe0, 0x1, 0xf8, 0x0, 0x7e, 0x0,
    0x1f, 0x80, 0x7, 0xe0, 0x1, 0xf8, 0x0, 0x7e,
    0x0, 0x1d, 0xc0, 0x7, 0x70, 0x3, 0x9e, 0x0,
    0xe3, 0xc0, 0xf0, 0x7f, 0xf8, 0xf, 0xfc, 0x0,
    0x1c, 0x0, 0x3, 0x80, 0x0, 0x70, 0x0, 0xe,
    0x0,

    /* U+0052 "R" */
    0xff, 0x81, 0xff, 0xc3, 0xff, 0xc6, 0x3, 0xcc,
    0x3, 0x98, 0x7, 0x30, 0xe, 0x60, 0x1c, 0xc0,
    0x39, 0x80, 0xe3, 0xff, 0xc7, 0xff, 0xf, 0xf8,
    0x18, 0x38, 0x30, 0x70, 0x60, 0x70, 0xc0, 0x71,
    0x80, 0xe3, 0x0, 0xe6, 0x0, 0xec, 0x1, 0xe0,

    /* U+0053 "S" */
    0x1f, 0xf3, 0xff, 0x9e, 0xd, 0xc0, 0xe, 0x0,
    0x70, 0x3, 0x80, 0x1c, 0x0, 0x78, 0x3, 0xfc,
    0x7, 0xf8, 0x3, 0xe0, 0x7, 0x80, 0x1c, 0x0,
    0x60, 0x3, 0x0, 0x38, 0x1, 0xf0, 0x1f, 0xff,
    0xef, 0xfc, 0x0,

    /* U+0054 "T" */
    0xff, 0xff, 0xff, 0xff, 0xff, 0xf8, 0xc, 0x0,
    0x18, 0x0, 0x30, 0x0, 0x60, 0x0, 0xc0, 0x1,
    0x80, 0x3, 0x0, 0x6, 0x0, 0xc, 0x0, 0x18,
    0x0, 0x30, 0x0, 0x60, 0x0, 0xc0, 0x1, 0x80,
    0x3, 0x0, 0x6, 0x0, 0xc, 0x0, 0x18, 0x0,

    /* U+0055 "U" */
    0xc0, 0x7, 0x80, 0xf, 0x0, 0x1e, 0x0, 0x3c,
    0x0, 0x78, 0x0, 0xf0, 0x1, 0xe0, 0x3, 0xc0,
    0x7, 0x80, 0xf, 0x0, 0x1e, 0x0, 0x3c, 0x0,
    0x78, 0x0, 0xf0, 0x1, 0xe0, 0x3, 0xe0, 0xf,
    0xc0, 0x1d, 0xe0, 0xf3, 0xff, 0xe1, 0xff, 0x0,

    /* U+0056 "V" */
    0x60, 0x1, 0xdc, 0x0, 0x77, 0x0, 0x18, 0xc0,
    0xe, 0x38, 0x3, 0x8e, 0x0, 0xc1, 0x80, 0x70,
    0x70, 0x1c, 0x1c, 0x6, 0x3, 0x3, 0x80, 0xe0,
    0xc0, 0x38, 0x30, 0x6, 0x1c, 0x1, 0xc6, 0x0,
    0x71, 0x80, 0xc, 0xe0, 0x3, 0xb0, 0x0, 0xec,
    0x0, 0x1f, 0x0, 0x7, 0x80, 0x1, 0xe0, 0x0,

    /* U+0057 "W" */
    0xe0, 0x0, 0x3, 0xf0, 0x0, 0x1, 0xf8, 0x0,
    0x0, 0xec, 0x3, 0x80, 0x67, 0x3, 0xe0, 0x73,
    0x81, 0xf0, 0x39, 0xc0, 0xd8, 0x1c, 0xe0, 0x6e,
    0xc, 0x30, 0x77, 0x6, 0x1c, 0x31, 0x87, 0xe,
    0x18, 0xc3, 0x87, 0x1c, 0x71, 0x81, 0x8c, 0x38,
    0xc0, 0xe6, 0xc, 0xe0, 0x73, 0x6, 0x70, 0x3b,
    0x83, 0xb8, 0xd, 0x80, 0xd8, 0x6, 0xc0, 0x6c,
    0x3, 0xe0, 0x3e, 0x1, 0xe0, 0x1f, 0x0, 0xf0,
    0x7, 0x0,

    /* U+0058 "X" */
    0xf0, 0x3, 0xb8, 0x3, 0x8e, 0x3, 0x87, 0x1,
    0xc1, 0xc1, 0xc0, 0xe0, 0xc0, 0x38, 0xe0, 0xe,
    0xe0, 0x7, 0x60, 0x1, 0xf0, 0x0, 0xf0, 0x0,
    0x7c, 0x0, 0x77, 0x0, 0x33, 0x80, 0x38, 0xe0,
    0x38, 0x38, 0x1c, 0x1c, 0x1c, 0x7, 0x1c, 0x3,
    0x8e, 0x0, 0xee, 0x0, 0x38,

    /* U+0059 "Y" */
    0xf0, 0x3, 0x9c, 0x0, 0xe3, 0x80, 0x70, 0xe0,
    0x1c, 0x1c, 0xe, 0x7, 0x3, 0x0, 0xe1, 0xc0,
    0x1c, 0xe0, 0x7, 0x30, 0x0, 0xfc, 0x0, 0x1e,
    0x0, 0x7, 0x80, 0x0, 0xc0, 0x0, 0x30, 0x0,
    0xc, 0x0, 0x3, 0x0, 0x0, 0xc0, 0x0, 0x30,
    0x0, 0xc, 0x0, 0x3, 0x0, 0x0, 0xc0, 0x0,

    /* U+005A "Z" */
    0xff, 0xff, 0xff, 0xff, 0xff, 0xf8, 0x0, 0xe0,
    0x3, 0x80, 0x7, 0x0, 0x1c, 0x0, 0x70, 0x1,
    0xc0, 0x3, 0x80, 0xe, 0x0, 0x38, 0x0, 0xe0,
    0x3, 0x80, 0x7, 0x0, 0x1c, 0x0, 0x70, 0x1,
    0xc0, 0x3, 0x80, 0x7, 0xff, 0xff, 0xff, 0xe0,

    /* U+005B "[" */
    0xff, 0xfe, 0x38, 0xe3, 0x8e, 0x38, 0xe3, 0x8e,
    0x38, 0xe3, 0x8e, 0x38, 0xe3, 0x8e, 0x38, 0xe3,
    0x8e, 0x38, 0xe3, 0x8e, 0x3f, 0xfc,

    /* U+005C "\\" */
    0xc0, 0x3, 0x80, 0x6, 0x0, 0x1c, 0x0, 0x30,
    0x0, 0xc0, 0x3, 0x80, 0x6, 0x0, 0x1c, 0x0,
    0x30, 0x0, 0xe0, 0x1, 0x80, 0x7, 0x0, 0xc,
    0x0, 0x30, 0x0, 0xe0, 0x1, 0x80, 0x7, 0x0,
    0xc, 0x0, 0x38, 0x0, 0x60, 0x1, 0xc0, 0x3,
    0x0, 0xc, 0x0, 0x38, 0x0, 0x60,

    /* U+005D "]" */
    0xff, 0xf1, 0xc7, 0x1c, 0x71, 0xc7, 0x1c, 0x71,
    0xc7, 0x1c, 0x71, 0xc7, 0x1c, 0x71, 0xc7, 0x1c,
    0x71, 0xc7, 0x1c, 0x71, 0xff, 0xfc,

    /* U+005E "^" */
    0xf, 0x0, 0x7c, 0x3, 0xe0, 0x3b, 0x1, 0x9c,
    0x1c, 0x60, 0xc3, 0x86, 0x1c, 0x70, 0x63, 0x3,
    0xb8, 0xd, 0x80, 0x70,

    /* U+005F "_" */
    0xff, 0xff, 0xff, 0xfc,

    /* U+0060 "`" */
    0xe1, 0xc3, 0xe, 0x18,

    /* U+0061 "a" */
    0x1f, 0xf0, 0x7f, 0xe0, 0x3, 0x80, 0x7, 0x0,
    0x1c, 0x0, 0x70, 0xff, 0xdf, 0xff, 0xf8, 0x1f,
    0x80, 0x7c, 0x1, 0xf0, 0x7, 0xc0, 0x3f, 0x81,
    0xff, 0xfd, 0xcf, 0xe7,

    /* U+0062 "b" */
    0xc0, 0x3, 0x0, 0xc, 0x0, 0x30, 0x0, 0xc0,
    0x3, 0x0, 0xc, 0x0, 0x33, 0xfc, 0xdf, 0xfb,
    0xc0, 0xee, 0x1, 0xf8, 0x7, 0xc0, 0x1f, 0x0,
    0x7c, 0x0, 0xf0, 0x3, 0xc0, 0x1f, 0x0, 0x7e,
    0x1, 0xf8, 0x7, 0xf0, 0x3b, 0x7f, 0xcc, 0xfe,
    0x0,

    /* U+0063 "c" */
    0x1f, 0xe7, 0xfe, 0x70, 0xe, 0x0, 0xe0, 0xe,
    0x0, 0xe0, 0xe, 0x0, 0xe0, 0xe, 0x0, 0xe0,
    0xe, 0x0, 0xe0, 0x7, 0x81, 0x3f, 0xf1, 0xff,

    /* U+0064 "d" */
    0x0, 0xc, 0x0, 0x30, 0x0, 0xc0, 0x3, 0x0,
    0xc, 0x0, 0x30, 0x0, 0xc7, 0xf3, 0x7f, 0xed,
    0xc0, 0xfe, 0x1, 0xf8, 0x7, 0xe0, 0xf, 0x80,
    0x3e, 0x0, 0xf8, 0x3, 0xe0, 0xf, 0x80, 0x3e,
    0x1, 0xf8, 0x7, 0x70, 0x3c, 0xff, 0xb1, 0xfc,
    0xc0,

    /* U+0065 "e" */
    0x1f, 0xe1, 0xff, 0xc7, 0x3, 0xb8, 0x6, 0xe0,
    0x1b, 0x80, 0x7c, 0xf, 0xff, 0xff, 0xff, 0x83,
    0x0, 0xe, 0x0, 0x38, 0x0, 0xe0, 0x1, 0xe0,
    0x63, 0xff, 0x87, 0xfc,

    /* U+0066 "f" */
    0x7, 0x87, 0xc7, 0x3, 0x3, 0x81, 0xc0, 0xe1,
    0xff, 0xff, 0x9c, 0xe, 0x7, 0x3, 0x81, 0xc0,
    0xe0, 0x70, 0x38, 0x1c, 0xe, 0x7, 0x3, 0x81,
    0xc0, 0xe0,

    /* U+0067 "g" */
    0x1f, 0xcd, 0xff, 0xb7, 0x3, 0xf8, 0x7, 0xe0,
    0x1f, 0x80, 0x3e, 0x0, 0xf8, 0x3, 0xe0, 0xf,
    0x80, 0x3e, 0x0, 0xf8, 0x7, 0xf0, 0x1d, 0xe1,
    0xf3, 0xfe, 0xc3, 0xe3, 0x0, 0xc, 0x0, 0x70,
    0x1, 0xc8, 0x1e, 0x3f, 0xf0, 0xff, 0x0,

    /* U+0068 "h" */
    0xc0, 0x6, 0x0, 0x30, 0x1, 0x80, 0xc, 0x0,
    0x60, 0x3, 0x0, 0x19, 0xfc, 0xdf, 0xf7, 0x83,
    0xf8, 0xf, 0xc0, 0x7c, 0x3, 0xe0, 0x1f, 0x0,
    0xf8, 0x7, 0xc0, 0x3e, 0x1, 0xf0, 0xf, 0x80,
    0x7c, 0x3, 0xe0, 0x1f, 0x0, 0xe0,

    /* U+0069 "i" */
    0x6f, 0x60, 0x0, 0x66, 0x66, 0x66, 0x66, 0x66,
    0x66, 0x66, 0x66,

    /* U+006A "j" */
    0x6, 0xf, 0x6, 0x0, 0x0, 0x0, 0x6, 0x6,
    0x6, 0x6, 0x6, 0x6, 0x6, 0x6, 0x6, 0x6,
    0x6, 0x6, 0x6, 0x6, 0x6, 0x6, 0x6, 0x6,
    0xe, 0xe, 0xfc, 0xf8,

    /* U+006B "k" */
    0xc0, 0xc, 0x0, 0xc0, 0xc, 0x0, 0xc0, 0xc,
    0x0, 0xc0, 0xc, 0xf, 0xc1, 0xec, 0x1c, 0xc3,
    0x8c, 0x70, 0xce, 0xf, 0xc0, 0xf8, 0xd, 0xc0,
    0xce, 0xc, 0x70, 0xc3, 0x8c, 0x3c, 0xc1, 0xcc,
    0xe, 0xc0, 0x70,

    /* U+006C "l" */
    0xc6, 0x31, 0x8c, 0x63, 0x18, 0xc6, 0x31, 0x8c,
    0x63, 0x18, 0xc6, 0x31, 0x8e, 0x7d, 0xe0,

    /* U+006D "m" */
    0xdf, 0xc7, 0xf3, 0x7f, 0xbf, 0xef, 0x7, 0xc3,
    0xf8, 0x1e, 0x7, 0xc0, 0x70, 0x1f, 0x0, 0xc0,
    0x7c, 0x3, 0x1, 0xf0, 0xc, 0x7, 0xc0, 0x30,
    0x1f, 0x0, 0xc0, 0x7c, 0x3, 0x1, 0xf0, 0xc,
    0x7, 0xc0, 0x30, 0x1f, 0x0, 0xc0, 0x7c, 0x3,
    0x1, 0xf0, 0xc, 0x7,

    /* U+006E "n" */
    0xcf, 0xe6, 0xff, 0xbc, 0x1f, 0xc0, 0x7e, 0x3,
    0xe0, 0x1f, 0x0, 0xf8, 0x7, 0xc0, 0x3e, 0x1,
    0xf0, 0xf, 0x80, 0x7c, 0x3, 0xe0, 0x1f, 0x0,
    0xf8, 0x7,

    /* U+006F "o" */
    0x1f, 0xf0, 0xff, 0xf1, 0xc0, 0xf7, 0x0, 0xee,
    0x0, 0xdc, 0x1, 0xf8, 0x3, 0xf0, 0x7, 0xe0,
    0xf, 0xc0, 0x1f, 0x80, 0x3f, 0x0, 0x6e, 0x1,
    0xce, 0x7, 0x8f, 0xfe, 0xf, 0xf8,

    /* U+0070 "p" */
    0xcf, 0xf3, 0x7f, 0xef, 0x3, 0xb8, 0x7, 0xe0,
    0x1f, 0x0, 0x7c, 0x1, 0xf0, 0x3, 0xc0, 0xf,
    0x0, 0x7c, 0x1, 0xf8, 0x7, 0xe0, 0x1f, 0xc0,
    0xed, 0xff, 0x33, 0xf8, 0xc0, 0x3, 0x0, 0xc,
    0x0, 0x30, 0x0, 0xc0, 0x3, 0x0, 0x0,

    /* U+0071 "q" */
    0x1f, 0xcd, 0xff, 0xb7, 0x3, 0xf8, 0x7, 0xe0,
    0x1f, 0x80, 0x3e, 0x0, 0xf8, 0x3, 0xe0, 0xf,
    0x80, 0x3e, 0x0, 0xf8, 0x7, 0xe0, 0x1d, 0xc0,
    0xf3, 0xfe, 0xc7, 0xf3, 0x0, 0xc, 0x0, 0x30,
    0x0, 0xc0, 0x3, 0x0, 0xc, 0x0, 0x30,

    /* U+0072 "r" */
    0xcf, 0xdf, 0xf8, 0xe0, 0xe0, 0xc0, 0xc0, 0xc0,
    0xc0, 0xc0, 0xc0, 0xc0, 0xc0, 0xc0, 0xc0, 0xc0,

    /* U+0073 "s" */
    0x3f, 0xcf, 0xfb, 0x80, 0x60, 0xc, 0x1, 0xc0,
    0x1e, 0x1, 0xf8, 0xf, 0xc0, 0x38, 0x3, 0x80,
    0x70, 0xe, 0x3, 0xbf, 0xf7, 0xf8,

    /* U+0074 "t" */
    0x18, 0x6, 0x1, 0x80, 0x60, 0xff, 0xbf, 0xe1,
    0x80, 0x60, 0x18, 0x6, 0x1, 0x80, 0x60, 0x18,
    0x6, 0x1, 0x80, 0x60, 0x1c, 0x7, 0x1, 0xfc,
    0x3f,

    /* U+0075 "u" */
    0xc0, 0x3e, 0x1, 0xf0, 0xf, 0x80, 0x7c, 0x3,
    0xe0, 0x1f, 0x0, 0xf8, 0x7, 0xc0, 0x3e, 0x1,
    0xf0, 0xf, 0x80, 0x7e, 0x7, 0xf0, 0x7f, 0xff,
    0xe7, 0xf7,

    /* U+0076 "v" */
    0x60, 0xe, 0xe0, 0x1d, 0xc0, 0x31, 0x80, 0xe3,
    0x81, 0xc7, 0x3, 0x6, 0xe, 0xe, 0x1c, 0xc,
    0x30, 0x18, 0xe0, 0x39, 0x80, 0x33, 0x0, 0x7e,
    0x0, 0xf8, 0x0, 0xf0, 0x1, 0xe0,

    /* U+0077 "w" */
    0xc0, 0x38, 0xf, 0xc0, 0xf0, 0x1f, 0x81, 0xf0,
    0x33, 0x3, 0x60, 0x66, 0xe, 0xc1, 0xce, 0x19,
    0xc3, 0x9c, 0x31, 0x86, 0x18, 0x63, 0xc, 0x31,
    0xc7, 0x38, 0x73, 0x6, 0x70, 0x66, 0xc, 0xc0,
    0xdc, 0x19, 0x81, 0xb0, 0x3f, 0x3, 0xe0, 0x3c,
    0x3, 0xc0, 0x78, 0x7, 0x0, 0xf0,

    /* U+0078 "x" */
    0x70, 0x1c, 0x70, 0x38, 0xe0, 0xe0, 0xe1, 0x80,
    0xe7, 0x1, 0xdc, 0x1, 0xf0, 0x1, 0xe0, 0x7,
    0xc0, 0xf, 0xc0, 0x39, 0x80, 0xe3, 0x81, 0xc3,
    0x87, 0x3, 0x1c, 0x7, 0x38, 0x7,

    /* U+0079 "y" */
    0x60, 0x6, 0x70, 0xe, 0x70, 0xe, 0x30, 0xc,
    0x38, 0x1c, 0x18, 0x18, 0x1c, 0x18, 0x1c, 0x38,
    0xc, 0x30, 0xe, 0x30, 0x6, 0x70, 0x6, 0x60,
    0x7, 0xe0, 0x3, 0xc0, 0x3, 0xc0, 0x1, 0xc0,
    0x1, 0x80, 0x3, 0x80, 0x7, 0x0, 0xf, 0x0,
    0x3e, 0x0, 0x38, 0x0,

    /* U+007A "z" */
    0x7f, 0xfb, 0xff, 0xc0, 0x1c, 0x1, 0xc0, 0xc,
    0x0, 0xe0, 0xe, 0x0, 0xe0, 0xe, 0x0, 0x70,
    0x7, 0x0, 0x70, 0x7, 0x0, 0x30, 0x3, 0xff,
    0xff, 0xff,

    /* U+007B "{" */
    0x6, 0x3c, 0x79, 0xc3, 0x87, 0xe, 0x1c, 0x38,
    0x70, 0xe1, 0xc3, 0x9f, 0x3c, 0x78, 0x38, 0x70,
    0xe1, 0xc3, 0x87, 0xe, 0x1c, 0x38, 0x70, 0x78,
    0xf0, 0xe0,

    /* U+007C "|" */
    0xff, 0xff, 0xff, 0xff, 0xff, 0xff, 0xff, 0xff,
    0xff, 0xff, 0xfe,

    /* U+007D "}" */
    0xc3, 0xcf, 0xc, 0x38, 0xe3, 0x8e, 0x38, 0xe3,
    0x8e, 0x38, 0xf1, 0xcf, 0x38, 0xe3, 0x8e, 0x38,
    0xe3, 0x8e, 0x38, 0xef, 0x3c, 0xc0,

    /* U+007E "~" */
    0x0, 0x0, 0xfc, 0x1d, 0xfe, 0x37, 0x1f, 0xec,
    0x1f, 0x80, 0x4, 0x0,

    /* U+2103 "℃" */
    0x3e, 0x0, 0xff, 0xbf, 0x81, 0xff, 0xf8, 0xe1,
    0xf8, 0x78, 0x31, 0xe0, 0xc, 0x18, 0xe0, 0x6,
    0xc, 0xe0, 0x3, 0x8e, 0x70, 0x1, 0xfe, 0x38,
    0x0, 0x7e, 0x1c, 0x0, 0x6, 0xe, 0x0, 0x0,
    0x7, 0x0, 0x0, 0x3, 0x80, 0x0, 0x1, 0xc0,
    0x0, 0x0, 0xe0, 0x0, 0x0, 0x70, 0x0, 0x0,
    0x38, 0x0, 0x0, 0xe, 0x0, 0x0, 0x7, 0x0,
    0x0, 0x1, 0xe0, 0x20, 0x0, 0x7f, 0xf0, 0x0,
    0x1f, 0xf8,

    /* U+2109 "℉" */
    0x3e, 0xf, 0xff, 0x7f, 0xf, 0xff, 0xe3, 0x8f,
    0xff, 0xc1, 0x8e, 0x0, 0xc1, 0x8e, 0x0, 0xc1,
    0x8e, 0x0, 0xe3, 0x8e, 0x0, 0xff, 0xe, 0x0,
    0x7e, 0xe, 0x0, 0xc, 0xf, 0xfe, 0x0, 0xf,
    0xfe, 0x0, 0xf, 0xfe, 0x0, 0xe, 0x0, 0x0,
    0xe, 0x0, 0x0, 0xe, 0x0, 0x0, 0xe, 0x0,
    0x0, 0xe, 0x0, 0x0, 0xe, 0x0, 0x0, 0xe,
    0x0, 0x0, 0xe, 0x0, 0x0, 0xe, 0x0,

    /* U+3000 "　" */
    0x0,

    /* U+4E00 "一" */
    0xff, 0xff, 0xff, 0xff, 0xff, 0xff, 0xff, 0xff,
    0xff, 0xff, 0x80,

    /* U+4E09 "三" */
    0x3f, 0xff, 0xff, 0xf, 0xff, 0xff, 0xc0, 0x0,
    0x0, 0x0, 0x0, 0x0, 0x0, 0x0, 0x0, 0x0,
    0x0, 0x0, 0x0, 0x0, 0x0, 0x0, 0x0, 0x0,
    0x0, 0x0, 0x0, 0x0, 0x0, 0x7, 0xff, 0xff,
    0x1, 0xff, 0xff, 0xc0, 0x0, 0x0, 0x0, 0x0,
    0x0, 0x0, 0x0, 0x0, 0x0, 0x0, 0x0, 0x0,
    0x0, 0x0, 0x0, 0x0, 0x0, 0x0, 0x0, 0x0,
    0x0, 0x0, 0x0, 0x0, 0x0, 0x0, 0x0, 0x0,
    0x0, 0xff, 0xff, 0xff, 0xff, 0xff, 0xff, 0xf0,

    /* U+4E1C "东" */
    0x0, 0x18, 0x0, 0x0, 0x7, 0x0, 0x0, 0x0,
    0xc0, 0x0, 0x0, 0x38, 0x0, 0x7, 0xff, 0xff,
    0xfc, 0xff, 0xff, 0xff, 0x80, 0x30, 0x0, 0x0,
    0xe, 0x0, 0x0, 0x3, 0x86, 0x0, 0x0, 0x60,
    0xc0, 0x0, 0x1c, 0x18, 0x0, 0x7, 0x3, 0x0,
    0x0, 0xc0, 0x60, 0x0, 0x1f, 0xff, 0xfe, 0x3,
    0xff, 0xff, 0xc0, 0x0, 0x30, 0x0, 0x0, 0x6,
    0x0, 0x0, 0x20, 0xc3, 0x0, 0xe, 0x18, 0x70,
    0x3, 0x83, 0x7, 0x0, 0xe0, 0x60, 0x70, 0x38,
    0xc, 0x7, 0xe, 0x1, 0x80, 0x77, 0x80, 0x30,
    0x7, 0xe0, 0x7e, 0x0, 0x68, 0x7, 0xc0, 0x0,
    0x0, 0xe0, 0x0, 0x0,

    /* U+4E2D "中" */
    0x0, 0x38, 0x0, 0x0, 0x70, 0x0, 0x0, 0xe0,
    0x0, 0x1, 0xc0, 0x0, 0x3, 0x80, 0x1f, 0xff,
    0xff, 0xff, 0xff, 0xff, 0xff, 0xff, 0xff, 0xe0,
    0x38, 0x7, 0xc0, 0x70, 0xf, 0x80, 0xe0, 0x1f,
    0x1, 0xc0, 0x3e, 0x3, 0x80, 0x7c, 0x7, 0x0,
    0xf8, 0xe, 0x1, 0xf0, 0x1c, 0x3, 0xff, 0xff,
    0xff, 0xff, 0xff, 0xfc, 0x0, 0xe0, 0x0, 0x1,
    0xc0, 0x0, 0x3, 0x80, 0x0, 0x7, 0x0, 0x0,
    0xe, 0x0, 0x0, 0x1c, 0x0, 0x0, 0x38, 0x0,
    0x0, 0x70, 0x0, 0x0, 0xe0, 0x0,

    /* U+4E8C "二" */
    0x1f, 0xff, 0xfe, 0xf, 0xff, 0xff, 0x7, 0xff,
    0xff, 0x80, 0x0, 0x0, 0x0, 0x0, 0x0, 0x0,
    0x0, 0x0, 0x0, 0x0, 0x0, 0x0, 0x0, 0x0,
    0x0, 0x0, 0x0, 0x0, 0x0, 0x0, 0x0, 0x0,
    0x0, 0x0, 0x0, 0x0, 0x0, 0x0, 0x0, 0x0,
    0x0, 0x0, 0x0, 0x0, 0x0, 0x0, 0x0, 0x0,
    0x0, 0x0, 0x0, 0x0, 0x0, 0x0, 0x0, 0x0,
    0x0, 0x0, 0x0, 0x1f, 0xff, 0xff, 0xff, 0xff,
    0xff, 0xf8,

    /* U+4E91 "云" */
    0x3f, 0xff, 0xfe, 0xf, 0xff, 0xff, 0x80, 0x0,
    0x0, 0x0, 0x0, 0x0, 0x0, 0x0, 0x0, 0x0,
    0x0, 0x0, 0x0, 0x0, 0x0, 0x0, 0x0, 0x0,
    0x0, 0x0, 0xff, 0xff, 0xff, 0xff, 0xff, 0xff,
    0xf0, 0x3, 0x80, 0x0, 0x1, 0xc0, 0x0, 0x0,
    0x60, 0x0, 0x0, 0x38, 0x70, 0x0, 0x1c, 0xe,
    0x0, 0x7, 0x3, 0x80, 0x3, 0x80, 0x70, 0x1,
    0xc0, 0xe, 0x0, 0xe0, 0x1, 0x80, 0x78, 0x0,
    0x70, 0x3f, 0xff, 0xfe, 0x1f, 0xff, 0xff, 0x83,
    0xf0, 0x0, 0x70, 0x0, 0x0, 0x8, 0x0, 0x0,
    0x0, 0x0,

    /* U+4E94 "五" */
    0x3f, 0xff, 0xff, 0xc7, 0xff, 0xff, 0xf8, 0x0,
    0xc0, 0x0, 0x0, 0x18, 0x0, 0x0, 0x3, 0x0,
    0x0, 0x0, 0xe0, 0x0, 0x0, 0x1c, 0x0, 0x0,
    0x3, 0x0, 0x0, 0x0, 0x60, 0x0, 0x3, 0xff,
    0xff, 0x80, 0x7f, 0xff, 0xf0, 0x0, 0x70, 0x6,
    0x0, 0xe, 0x0, 0xc0, 0x1, 0x80, 0x18, 0x0,
    0x30, 0x3, 0x0, 0x6, 0x0, 0x60, 0x0, 0xc0,
    0x1c, 0x0, 0x38, 0x3, 0x80, 0x7, 0x0, 0x70,
    0x0, 0xc0, 0xe, 0x0, 0x18, 0x1, 0xc1, 0xff,
    0xff, 0xff, 0xff, 0xff, 0xff, 0xf8,

    /* U+4ECA "今" */
    0x0, 0xe, 0x0, 0x0, 0x3, 0xe0, 0x0, 0x0,
    0x6e, 0x0, 0x0, 0x1c, 0xe0, 0x0, 0x7, 0x1e,
    0x0, 0x1, 0xc1, 0xe0, 0x0, 0xf0, 0x1e, 0x0,
    0x3c, 0x1, 0xe0, 0xf, 0x18, 0xe, 0x7, 0x83,
    0x80, 0xf3, 0xe0, 0x38, 0xf, 0xf0, 0x3, 0x80,
    0x74, 0x0, 0x30, 0x4, 0x0, 0x4, 0x0, 0x0,
    0x0, 0x0, 0x0, 0xff, 0xff, 0xf0, 0x1f, 0xff,
    0xfe, 0x0, 0x0, 0x3, 0x80, 0x0, 0x0, 0x70,
    0x0, 0x0, 0x1c, 0x0, 0x0, 0x7, 0x0, 0x0,
    0x1, 0xc0, 0x0, 0x0, 0x38, 0x0, 0x0, 0xe,
    0x0, 0x0, 0x3, 0x80, 0x0, 0x0, 0xe0, 0x0,
    0x0, 0x8, 0x0, 0x0,

    /* U+5145 "充" */
    0x0, 0x8, 0x0, 0x0, 0xc, 0x0, 0x0, 0x6,
    0x0, 0x0, 0x3, 0x80, 0x0, 0x0, 0xc0, 0x7,
    0xff, 0xff, 0xff, 0xff, 0xff, 0xfe, 0x1, 0xc0,
    0x0, 0x0, 0xc0, 0x80, 0x0, 0xe0, 0xe0, 0x0,
    0xe0, 0x38, 0x0, 0xe0, 0xe, 0x0, 0xe0, 0x3,
    0x81, 0xff, 0xff, 0xe0, 0xff, 0xff, 0xf8, 0x79,
    0x86, 0x1c, 0x0, 0xc3, 0x4, 0x0, 0x61, 0x80,
    0x0, 0x30, 0xc0, 0x0, 0x38, 0x60, 0x0, 0x1c,
    0x30, 0x0, 0x1c, 0x18, 0xc, 0xe, 0xc, 0x6,
    0xe, 0x6, 0x3, 0x1e, 0x3, 0x81, 0xbe, 0x1,
    0xff, 0xfe, 0x0, 0x7f, 0xdc, 0x0, 0x0, 0x0,
    0x0, 0x0, 0x0,

    /* U+516D "六" */
    0x0, 0x38, 0x0, 0x0, 0xc, 0x0, 0x0, 0x7,
    0x0, 0x0, 0x3, 0x80, 0x0, 0x0, 0xc0, 0x0,
    0x0, 0x70, 0x3, 0xff, 0xff, 0xff, 0xff, 0xff,
    0xff, 0xff, 0xff, 0xff, 0x80, 0x0, 0x0, 0x0,
    0x0, 0x0, 0x0, 0x0, 0x0, 0x0, 0x8, 0x8,
    0x0, 0xe, 0xe, 0x0, 0x7, 0x3, 0x80, 0x7,
    0x0, 0xc0, 0x3, 0x80, 0x70, 0x3, 0x80, 0x1c,
    0x1, 0xc0, 0x6, 0x1, 0xc0, 0x3, 0x81, 0xc0,
    0x0, 0xe0, 0xe0, 0x0, 0x70, 0xe0, 0x0, 0x1c,
    0xe0, 0x0, 0x6, 0xf0, 0x0, 0x3, 0xf0, 0x0,
    0x0, 0xd0, 0x0, 0x0, 0x40,

    /* U+5173 "关" */
    0x3, 0x0, 0x18, 0x0, 0x70, 0x7, 0x0, 0x7,
    0x0, 0xc0, 0x0, 0x60, 0x38, 0x0, 0xe, 0xe,
    0x0, 0x0, 0x83, 0x80, 0x7, 0xff, 0xff, 0xc0,
    0xff, 0xff, 0xf8, 0x0, 0xe, 0x0, 0x0, 0x1,
    0xc0, 0x0, 0x0, 0x38, 0x0, 0x0, 0x7, 0x0,
    0x0, 0x0, 0xe0, 0x0, 0xff, 0xff, 0xff, 0x9f,
    0xff, 0xff, 0xf0, 0x0, 0x70, 0x0, 0x0, 0xe,
    0x0, 0x0, 0x3, 0xe0, 0x0, 0x0, 0xec, 0x0,
    0x0, 0x39, 0xc0, 0x0, 0xf, 0x1c, 0x0, 0x3,
    0xc1, 0xe0, 0x1, 0xf0, 0x1e, 0x0, 0xf8, 0x1,
    0xf0, 0x7e, 0x0, 0xf, 0xcf, 0x0, 0x0, 0x79,
    0x80, 0x0, 0x3, 0x0,

    /* U+51AC "冬" */
    0x0, 0x60, 0x0, 0x0, 0x1c, 0x0, 0x0, 0x7,
    0x0, 0x0, 0x0, 0xff, 0xff, 0x0, 0x3f, 0xff,
    0xe0, 0xf, 0x0, 0x38, 0x3, 0xf0, 0xe, 0x0,
    0xe7, 0x3, 0x80, 0x38, 0x70, 0xe0, 0x6, 0x7,
    0x78, 0x0, 0x80, 0x7e, 0x0, 0x0, 0xf, 0xc0,
    0x0, 0xf, 0xbe, 0x0, 0x7, 0xc1, 0xf8, 0x7,
    0xe0, 0xf, 0xe7, 0xf0, 0x0, 0x3f, 0x70, 0xf8,
    0x0, 0xe0, 0x1f, 0xf0, 0x0, 0x0, 0x3f, 0xc0,
    0x0, 0x0, 0x70, 0x0, 0x0, 0x0, 0x0, 0xf,
    0x0, 0x0, 0x1, 0xff, 0x0, 0x0, 0x7, 0xfe,
    0x0, 0x0, 0x7, 0xfc, 0x0, 0x0, 0xf, 0x80,
    0x0, 0x0, 0x20, 0x0,

    /* U+51B0 "冰" */
    0x0, 0x1, 0x80, 0x0, 0x0, 0x18, 0x0, 0x60,
    0x1, 0x80, 0x7, 0x0, 0x18, 0x0, 0x30, 0x1,
    0xc0, 0x3, 0x80, 0x1c, 0x8, 0x18, 0x1, 0xc1,
    0x81, 0x9f, 0xdc, 0x38, 0x1d, 0xfd, 0xe7, 0x0,
    0xc0, 0xde, 0xe0, 0x0, 0x1d, 0xfc, 0x0, 0x1,
    0x9b, 0x80, 0x0, 0x19, 0xb0, 0x0, 0xc3, 0x9b,
    0x80, 0xc, 0x31, 0x98, 0x1, 0xc3, 0x19, 0xc0,
    0x18, 0x71, 0x8c, 0x1, 0x86, 0x18, 0x60, 0x38,
    0xe1, 0x87, 0x3, 0x1c, 0x18, 0x38, 0x33, 0x81,
    0x81, 0xc7, 0x38, 0x18, 0x1e, 0x67, 0x1, 0x80,
    0xee, 0x60, 0x18, 0x4, 0xc0, 0x7, 0x80, 0x0,
    0x1, 0xf8, 0x0, 0x0, 0x1e, 0x0, 0x0,

    /* U+51B7 "冷" */
    0x0, 0x3, 0x80, 0x8, 0x0, 0x78, 0x3, 0x80,
    0x1b, 0x0, 0x38, 0x7, 0x70, 0x3, 0x1, 0xc7,
    0x0, 0x70, 0x70, 0x70, 0x6, 0x1e, 0x7, 0x0,
    0xe7, 0x80, 0x70, 0x1d, 0xe6, 0x7, 0x0, 0x78,
    0xe0, 0x78, 0xc, 0xe, 0x7, 0x0, 0x0, 0xe0,
    0x20, 0x0, 0x8, 0x0, 0x10, 0x0, 0x0, 0x7,
    0x7f, 0xff, 0x80, 0xef, 0xff, 0xf0, 0x18, 0x0,
    0xe, 0x3, 0x0, 0x3, 0x80, 0xe0, 0x0, 0xe0,
    0x18, 0x38, 0x38, 0x3, 0x7, 0x8e, 0x0, 0xe0,
    0x3f, 0x80, 0x18, 0x1, 0xe0, 0x7, 0x0, 0x1e,
    0x0, 0x40, 0x0, 0xf0, 0x0, 0x0, 0xe, 0x0,
    0x0, 0x0, 0xc0, 0x0,

    /* U+51BB "冻" */
    0x0, 0x3, 0x80, 0x4, 0x0, 0x60, 0x1, 0xc0,
    0xc, 0x0, 0x18, 0x3, 0x80, 0x3, 0x8f, 0xff,
    0xfc, 0x31, 0xff, 0xff, 0x87, 0x3, 0x0, 0x0,
    0x60, 0x60, 0x0, 0xe, 0x18, 0xc0, 0x0, 0x83,
    0x18, 0x0, 0x0, 0xe3, 0x0, 0x0, 0x18, 0x60,
    0x0, 0x7, 0xc, 0x0, 0x8, 0xff, 0xff, 0x3,
    0x9f, 0xff, 0xe0, 0x60, 0x6, 0x0, 0xc, 0x0,
    0xc0, 0x3, 0x83, 0x18, 0x80, 0x60, 0xe3, 0x18,
    0xc, 0x38, 0x63, 0x83, 0x87, 0xc, 0x38, 0x61,
    0xc1, 0x83, 0x1c, 0x70, 0x30, 0x33, 0xc, 0x6,
    0x7, 0xe3, 0x83, 0xc0, 0x64, 0x21, 0xf8, 0x8,
    0x0, 0x1e, 0x0, 0x0,

    /* U+51C9 "凉" */
    0x0, 0x3, 0x80, 0x8, 0x0, 0x70, 0x3, 0x80,
    0x6, 0x0, 0x30, 0xff, 0xff, 0xc7, 0x1f, 0xff,
    0xf8, 0x60, 0x0, 0x0, 0xe, 0x0, 0x0, 0x0,
    0xc0, 0x0, 0x0, 0x1c, 0x7f, 0xfe, 0x1, 0xf,
    0xff, 0xc0, 0x1, 0x80, 0x18, 0x0, 0x30, 0x3,
    0x0, 0x6, 0x0, 0x60, 0x18, 0xc0, 0xc, 0x7,
    0x1f, 0xff, 0x80, 0xc3, 0xff, 0xf0, 0x18, 0x1,
    0x80, 0x7, 0x0, 0x30, 0x0, 0xc0, 0x86, 0x10,
    0x18, 0x38, 0xc7, 0x7, 0xe, 0x18, 0x70, 0xc1,
    0x83, 0x6, 0x38, 0x70, 0x60, 0xe7, 0x1c, 0xc,
    0xe, 0xc7, 0xf, 0x80, 0xe0, 0xc1, 0xf0, 0x8,
    0x0, 0x30, 0x0, 0x0,

    /* U+5317 "北" */
    0x0, 0x61, 0xc0, 0x0, 0xc, 0x38, 0x0, 0x1,
    0x87, 0x0, 0x0, 0x30, 0xe0, 0x0, 0x6, 0x1c,
    0x0, 0x0, 0xc3, 0x81, 0x0, 0x18, 0x70, 0x70,
    0x3, 0xe, 0x3e, 0x7f, 0xe1, 0xcf, 0xf, 0xfc,
    0x3f, 0xc0, 0x1, 0x87, 0xe0, 0x0, 0x30, 0xf0,
    0x0, 0x6, 0x1c, 0x0, 0x0, 0xc3, 0x80, 0x0,
    0x18, 0x70, 0x0, 0x3, 0xe, 0x0, 0x0, 0x61,
    0xc0, 0x0, 0xc, 0x38, 0x0, 0x3, 0x87, 0x0,
    0x1, 0xf0, 0xe0, 0x30, 0xfe, 0x1c, 0x6, 0xfc,
    0xc3, 0x80, 0xfe, 0x18, 0x70, 0x1b, 0x3, 0xe,
    0x7, 0x0, 0x60, 0xff, 0xc0, 0xc, 0x1f, 0xf0,
    0x1, 0x80, 0x0, 0x0,

    /* U+5357 "南" */
    0x0, 0x1c, 0x0, 0x0, 0x7, 0x0, 0x0, 0x1,
    0xc0, 0x3, 0xff, 0xff, 0xff, 0xff, 0xff, 0xff,
    0xc0, 0x7, 0x0, 0x0, 0x1, 0xc0, 0x0, 0x0,
    0x70, 0x0, 0x7f, 0xff, 0xff, 0x1f, 0xff, 0xff,
    0xc7, 0x0, 0x0, 0x71, 0xc7, 0x7, 0x1c, 0x70,
    0xc1, 0x87, 0x1c, 0x18, 0xe1, 0xc7, 0x3f, 0xff,
    0x71, 0xcf, 0xff, 0xdc, 0x70, 0x1c, 0x7, 0x1c,
    0x7, 0x1, 0xc7, 0x1, 0xc0, 0x71, 0xdf, 0xff,
    0xdc, 0x77, 0xff, 0xf7, 0x1c, 0x7, 0x1, 0xc7,
    0x1, 0xc0, 0x71, 0xc0, 0x70, 0x1c, 0x70, 0x1c,
    0x1f, 0x1c, 0x7, 0xf, 0x87, 0x0, 0x3, 0x80,

    /* U+53F0 "台" */
    0x0, 0x0, 0x0, 0x0, 0x1c, 0x0, 0x0, 0x1c,
    0x0, 0x0, 0x1c, 0x0, 0x0, 0xe, 0xc, 0x0,
    0xe, 0x7, 0x0, 0xe, 0x1, 0xc0, 0xe, 0x0,
    0x70, 0xe, 0x0, 0x1c, 0xe, 0x0, 0x1f, 0x3f,
    0xff, 0xff, 0xcf, 0xff, 0xff, 0xe0, 0x0, 0x0,
    0x38, 0x0, 0x0, 0x8, 0x0, 0x0, 0x0, 0x0,
    0x0, 0x0, 0x1f, 0xff, 0xfc, 0xf, 0xff, 0xfe,
    0x6, 0x0, 0x3, 0x3, 0x0, 0x1, 0x81, 0x80,
    0x0, 0xc0, 0xc0, 0x0, 0x60, 0x60, 0x0, 0x30,
    0x30, 0x0, 0x18, 0x1f, 0xff, 0xfc, 0xf, 0xff,
    0xfe, 0x6, 0x0, 0x3, 0x3, 0x0, 0x1, 0x80,

    /* U+540E "后" */
    0x0, 0x0, 0x3f, 0x1, 0xff, 0xff, 0xe0, 0x3f,
    0xff, 0xc0, 0x6, 0x0, 0x0, 0x0, 0xc0, 0x0,
    0x0, 0x18, 0x0, 0x0, 0x3, 0x0, 0x0, 0x0,
    0x60, 0x0, 0x0, 0xf, 0xff, 0xff, 0xe1, 0xff,
    0xff, 0xfc, 0x30, 0x0, 0x0, 0x6, 0x0, 0x0,
    0x0, 0xc0, 0x0, 0x0, 0x18, 0x0, 0x0, 0x3,
    0x3f, 0xff, 0xc0, 0x67, 0xff, 0xf8, 0x1c, 0xc0,
    0x3, 0x3, 0x18, 0x0, 0x60, 0x63, 0x0, 0xc,
    0x1c, 0x60, 0x1, 0x83, 0xc, 0x0, 0x30, 0xe1,
    0x80, 0x6, 0x18, 0x3f, 0xff, 0xc7, 0x7, 0xff,
    0xf8, 0xc0, 0xc0, 0x3, 0x0, 0x18, 0x0, 0x60,

    /* U+5566 "啦" */
    0x0, 0x60, 0x60, 0x0, 0x30, 0x18, 0x0, 0x18,
    0xc, 0x1f, 0x8c, 0x6, 0xf, 0xc6, 0x3, 0x6,
    0x63, 0x1f, 0xff, 0x37, 0xff, 0xff, 0x9b, 0xf8,
    0x0, 0xcc, 0x60, 0x0, 0x66, 0x31, 0x83, 0xb3,
    0x18, 0x61, 0x99, 0x8c, 0x30, 0xcc, 0xc6, 0xd8,
    0x66, 0x63, 0xec, 0x33, 0x37, 0xc6, 0x19, 0x9b,
    0xc1, 0x98, 0xcd, 0x60, 0xcc, 0x66, 0x30, 0x66,
    0x33, 0x18, 0x33, 0x19, 0x8c, 0x19, 0xc, 0xc6,
    0xd, 0x87, 0xe3, 0x0, 0xc3, 0xf1, 0x80, 0x60,
    0x0, 0xcf, 0xff, 0x1, 0xe7, 0xff, 0x80, 0xf0,
    0x0, 0x0, 0x40, 0x0, 0x0,

    /* U+56DB "四" */
    0xff, 0xff, 0xff, 0xff, 0xff, 0xff, 0xff, 0xff,
    0xff, 0xc, 0x18, 0x3e, 0x18, 0x30, 0x7c, 0x30,
    0x60, 0xf8, 0x60, 0xc1, 0xf0, 0xc1, 0x83, 0xe1,
    0x83, 0x7, 0xc3, 0x6, 0xf, 0x86, 0xc, 0x1f,
    0xc, 0x18, 0x3e, 0x38, 0x30, 0x7c, 0xe0, 0x7f,
    0xfb, 0x80, 0x7f, 0xfe, 0x0, 0x3, 0xe8, 0x0,
    0x7, 0xc0, 0x0, 0xf, 0x80, 0x0, 0x1f, 0x0,
    0x0, 0x3f, 0xff, 0xff, 0xff, 0xff, 0xff, 0xf8,
    0x0, 0x1, 0xf0, 0x0, 0x3, 0xe0, 0x0, 0x6,

    /* U+5728 "在" */
    0x0, 0x0, 0x0, 0x0, 0xe, 0x0, 0x0, 0x3,
    0x0, 0x0, 0x0, 0xc0, 0x0, 0x7f, 0xff, 0xff,
    0xdf, 0xff, 0xff, 0xf7, 0xff, 0xff, 0xfc, 0x3,
    0x0, 0x0, 0x1, 0xc0, 0x0, 0x0, 0x60, 0x30,
    0x0, 0x38, 0xc, 0x0, 0x1c, 0x3, 0x0, 0x6,
    0x0, 0xc0, 0x3, 0x80, 0x30, 0x1, 0xe7, 0xff,
    0xf8, 0xf9, 0xff, 0xfe, 0x76, 0x0, 0xc0, 0x39,
    0x80, 0x30, 0xc, 0x60, 0xc, 0x0, 0x18, 0x3,
    0x0, 0x6, 0x0, 0xc0, 0x1, 0x80, 0x30, 0x0,
    0x60, 0xc, 0x0, 0x18, 0x3, 0x0, 0x6, 0xff,
    0xff, 0xc1, 0xbf, 0xff, 0xf0, 0x60, 0x0, 0x0,
    0x18, 0x0, 0x0,

    /* U+590F "夏" */
    0xff, 0xff, 0xff, 0xbf, 0xff, 0xff, 0xe0, 0x1,
    0xc0, 0x0, 0x0, 0x60, 0x0, 0x1f, 0xff, 0xfc,
    0x7, 0xff, 0xff, 0x1, 0x80, 0x0, 0xc0, 0x60,
    0x0, 0x30, 0x1f, 0xff, 0xfc, 0x6, 0x0, 0x3,
    0x1, 0x80, 0x0, 0xc0, 0x7f, 0xff, 0xf0, 0x18,
    0x0, 0xc, 0x6, 0x0, 0x3, 0x1, 0xff, 0xff,
    0xc0, 0x4, 0x0, 0x0, 0x3, 0x80, 0x0, 0x1,
    0xff, 0xff, 0x1, 0xff, 0xff, 0xc0, 0xfc, 0x0,
    0xe0, 0xf1, 0xe0, 0xf0, 0x30, 0x1f, 0xf0, 0x0,
    0x3, 0xf8, 0x0, 0x1f, 0xef, 0xf0, 0xff, 0x80,
    0x7f, 0xfc, 0x0, 0x0, 0xf0,

    /* U+591A "多" */
    0x0, 0x1c, 0x0, 0x0, 0x1c, 0x0, 0x0, 0x1c,
    0x0, 0x0, 0x3f, 0xff, 0xe0, 0x3f, 0xff, 0xf0,
    0x78, 0x0, 0xe0, 0xff, 0x1, 0xe0, 0xf1, 0xe1,
    0xe0, 0x20, 0x63, 0xc0, 0x0, 0xf, 0x80, 0x0,
    0x1f, 0x0, 0x0, 0xfe, 0x60, 0x7, 0xf8, 0xe0,
    0x7, 0xe0, 0xff, 0xfd, 0x1, 0xff, 0xfe, 0x1,
    0xe0, 0x7, 0x3, 0xc0, 0x7, 0x7, 0xe0, 0xf,
    0x1f, 0xbc, 0xf, 0xe, 0x7, 0xe, 0x0, 0x1,
    0x9e, 0x0, 0x0, 0x3c, 0x0, 0x0, 0xfc, 0x0,
    0x3, 0xf0, 0x0, 0x1f, 0xe0, 0x0, 0x7f, 0x80,
    0x0, 0x3c, 0x0, 0x0, 0x0,

    /* U+5927 "大" */
    0x0, 0x1c, 0x0, 0x0, 0x7, 0x0, 0x0, 0x1,
    0xc0, 0x0, 0x0, 0x70, 0x0, 0x0, 0x1c, 0x0,
    0x0, 0x7, 0x0, 0x0, 0x1, 0xc0, 0x1, 0xff,
    0xff, 0xfe, 0x7f, 0xff, 0xff, 0x80, 0x7, 0x0,
    0x0, 0x1, 0xc0, 0x0, 0x0, 0x70, 0x0, 0x0,
    0x1c, 0x0, 0x0, 0x7, 0x80, 0x0, 0x3, 0xe0,
    0x0, 0x0, 0xdc, 0x0, 0x0, 0x73, 0x0, 0x0,
    0x38, 0xe0, 0x0, 0x1e, 0x1c, 0x0, 0x7, 0x3,
    0x80, 0x7, 0x80, 0x70, 0x3, 0xc0, 0xe, 0x1,
    0xe0, 0x1, 0xc0, 0xf0, 0x0, 0x3c, 0xf8, 0x0,
    0x7, 0xf8, 0x0, 0x0, 0xf4, 0x0, 0x0, 0x8,

    /* U+5BD2 "寒" */
    0x0, 0xe, 0x0, 0x0, 0x0, 0xc0, 0x0, 0x0,
    0x18, 0x0, 0x1f, 0xff, 0xff, 0xc3, 0x0, 0x0,
    0x18, 0x60, 0xc0, 0xc3, 0xc, 0x18, 0x18, 0x60,
    0x3, 0x3, 0x0, 0x1f, 0xff, 0xff, 0x0, 0xc,
    0xc, 0x0, 0x1, 0x81, 0x80, 0x7, 0xff, 0xff,
    0x80, 0xff, 0xff, 0xf0, 0x0, 0xc0, 0xc0, 0x0,
    0x18, 0x18, 0x3, 0xff, 0xff, 0xfe, 0x7f, 0xff,
    0xff, 0xc0, 0x38, 0xe, 0x0, 0xe, 0x0, 0xe0,
    0x3, 0x9f, 0xe, 0x0, 0xe1, 0xfc, 0x70, 0x78,
    0x1, 0x87, 0xbc, 0x40, 0x0, 0x3a, 0xf, 0xe0,
    0x1, 0x0, 0xff, 0xc0, 0x0, 0x0, 0x7e, 0x0,
    0x0, 0x0, 0xc0, 0x0,

    /* U+5C0F "小" */
    0x0, 0xe, 0x0, 0x0, 0x1, 0xc0, 0x0, 0x0,
    0x38, 0x0, 0x0, 0x7, 0x0, 0x0, 0x0, 0xe0,
    0x0, 0x0, 0x1c, 0x0, 0x0, 0x83, 0x84, 0x0,
    0x18, 0x71, 0xc0, 0x7, 0xe, 0x18, 0x0, 0xe1,
    0xc3, 0x80, 0x18, 0x38, 0x30, 0x7, 0x7, 0x7,
    0x0, 0xe0, 0xe0, 0x70, 0x18, 0x1c, 0xe, 0x7,
    0x3, 0x80, 0xe0, 0xc0, 0x70, 0x1c, 0x38, 0xe,
    0x1, 0x87, 0x1, 0xc0, 0x39, 0xc0, 0x38, 0x3,
    0x38, 0x7, 0x0, 0x7e, 0x0, 0xe0, 0x6, 0x80,
    0x1c, 0x0, 0x80, 0x3, 0x80, 0x0, 0x0, 0x70,
    0x0, 0x0, 0xfe, 0x0, 0x0, 0x1f, 0x80, 0x0,
    0x1, 0x80, 0x0, 0x0,

    /* U+5DF2 "已" */
    0xff, 0xff, 0xf8, 0xff, 0xff, 0xf8, 0x0, 0x0,
    0x18, 0x0, 0x0, 0x18, 0x0, 0x0, 0x18, 0x70,
    0x0, 0x18, 0x70, 0x0, 0x18, 0x70, 0x0, 0x18,
    0x70, 0x0, 0x18, 0x7f, 0xff, 0xf8, 0x7f, 0xff,
    0xf8, 0x7f, 0xff, 0xf8, 0x70, 0x0, 0x0, 0x70,
    0x0, 0x0, 0x70, 0x0, 0x0, 0x70, 0x0, 0x0,
    0x70, 0x0, 0x0, 0x70, 0x0, 0x3, 0x70, 0x0,
    0x3, 0x70, 0x0, 0x3, 0x70, 0x0, 0x7, 0x78,
    0x0, 0xf, 0x3f, 0xff, 0xfe, 0x1f, 0xff, 0xfc,

    /* U+5E72 "干" */
    0x3f, 0xff, 0xfe, 0xf, 0xff, 0xff, 0x80, 0x1,
    0xc0, 0x0, 0x0, 0x70, 0x0, 0x0, 0x1c, 0x0,
    0x0, 0x7, 0x0, 0x0, 0x1, 0xc0, 0x0, 0x0,
    0x70, 0x0, 0x0, 0x1c, 0x0, 0x0, 0x7, 0x0,
    0xf, 0xff, 0xff, 0xff, 0xff, 0xff, 0xff, 0xff,
    0xff, 0xff, 0xc0, 0x7, 0x0, 0x0, 0x1, 0xc0,
    0x0, 0x0, 0x70, 0x0, 0x0, 0x1c, 0x0, 0x0,
    0x7, 0x0, 0x0, 0x1, 0xc0, 0x0, 0x0, 0x70,
    0x0, 0x0, 0x1c, 0x0, 0x0, 0x7, 0x0, 0x0,
    0x1, 0xc0, 0x0, 0x0, 0x70, 0x0, 0x0, 0x1c,
    0x0, 0x0,

    /* U+5F00 "开" */
    0x3f, 0xff, 0xff, 0x87, 0xff, 0xff, 0xf0, 0x7,
    0x0, 0xc0, 0x0, 0xe0, 0x18, 0x0, 0x1c, 0x3,
    0x0, 0x3, 0x80, 0x60, 0x0, 0x70, 0xc, 0x0,
    0xe, 0x1, 0x80, 0x1, 0xc0, 0x30, 0x0, 0x38,
    0x6, 0x0, 0x7, 0x0, 0xc0, 0x7f, 0xff, 0xff,
    0xff, 0xff, 0xff, 0xfe, 0x3, 0x80, 0x60, 0x0,
    0x70, 0xc, 0x0, 0xc, 0x1, 0x80, 0x1, 0x80,
    0x30, 0x0, 0x70, 0x6, 0x0, 0xe, 0x0, 0xc0,
    0x3, 0x80, 0x18, 0x0, 0x70, 0x3, 0x0, 0x1c,
    0x0, 0x60, 0x7, 0x0, 0xc, 0x1, 0xc0, 0x1,
    0x80, 0x30, 0x0, 0x30, 0x0,

    /* U+5F3A "强" */
    0xfe, 0x3f, 0xfe, 0x3f, 0x8e, 0x1, 0x80, 0x63,
    0x80, 0x60, 0x18, 0xe0, 0x18, 0x6, 0x38, 0x6,
    0x1, 0x8f, 0xff, 0x87, 0xe3, 0xff, 0xe1, 0xf8,
    0x7, 0x0, 0x60, 0x1, 0xc0, 0x18, 0x0, 0x70,
    0x6, 0x7, 0xff, 0xf1, 0x81, 0xff, 0xfc, 0xe0,
    0x61, 0xc3, 0x3f, 0x98, 0x70, 0xcf, 0xe6, 0x1c,
    0x30, 0x19, 0x87, 0xc, 0x6, 0x7f, 0xff, 0x1,
    0x80, 0x70, 0x0, 0x60, 0x1c, 0x60, 0x18, 0x7,
    0x1c, 0x6, 0x1, 0xc3, 0x3, 0x80, 0x7f, 0xe7,
    0xcf, 0xff, 0xf9, 0xf3, 0xf0, 0x7, 0x0, 0x0,
    0x0, 0xc0,

    /* U+62A5 "报" */
    0x6, 0x0, 0x0, 0x0, 0xc0, 0x0, 0x0, 0x18,
    0x7f, 0xfe, 0x3, 0xf, 0xff, 0xc0, 0x61, 0x80,
    0x38, 0xc, 0x30, 0x6, 0x1f, 0xf6, 0x0, 0xc3,
    0xfe, 0xc3, 0xf8, 0x6, 0x18, 0x7e, 0x0, 0xc3,
    0x0, 0x0, 0x18, 0x60, 0x0, 0x3, 0xf, 0xff,
    0xc0, 0x6d, 0xff, 0xf8, 0xf, 0xb3, 0x3, 0x1f,
    0xe6, 0x60, 0xe7, 0xf0, 0xc6, 0x18, 0xc6, 0x18,
    0xc7, 0x0, 0xc3, 0x1c, 0xc0, 0x18, 0x61, 0xb8,
    0x3, 0xc, 0x1e, 0x0, 0x61, 0x83, 0x80, 0xc,
    0x30, 0x78, 0x1, 0x86, 0x3f, 0x80, 0x30, 0xcf,
    0x3c, 0x1e, 0x1b, 0x83, 0xc7, 0xc3, 0x60, 0x1c,
    0xc0, 0x60, 0x1, 0x0,

    /* U+6309 "按" */
    0x6, 0x0, 0xc0, 0x0, 0xc0, 0x1c, 0x0, 0x18,
    0x1, 0x80, 0x3, 0x1f, 0xff, 0xe0, 0x63, 0xff,
    0xfc, 0xff, 0xe0, 0x1, 0x9f, 0xfc, 0x0, 0x33,
    0xff, 0x8e, 0x6, 0x6, 0x31, 0x80, 0xc0, 0xc0,
    0x30, 0x0, 0x18, 0xe, 0x0, 0x3, 0x7f, 0xff,
    0xf0, 0x7f, 0xff, 0xfe, 0x1f, 0xff, 0xff, 0xdf,
    0x81, 0x81, 0x87, 0xf0, 0x70, 0x70, 0xc6, 0xc,
    0xe, 0x0, 0xc1, 0x81, 0x80, 0x18, 0x3c, 0x70,
    0x3, 0x1, 0xfc, 0x0, 0x60, 0x1f, 0x80, 0xc,
    0x1, 0xf0, 0x1, 0x80, 0xff, 0x80, 0x70, 0x7c,
    0x78, 0x1e, 0x7f, 0x3, 0xcf, 0x9f, 0x0, 0x38,
    0xe1, 0x80, 0x0, 0x0,

    /* U+65E5 "日" */
    0xff, 0xff, 0xff, 0xff, 0xfc, 0x0, 0xf, 0x0,
    0x3, 0xc0, 0x0, 0xf0, 0x0, 0x3c, 0x0, 0xf,
    0x0, 0x3, 0xc0, 0x0, 0xf0, 0x0, 0x3f, 0xff,
    0xff, 0xff, 0xff, 0xc0, 0x0, 0xf0, 0x0, 0x3c,
    0x0, 0xf, 0x0, 0x3, 0xc0, 0x0, 0xf0, 0x0,
    0x3c, 0x0, 0xf, 0x0, 0x3, 0xff, 0xff, 0xff,
    0xff, 0xff, 0xff, 0xff, 0x0, 0x3, 0xc0, 0x0,
    0xc0,

    /* U+65E9 "早" */
    0xf, 0xff, 0xfe, 0x1, 0xff, 0xff, 0xc0, 0x3f,
    0xff, 0xf8, 0x6, 0x0, 0x3, 0x0, 0xc0, 0x0,
    0x60, 0x18, 0x0, 0xc, 0x3, 0xff, 0xff, 0x80,
    0x7f, 0xff, 0xf0, 0xc, 0x0, 0x6, 0x1, 0x80,
    0x0, 0xc0, 0x30, 0x0, 0x18, 0x6, 0x0, 0x3,
    0x0, 0xff, 0xff, 0xe0, 0x1f, 0xff, 0xfc, 0x0,
    0x1, 0x80, 0x0, 0x0, 0x30, 0x0, 0x0, 0x6,
    0x0, 0x0, 0x0, 0xc0, 0x3, 0xff, 0xff, 0xff,
    0xff, 0xff, 0xff, 0xf0, 0x0, 0x60, 0x0, 0x0,
    0xc, 0x0, 0x0, 0x1, 0x80, 0x0, 0x0, 0x30,
    0x0, 0x0, 0x6, 0x0, 0x0, 0x0, 0xc0, 0x0,

    /* U+660E "明" */
    0xff, 0x8f, 0xff, 0xff, 0x1f, 0xff, 0x6, 0x30,
    0x1e, 0xc, 0x60, 0x3c, 0x18, 0xc0, 0x78, 0x31,
    0x80, 0xf0, 0x63, 0x1, 0xe0, 0xc7, 0xff, 0xc1,
    0x8f, 0xff, 0xff, 0x18, 0xf, 0xfe, 0x30, 0x1e,
    0xc, 0x60, 0x3c, 0x18, 0xc0, 0x78, 0x31, 0x80,
    0xf0, 0x63, 0xff, 0xe0, 0xc7, 0xff, 0xc1, 0x8c,
    0x7, 0x83, 0x30, 0xf, 0xfe, 0x60, 0x1f, 0xfc,
    0xc0, 0x30, 0x3, 0x0, 0x60, 0xe, 0x0, 0xc0,
    0x38, 0x1f, 0x80, 0xe0, 0x3e, 0x1, 0x80, 0x60,

    /* U+661F "星" */
    0x1f, 0xff, 0xfc, 0xf, 0xff, 0xfe, 0x6, 0x0,
    0x3, 0x3, 0x0, 0x1, 0x81, 0xff, 0xff, 0xc0,
    0xff, 0xff, 0xe0, 0x60, 0x0, 0x30, 0x30, 0x0,
    0x18, 0x18, 0x0, 0xc, 0xf, 0xff, 0xfe, 0x0,
    0x0, 0x0, 0x1, 0xc1, 0x80, 0x0, 0xc0, 0xc0,
    0x0, 0xff, 0xff, 0xf8, 0xff, 0xff, 0xfc, 0x60,
    0x18, 0x0, 0x70, 0xc, 0x0, 0x70, 0x6, 0x0,
    0x13, 0xff, 0xff, 0x81, 0xff, 0xff, 0xc0, 0x0,
    0xc0, 0x0, 0x0, 0x60, 0x0, 0x0, 0x30, 0x1,
    0xff, 0xff, 0xff, 0xff, 0xff, 0xff, 0x80,

    /* U+6625 "春" */
    0x0, 0xc, 0x0, 0x0, 0x1, 0x80, 0x0, 0x0,
    0x30, 0x0, 0x1f, 0xff, 0xff, 0xc3, 0xff, 0xff,
    0xf8, 0x0, 0x30, 0x0, 0x0, 0x6, 0x0, 0x0,
    0xff, 0xff, 0xf8, 0x0, 0x30, 0x0, 0x0, 0x6,
    0x0, 0x1, 0xff, 0xff, 0xff, 0x3f, 0xff, 0xff,
    0xe0, 0xc, 0x6, 0x0, 0x3, 0x80, 0xe0, 0x0,
    0xe0, 0xe, 0x0, 0x3f, 0xff, 0xe0, 0x1f, 0xff,
    0xfe, 0x7, 0xe0, 0x3, 0xf3, 0xcc, 0x0, 0x67,
    0xf1, 0x80, 0xc, 0x70, 0x3f, 0xff, 0x80, 0x6,
    0x0, 0x30, 0x0, 0xc0, 0x6, 0x0, 0x18, 0x0,
    0xc0, 0x3, 0xff, 0xf8, 0x0, 0x60, 0x3, 0x0,
    0xc, 0x0, 0x60, 0x0,

    /* U+6628 "昨" */
    0x0, 0x6, 0x0, 0x0, 0x7, 0x0, 0x0, 0x3,
    0x0, 0x1f, 0xe1, 0x80, 0xf, 0xf1, 0xff, 0xfe,
    0x18, 0xff, 0xff, 0xc, 0xec, 0x1, 0x86, 0x66,
    0x0, 0xc3, 0x73, 0x0, 0x61, 0xb1, 0x80, 0x30,
    0xf8, 0xc0, 0x18, 0x68, 0x7f, 0xcc, 0x30, 0x3f,
    0xe7, 0xf8, 0x1f, 0xf3, 0xfc, 0xc, 0x1, 0x86,
    0x6, 0x0, 0xc3, 0x3, 0x0, 0x61, 0x81, 0x80,
    0x30, 0xc0, 0xff, 0xd8, 0x60, 0x7f, 0xec, 0x30,
    0x3f, 0xf6, 0x18, 0x18, 0x3, 0xfc, 0xc, 0x1,
    0xfe, 0x6, 0x0, 0xff, 0x3, 0x0, 0x0, 0x1,
    0x80, 0x0, 0x0, 0xc0, 0x0,

    /* U+665A "晚" */
    0x0, 0x6, 0x0, 0x0, 0x7, 0x0, 0x3f, 0x83,
    0xfe, 0x1f, 0xc3, 0xff, 0xf, 0xe1, 0x81, 0x86,
    0x31, 0xc1, 0x83, 0x19, 0xc1, 0xc1, 0x8d, 0xc1,
    0xc0, 0xc6, 0xff, 0xfe, 0x63, 0x3f, 0xff, 0x31,
    0x9c, 0x61, 0x98, 0xce, 0x30, 0xcf, 0xe7, 0x18,
    0x67, 0xf3, 0x8c, 0x33, 0x19, 0xc6, 0x19, 0x8c,
    0xff, 0xfc, 0xc6, 0x7f, 0xfe, 0x63, 0x1, 0xc0,
    0x31, 0x81, 0xf0, 0x18, 0xc0, 0xd8, 0xc, 0x60,
    0xec, 0x17, 0xf0, 0xe6, 0xf, 0xf8, 0xe3, 0x7,
    0xfc, 0xe1, 0x87, 0x1, 0xe0, 0xff, 0x1, 0xe0,
    0x3f, 0x80, 0x40, 0x0, 0x0,

    /* U+6674 "晴" */
    0x0, 0x1, 0x80, 0x0, 0x0, 0xc0, 0x3f, 0x80,
    0x60, 0x1f, 0xcf, 0xff, 0xec, 0x60, 0x18, 0x6,
    0x30, 0xc, 0x3, 0x18, 0xff, 0xf9, 0x8c, 0x7f,
    0xfc, 0xc6, 0x1, 0x80, 0x63, 0x0, 0xc0, 0x31,
    0xbf, 0xff, 0xf8, 0xc0, 0x0, 0xf, 0xe0, 0x0,
    0x7, 0xf1, 0xff, 0xf3, 0x18, 0xff, 0xf9, 0x8c,
    0x60, 0xc, 0xc6, 0x30, 0x6, 0x63, 0x1f, 0xff,
    0x31, 0x8f, 0xff, 0x98, 0xc6, 0x0, 0xcc, 0x63,
    0x0, 0x66, 0x31, 0xff, 0xf3, 0xf8, 0xc0, 0x19,
    0xfc, 0x60, 0xc, 0x0, 0x30, 0xe, 0x0, 0x18,
    0x3e, 0x0, 0xc, 0xe, 0x0,

    /* U+6696 "暖" */
    0x0, 0x0, 0x0, 0x0, 0x0, 0x3f, 0xcf, 0xef,
    0xff, 0xe3, 0xfb, 0xfc, 0x10, 0xc6, 0x31, 0x86,
    0x31, 0x8c, 0x63, 0xc, 0x61, 0x8, 0xc3, 0x18,
    0x42, 0x60, 0xc6, 0xff, 0xff, 0x31, 0xbf, 0xff,
    0xcc, 0x60, 0xc0, 0x3, 0x18, 0x30, 0x0, 0xfe,
    0xff, 0xff, 0xbf, 0xbf, 0xff, 0xec, 0x61, 0x80,
    0x3, 0x18, 0x60, 0x0, 0xc6, 0x1f, 0xfc, 0x31,
    0x8f, 0xff, 0xc, 0x63, 0x60, 0xc3, 0x19, 0xd8,
    0x60, 0xc6, 0x63, 0x38, 0x3f, 0xb8, 0x7c, 0xf,
    0xfc, 0xe, 0x0, 0x6, 0xf, 0xe0, 0x3, 0x9f,
    0x1f, 0x0, 0xdf, 0x1, 0xe0, 0x7, 0x0, 0x8,

    /* U+66B4 "暴" */
    0xf, 0xff, 0xfe, 0x1, 0x80, 0x0, 0xc0, 0x30,
    0x0, 0x18, 0x7, 0xff, 0xff, 0x0, 0xff, 0xff,
    0xe0, 0x18, 0x0, 0xc, 0x3, 0x0, 0x1, 0x80,
    0x7f, 0xff, 0xf0, 0x0, 0xc0, 0x60, 0x0, 0x18,
    0xc, 0x0, 0xff, 0xff, 0xfe, 0x1f, 0xff, 0xff,
    0xc0, 0xc, 0x6, 0x0, 0x1, 0x80, 0xc0, 0x1f,
    0xff, 0xff, 0xf0, 0x7, 0x3, 0x0, 0x1, 0xc6,
    0x38, 0x0, 0xf0, 0xc7, 0x80, 0x7b, 0x99, 0xde,
    0x7c, 0x33, 0x70, 0xf6, 0x0, 0x60, 0x6, 0x1,
    0xed, 0xe0, 0x3, 0xf1, 0x8f, 0xc1, 0xf0, 0x70,
    0x3c, 0x0, 0x7e, 0x1, 0x80, 0x7, 0x0, 0x0,

    /* U+671F "期" */
    0x18, 0x18, 0x0, 0xc, 0xc, 0x0, 0x6, 0x6,
    0x3f, 0xef, 0xff, 0xdf, 0xf7, 0xff, 0xec, 0x18,
    0xc0, 0xc6, 0xc, 0x60, 0x63, 0x6, 0x30, 0x31,
    0x83, 0x1f, 0xf8, 0xc1, 0x8f, 0xfc, 0x7f, 0xc6,
    0x6, 0x3f, 0xe3, 0x3, 0x18, 0x31, 0x81, 0x8c,
    0x18, 0xff, 0xc6, 0xc, 0x60, 0x63, 0x6, 0x30,
    0x31, 0x83, 0x18, 0x18, 0xff, 0x8c, 0xc, 0x7f,
    0xff, 0xff, 0xb0, 0x60, 0x0, 0x18, 0x30, 0x42,
    0xc, 0x18, 0x73, 0x8e, 0xc, 0x70, 0xe6, 0x6,
    0x30, 0x37, 0x3, 0x70, 0xb, 0xf, 0xb8, 0x3,
    0x83, 0xc8, 0x1, 0x80, 0x0,

    /* U+673A "机" */
    0x6, 0x0, 0x0, 0x0, 0xc0, 0x0, 0x0, 0x18,
    0x1f, 0xf0, 0x3, 0x3, 0xfe, 0x0, 0x60, 0x60,
    0xc0, 0xc, 0xc, 0x18, 0x1f, 0xf9, 0x83, 0x3,
    0xff, 0x30, 0x60, 0x6, 0x6, 0xc, 0x1, 0xc0,
    0xc1, 0x80, 0x38, 0x18, 0x30, 0xf, 0x83, 0x6,
    0x1, 0xf8, 0x60, 0xc0, 0x7d, 0x9c, 0x18, 0xd,
    0xb9, 0x83, 0x3, 0xb3, 0x70, 0x60, 0x66, 0x2e,
    0xc, 0x1c, 0xc1, 0xc1, 0x83, 0x18, 0x30, 0x30,
    0x3, 0x6, 0x6, 0x30, 0x60, 0xc0, 0xc6, 0xc,
    0x38, 0x18, 0xc1, 0x86, 0x3, 0x18, 0x31, 0xc0,
    0x63, 0x6, 0x70, 0xf, 0xe0, 0xdc, 0x1, 0xf8,
    0x19, 0x80, 0x0, 0x0,

    /* U+6A59 "橙" */
    0x6, 0x0, 0x0, 0x0, 0x30, 0x1, 0x88, 0x1,
    0x8f, 0xfc, 0xe0, 0xc, 0x7f, 0xbe, 0x0, 0x60,
    0x19, 0xc0, 0x3, 0x18, 0xce, 0x30, 0xff, 0xec,
    0x37, 0x87, 0xfb, 0xe1, 0xf0, 0x6, 0xe, 0x7,
    0x0, 0x70, 0x7f, 0xfc, 0x3, 0x87, 0x7f, 0x70,
    0x1e, 0xf0, 0x1, 0xc1, 0xfb, 0x0, 0x7, 0x8f,
    0xe7, 0xff, 0xd8, 0xdb, 0x3f, 0xfe, 0x6, 0xcd,
    0x80, 0x30, 0x76, 0x4c, 0x1, 0x83, 0x30, 0x60,
    0xc, 0x19, 0x83, 0xff, 0xe0, 0xc, 0x1f, 0xff,
    0x0, 0x60, 0x20, 0x40, 0x3, 0x1, 0x83, 0x0,
    0x18, 0xc, 0x38, 0x0, 0xc0, 0x21, 0x80, 0x6,
    0x7f, 0xff, 0xe0, 0x33, 0xff, 0xff, 0x1, 0x80,
    0x0, 0x0,

    /* U+6B63 "正" */
    0x3f, 0xff, 0xff, 0xc7, 0xff, 0xff, 0xf8, 0x0,
    0x1c, 0x0, 0x0, 0x3, 0x80, 0x0, 0x0, 0x70,
    0x0, 0x0, 0xe, 0x0, 0x1, 0xc1, 0xc0, 0x0,
    0x38, 0x38, 0x0, 0x7, 0x7, 0x0, 0x0, 0xe0,
    0xe0, 0x0, 0x1c, 0x1f, 0xfe, 0x3, 0x83, 0xff,
    0xc0, 0x70, 0x70, 0x0, 0xe, 0xe, 0x0, 0x1,
    0xc1, 0xc0, 0x0, 0x38, 0x38, 0x0, 0x7, 0x7,
    0x0, 0x0, 0xe0, 0xe0, 0x0, 0x1c, 0x1c, 0x0,
    0x3, 0x83, 0x80, 0x0, 0x70, 0x70, 0x1, 0xff,
    0xff, 0xff, 0xff, 0xff, 0xff, 0xf8,

    /* U+6E29 "温" */
    0x30, 0x7f, 0xfe, 0x7, 0xf, 0xff, 0xc0, 0x71,
    0x80, 0x18, 0x7, 0xb0, 0x3, 0x0, 0x66, 0x0,
    0x60, 0x0, 0xff, 0xfc, 0x10, 0x1f, 0xff, 0x87,
    0x3, 0x0, 0x30, 0x70, 0x60, 0x6, 0x7, 0x8f,
    0xff, 0xc0, 0x79, 0xff, 0xf8, 0x6, 0x0, 0x0,
    0x0, 0x0, 0x0, 0x0, 0x0, 0x0, 0x0, 0x2,
    0x3f, 0xff, 0xc0, 0x67, 0xff, 0xf8, 0x1c, 0xc6,
    0x33, 0x3, 0x18, 0xc6, 0x60, 0x63, 0x18, 0xcc,
    0xc, 0x63, 0x19, 0x83, 0x8c, 0x63, 0x30, 0x61,
    0x8c, 0x66, 0xc, 0x31, 0x8c, 0xc3, 0xbf, 0xff,
    0xff, 0x67, 0xff, 0xff, 0xe0,

    /* U+6E7F "湿" */
    0x30, 0x7f, 0xff, 0x87, 0x8f, 0xff, 0xf0, 0x79,
    0xc0, 0x6, 0x3, 0xb8, 0x0, 0xc0, 0x37, 0x0,
    0x18, 0x0, 0xff, 0xff, 0x0, 0x1f, 0xff, 0xe3,
    0x3, 0x80, 0xc, 0xf0, 0x70, 0x1, 0x87, 0xe,
    0x0, 0x30, 0x79, 0xff, 0xfe, 0x7, 0x3f, 0xff,
    0xc0, 0x40, 0x31, 0x80, 0x0, 0x86, 0x31, 0x2,
    0x30, 0xc6, 0x30, 0x63, 0x18, 0xc6, 0xc, 0x63,
    0x19, 0x81, 0x86, 0x63, 0x30, 0x70, 0xcc, 0x6c,
    0xc, 0xd, 0x8d, 0x81, 0x81, 0x31, 0xa0, 0x30,
    0x6, 0x30, 0xc, 0x0, 0xc6, 0x1, 0x8f, 0xff,
    0xff, 0x71, 0xff, 0xff, 0xe0, 0x0, 0x0, 0x0,

    /* U+6E90 "源" */
    0x30, 0x0, 0x0, 0x3, 0x8f, 0xff, 0xfe, 0x1c,
    0xff, 0xff, 0xe0, 0xee, 0x3, 0x0, 0x6, 0xe0,
    0x70, 0x0, 0xe, 0x6, 0x0, 0x40, 0xe7, 0xff,
    0x8e, 0xe, 0x7f, 0xf8, 0x70, 0xe6, 0x1, 0x83,
    0xce, 0x60, 0x18, 0xe, 0xe7, 0xff, 0x80, 0x4e,
    0x7f, 0xf8, 0x0, 0xe6, 0x1, 0x80, 0xc, 0x60,
    0x18, 0x8, 0xc6, 0x1, 0x80, 0xcc, 0x7f, 0xf8,
    0x18, 0xc7, 0xff, 0x81, 0x8c, 0x3, 0x0, 0x18,
    0xc2, 0x33, 0x1, 0x9c, 0x63, 0x38, 0x31, 0x8e,
    0x31, 0x83, 0x18, 0xc3, 0xc, 0x33, 0x98, 0x30,
    0x67, 0x33, 0xf, 0x7, 0x67, 0x21, 0xf0, 0x22,
    0x20, 0x18, 0x0,

    /* U+6EE1 "满" */
    0x0, 0xc, 0x18, 0x4, 0x1, 0x83, 0x0, 0xe0,
    0x30, 0x60, 0xe, 0xff, 0xff, 0xf0, 0xff, 0xff,
    0xfe, 0x8, 0x18, 0x30, 0x0, 0x3, 0x6, 0x0,
    0x0, 0x0, 0x0, 0x60, 0xff, 0xff, 0xce, 0x1f,
    0xff, 0xf8, 0xe0, 0x18, 0xc0, 0xe, 0x3, 0x18,
    0x0, 0xc0, 0x63, 0x0, 0x1, 0xff, 0xff, 0x0,
    0x31, 0x8c, 0x60, 0x46, 0x31, 0x8c, 0xc, 0xc6,
    0x31, 0x81, 0x98, 0xe7, 0x30, 0x73, 0x36, 0xf6,
    0xc, 0x66, 0xf6, 0xc1, 0x8c, 0xc6, 0x78, 0x71,
    0xb1, 0xc3, 0xc, 0x3e, 0x30, 0x61, 0x86, 0xc,
    0xc, 0x70, 0xc0, 0x3, 0x8c, 0x18, 0x1, 0xf0,
    0x83, 0x0, 0x18, 0x0,

    /* U+70ED "热" */
    0x6, 0x3, 0x80, 0x0, 0xc0, 0x70, 0x0, 0x18,
    0xe, 0x0, 0x3, 0x1, 0xc0, 0x7, 0xfe, 0xff,
    0xe0, 0xff, 0xdf, 0xfc, 0x1, 0x80, 0xe1, 0x80,
    0x30, 0x1c, 0x30, 0x6, 0x3, 0x86, 0x0, 0xfa,
    0x60, 0xc0, 0x3f, 0x7c, 0x18, 0x7f, 0x87, 0x83,
    0xf, 0x60, 0x3c, 0x61, 0xc, 0xf, 0xec, 0xc1,
    0x81, 0x9d, 0x98, 0x30, 0x70, 0xb3, 0x6, 0x1c,
    0x7, 0xc7, 0xcf, 0x0, 0x78, 0xf9, 0xc0, 0x6,
    0x0, 0x10, 0x1, 0x0, 0xc6, 0x18, 0x70, 0x30,
    0xc3, 0x86, 0x6, 0x18, 0x30, 0xe1, 0xc1, 0x86,
    0xc, 0x30, 0x30, 0xe1, 0xce, 0x6, 0xc, 0x19,
    0x80, 0xc0, 0x2, 0x0,

    /* U+7535 "电" */
    0x0, 0x60, 0x0, 0x0, 0x60, 0x0, 0x0, 0x60,
    0x0, 0x0, 0x60, 0x0, 0xff, 0xff, 0xf0, 0xff,
    0xff, 0xf0, 0xc0, 0x60, 0x30, 0xc0, 0x60, 0x30,
    0xc0, 0x60, 0x30, 0xc0, 0x60, 0x30, 0xc0, 0x60,
    0x30, 0xff, 0xff, 0xf0, 0xff, 0xff, 0xf0, 0xc0,
    0x60, 0x30, 0xc0, 0x60, 0x30, 0xc0, 0x60, 0x30,
    0xc0, 0x60, 0x30, 0xc0, 0x60, 0x30, 0xff, 0xff,
    0xf0, 0xff, 0xff, 0xf2, 0x0, 0x60, 0x3, 0x0,
    0x60, 0x3, 0x0, 0x60, 0x3, 0x0, 0x70, 0x7,
    0x0, 0x7f, 0xfe, 0x0, 0x3f, 0xfe,

    /* U+79CB "秋" */
    0x0, 0x0, 0x30, 0x0, 0x3, 0x3, 0x0, 0x3,
    0xf0, 0x30, 0x3, 0xfe, 0x3, 0x0, 0x3f, 0x0,
    0x30, 0x0, 0x30, 0xc3, 0x6, 0x3, 0xc, 0x30,
    0xc0, 0x30, 0x63, 0xc, 0x3, 0x6, 0x31, 0xc7,
    0xff, 0x33, 0x18, 0x7f, 0xf3, 0x31, 0x80, 0x70,
    0x33, 0x30, 0x7, 0x1, 0xb3, 0x0, 0xf0, 0x13,
    0xa0, 0xf, 0xc0, 0x38, 0x1, 0xf6, 0x7, 0x80,
    0x1b, 0x30, 0x7c, 0x3, 0x33, 0x86, 0xc0, 0x73,
    0x10, 0xec, 0xe, 0x30, 0xc, 0x60, 0x43, 0x1,
    0xc7, 0x0, 0x30, 0x38, 0x30, 0x3, 0x7, 0x3,
    0x80, 0x30, 0xe0, 0x1c, 0x3, 0x1c, 0x0, 0xf0,
    0x33, 0x80, 0x7, 0x3, 0x10, 0x0, 0x20,

    /* U+7EA2 "红" */
    0x1, 0x0, 0x0, 0x0, 0x70, 0x0, 0x0, 0xc,
    0x0, 0x0, 0x3, 0x7, 0xff, 0xe0, 0xe0, 0xff,
    0xfc, 0x18, 0x0, 0x60, 0x7, 0xc, 0xc, 0x1,
    0xc3, 0x81, 0x80, 0x71, 0xe0, 0x30, 0xf, 0xf8,
    0x6, 0x1, 0xff, 0x0, 0xc0, 0x1, 0xc0, 0x18,
    0x0, 0x30, 0x3, 0x0, 0xe, 0x0, 0x60, 0x3,
    0x80, 0xc, 0x0, 0xe3, 0x1, 0x80, 0x3f, 0xe0,
    0x30, 0x7, 0xfc, 0x6, 0x0, 0x80, 0x0, 0xc0,
    0x0, 0x0, 0x18, 0x0, 0x0, 0x3, 0x0, 0x7,
    0xc0, 0x60, 0x1f, 0xfc, 0xc, 0x7, 0xf8, 0x1,
    0x80, 0x60, 0x1f, 0xff, 0xe0, 0x3, 0xff, 0xfc,

    /* U+84DD "蓝" */
    0x0, 0xc0, 0x60, 0x0, 0x18, 0xc, 0x1, 0xff,
    0xff, 0xff, 0x3f, 0xff, 0xff, 0xe0, 0xc, 0x6,
    0x0, 0x1, 0x80, 0xc0, 0x0, 0x0, 0x0, 0x0,
    0xc3, 0x6, 0x0, 0x1c, 0x61, 0xc0, 0x3, 0x8c,
    0x3f, 0xf8, 0x71, 0x87, 0xff, 0xe, 0x31, 0xc0,
    0x1, 0xc6, 0x33, 0x80, 0x38, 0xce, 0x38, 0x7,
    0x1b, 0x83, 0xc0, 0xe3, 0x20, 0x38, 0x0, 0x0,
    0x0, 0x1, 0xff, 0xff, 0xe0, 0x3f, 0xff, 0xfc,
    0x6, 0x18, 0x61, 0x80, 0xc3, 0xc, 0x30, 0x18,
    0x61, 0x86, 0x3, 0xc, 0x30, 0xc0, 0x61, 0x86,
    0x18, 0xff, 0xff, 0xff, 0xff, 0xff, 0xff, 0xfc,

    /* U+897F "西" */
    0xff, 0xff, 0xff, 0xff, 0xff, 0xff, 0xff, 0xff,
    0xff, 0xfc, 0x3, 0x6, 0x0, 0x0, 0xc1, 0x80,
    0x0, 0x30, 0x60, 0x0, 0xc, 0x18, 0x0, 0xff,
    0xff, 0xfc, 0x3f, 0xff, 0xff, 0xc, 0x30, 0x60,
    0xc3, 0xc, 0x18, 0x30, 0xc3, 0x6, 0xc, 0x30,
    0xc1, 0x83, 0xc, 0x30, 0x60, 0xc3, 0x1c, 0x18,
    0x30, 0xce, 0x7, 0xfc, 0x37, 0x1, 0xff, 0xf,
    0x80, 0x0, 0xc3, 0x40, 0x0, 0x30, 0xc0, 0x0,
    0xc, 0x30, 0x0, 0x3, 0xc, 0x0, 0x0, 0xc3,
    0xff, 0xff, 0xf0, 0xff, 0xff, 0xfc, 0x30, 0x0,
    0x3, 0xc, 0x0, 0x0, 0xc0,

    /* U+8B66 "警" */
    0x6, 0x30, 0x30, 0x0, 0xc6, 0xc, 0x1, 0xff,
    0xfd, 0xff, 0x83, 0x18, 0x7f, 0xf1, 0x80, 0x1c,
    0x18, 0x7f, 0xfb, 0x86, 0x18, 0x3, 0x58, 0xc6,
    0x0, 0x61, 0xb0, 0x1f, 0xcc, 0x1c, 0x2, 0x19,
    0x87, 0xc0, 0x7f, 0x37, 0xdf, 0x0, 0x1e, 0xe0,
    0x70, 0x2, 0x60, 0x0, 0x0, 0xc, 0x0, 0x3f,
    0xff, 0xff, 0xf8, 0x0, 0x0, 0x0, 0xf, 0xff,
    0xfe, 0x1, 0xff, 0xff, 0xc0, 0x0, 0x0, 0x0,
    0x7, 0xff, 0xff, 0x0, 0x0, 0x0, 0x0, 0x1f,
    0xff, 0xfc, 0x3, 0xff, 0xff, 0x80, 0x60, 0x0,
    0x30, 0xf, 0xff, 0xfe, 0x1, 0xff, 0xff, 0xc0,
    0x30, 0x0, 0x18, 0x0,

    /* U+8BF7 "请" */
    0x0, 0x0, 0xc0, 0x3, 0x0, 0x18, 0x0, 0x60,
    0x3, 0x0, 0x6, 0x3f, 0xff, 0xe0, 0xe0, 0xc,
    0x0, 0xc, 0x1, 0x80, 0x1, 0x8f, 0xff, 0xe0,
    0x1, 0xff, 0xfc, 0x0, 0x0, 0xc0, 0x0, 0x0,
    0x18, 0x3, 0xf3, 0xff, 0xff, 0xfe, 0x7f, 0xff,
    0xf0, 0xc0, 0x0, 0x0, 0x18, 0x7f, 0xfe, 0x3,
    0xf, 0xff, 0xc0, 0x61, 0x80, 0x18, 0xc, 0x30,
    0x3, 0x1, 0x87, 0xff, 0xe0, 0x30, 0xff, 0xfc,
    0x6, 0x18, 0x1, 0x80, 0xcb, 0x0, 0x30, 0x1f,
    0x7f, 0xfe, 0x3, 0xcc, 0x0, 0xc0, 0x71, 0x80,
    0x18, 0x1c, 0x30, 0x3, 0x1, 0x6, 0x3, 0xe0,
    0x0, 0xc0, 0x20, 0x0,

    /* U+952E "键" */
    0xc, 0x0, 0x18, 0x0, 0xc0, 0x1, 0x80, 0x18,
    0x3e, 0xff, 0xc1, 0xfb, 0xef, 0xfc, 0x1f, 0x86,
    0x18, 0xc3, 0x0, 0xc1, 0x8c, 0x30, 0xc, 0x18,
    0xc6, 0x1, 0x9f, 0xff, 0x60, 0x18, 0x18, 0xc1,
    0xfb, 0x1, 0x8c, 0x1f, 0xbe, 0x18, 0xc0, 0xc3,
    0xef, 0xfc, 0xc, 0x6, 0x18, 0x0, 0xc0, 0x61,
    0x80, 0xc, 0x6, 0x18, 0x7, 0xfe, 0x6f, 0xfc,
    0x7f, 0xa4, 0xff, 0xc0, 0xc3, 0xc1, 0x80, 0xc,
    0x3c, 0x18, 0x0, 0xc1, 0xdf, 0xfe, 0xc, 0x19,
    0xff, 0xe0, 0xc9, 0xc1, 0x80, 0xf, 0xbe, 0x18,
    0x0, 0xf7, 0x78, 0x0, 0x1e, 0x61, 0xff, 0xf0,
    0x8c, 0x7, 0xff, 0x0, 0x40, 0x0, 0x0,

    /* U+9634 "阴" */
    0xff, 0x80, 0x1, 0xff, 0x3f, 0xff, 0x6, 0x7f,
    0xfe, 0x18, 0xc0, 0x3c, 0x31, 0x80, 0x78, 0x63,
    0x0, 0xf1, 0x86, 0x1, 0xe3, 0xc, 0x3, 0xc6,
    0x1f, 0xff, 0x9c, 0x3f, 0xff, 0x18, 0x60, 0x1e,
    0x18, 0xc0, 0x3c, 0x31, 0x80, 0x78, 0x33, 0x0,
    0xf0, 0x66, 0x1, 0xe0, 0xcf, 0xff, 0xc1, 0x9f,
    0xff, 0x87, 0x30, 0xf, 0x7c, 0x60, 0x1e, 0xf1,
    0xc0, 0x3c, 0x3, 0x0, 0x78, 0xe, 0x0, 0xf0,
    0x18, 0x1, 0xe0, 0x70, 0x3f, 0xc1, 0xc0, 0x7d,
    0x83, 0x0, 0xc0,

    /* U+9635 "阵" */
    0x0, 0x3, 0x80, 0x0, 0x1, 0x80, 0x3f, 0xc0,
    0xc0, 0x1f, 0xe0, 0xe0, 0xc, 0x37, 0xff, 0xfe,
    0x1b, 0xff, 0xff, 0x18, 0x38, 0x1, 0x8c, 0x18,
    0x0, 0xc6, 0x1c, 0xc0, 0x66, 0xc, 0x60, 0x33,
    0xe, 0x30, 0x19, 0x87, 0x18, 0xc, 0x63, 0xc,
    0x6, 0x33, 0xff, 0xfb, 0xd, 0xff, 0xfd, 0x86,
    0x1, 0x80, 0xc3, 0x0, 0xc0, 0x61, 0x80, 0x60,
    0x30, 0xc0, 0x30, 0x18, 0xef, 0xff, 0xfd, 0xf7,
    0xff, 0xfe, 0xf0, 0x6, 0x3, 0x0, 0x3, 0x1,
    0x80, 0x1, 0x80, 0xc0, 0x0, 0xc0, 0x60, 0x0,
    0x60, 0x30, 0x0, 0x30, 0x0,

    /* U+96E8 "雨" */
    0xff, 0xff, 0xff, 0xff, 0xff, 0xff, 0xf0, 0x0,
    0xc0, 0x0, 0x0, 0x30, 0x0, 0x0, 0xc, 0x0,
    0x1f, 0xff, 0xff, 0xc7, 0xff, 0xff, 0xf1, 0xff,
    0xff, 0xfc, 0x70, 0xc, 0x3, 0x1c, 0x3, 0x0,
    0xc7, 0x70, 0xdc, 0x31, 0xce, 0x33, 0x8c, 0x71,
    0xcc, 0x7b, 0x1c, 0x13, 0x4, 0xc7, 0x0, 0xc0,
    0x31, 0xd0, 0x34, 0xc, 0x77, 0xd, 0xc3, 0x1c,
    0xe3, 0x38, 0xc7, 0x1c, 0xc7, 0x31, 0xc3, 0x30,
    0x4c, 0x70, 0xc, 0x3, 0x1c, 0x3, 0x0, 0xc7,
    0x0, 0xc3, 0xf1, 0xc0, 0x30, 0xf8,

    /* U+96EA "雪" */
    0x7f, 0xff, 0xfe, 0x7f, 0xff, 0xfe, 0x0, 0x18,
    0x0, 0x0, 0x18, 0x0, 0xff, 0xff, 0xff, 0xff,
    0xff, 0xff, 0xc0, 0x18, 0x3, 0xc0, 0x18, 0x3,
    0xcf, 0x9b, 0xf3, 0xc0, 0x18, 0x3, 0x0, 0x18,
    0x0, 0xf, 0x9b, 0xf0, 0x0, 0x18, 0x0, 0x0,
    0x0, 0x0, 0x7f, 0xff, 0xfc, 0x7f, 0xff, 0xfc,
    0x0, 0x0, 0xc, 0x0, 0x0, 0xc, 0x0, 0x0,
    0xc, 0x3f, 0xff, 0xfc, 0x3f, 0xff, 0xfc, 0x0,
    0x0, 0xc, 0x0, 0x0, 0xc, 0x7f, 0xff, 0xfc,
    0x7f, 0xff, 0xfc, 0x0, 0x0, 0xc,

    /* U+96F7 "雷" */
    0x7f, 0xff, 0xfe, 0x7f, 0xff, 0xfe, 0x0, 0x18,
    0x0, 0x0, 0x18, 0x0, 0xff, 0xff, 0xff, 0xff,
    0xff, 0xff, 0xc0, 0x18, 0x3, 0xdf, 0x9b, 0xf3,
    0xdf, 0x9b, 0xf3, 0xc0, 0x18, 0x3, 0x1f, 0x9b,
    0xf0, 0x1f, 0x9b, 0xf0, 0x0, 0x18, 0x0, 0x0,
    0x0, 0x0, 0x3f, 0xff, 0xfc, 0x30, 0x18, 0xc,
    0x30, 0x18, 0xc, 0x30, 0x18, 0xc, 0x3f, 0xff,
    0xfc, 0x3f, 0xff, 0xfc, 0x30, 0x18, 0xc, 0x30,
    0x18, 0xc, 0x30, 0x18, 0xc, 0x3f, 0xff, 0xfc,
    0x30, 0x0, 0xc, 0x30, 0x0, 0xc,

    /* U+96FE "雾" */
    0x1f, 0xff, 0xff, 0x81, 0xff, 0xff, 0xf8, 0x0,
    0x6, 0x0, 0x3, 0xff, 0xff, 0xf8, 0x3f, 0xff,
    0xff, 0x83, 0x0, 0x60, 0x8, 0x37, 0xe6, 0xfc,
    0x83, 0x0, 0x60, 0x8, 0x37, 0xe6, 0xfc, 0x80,
    0x7e, 0x6f, 0xc0, 0x0, 0xc0, 0x0, 0x0, 0x3f,
    0xff, 0xe0, 0x7, 0xff, 0xfe, 0x1, 0xf8, 0x3,
    0xc0, 0x78, 0xf1, 0xf0, 0x2, 0x3, 0xf8, 0x0,
    0x7, 0xff, 0xfc, 0xf, 0xfc, 0x7, 0xfe, 0xf0,
    0x38, 0x0, 0xe1, 0xff, 0xff, 0xe0, 0x1f, 0xff,
    0xfe, 0x0, 0x6, 0x0, 0x60, 0x1, 0xe0, 0x6,
    0x0, 0x78, 0x0, 0xe0, 0x7e, 0x1, 0xfc, 0x7,
    0x0, 0x1e, 0x0,

    /* U+971C "霜" */
    0x1f, 0xff, 0xff, 0xf, 0xff, 0xff, 0x80, 0x1,
    0x80, 0x7, 0xff, 0xff, 0xf3, 0xff, 0xff, 0xf9,
    0x80, 0x30, 0xc, 0xdf, 0x9b, 0xf6, 0x60, 0xc,
    0x3, 0x37, 0xe6, 0xfc, 0x3, 0xf3, 0x7e, 0x1,
    0x80, 0x0, 0x0, 0xc1, 0xff, 0xe0, 0x60, 0xff,
    0xf3, 0xff, 0x60, 0x19, 0xff, 0xb0, 0xc, 0x1c,
    0x1f, 0xfe, 0xe, 0xf, 0xff, 0xf, 0xe6, 0x1,
    0x8f, 0xbb, 0x0, 0xce, 0xcd, 0xff, 0xee, 0x60,
    0xff, 0xf6, 0x30, 0x60, 0x18, 0x18, 0x30, 0xc,
    0xc, 0x1f, 0xfe, 0x6, 0xf, 0xff, 0x3, 0x6,
    0x1, 0x80,

    /* U+9732 "露" */
    0x1f, 0xff, 0xff, 0x0, 0x0, 0x60, 0x0, 0x0,
    0x6, 0x0, 0x3, 0xff, 0xff, 0xf8, 0x3f, 0xff,
    0xff, 0x83, 0x0, 0x60, 0x18, 0x37, 0xe6, 0xfd,
    0x83, 0x0, 0x60, 0x18, 0x7, 0xe6, 0xfc, 0x0,
    0x0, 0x60, 0x0, 0x0, 0x1, 0xc0, 0x1, 0xfe,
    0x3f, 0xf8, 0x10, 0x67, 0xff, 0x81, 0x6, 0xf8,
    0x70, 0x1f, 0xfd, 0xce, 0x1, 0xfe, 0x7, 0xc0,
    0x1, 0x3, 0xfe, 0x3, 0x11, 0xf8, 0x7e, 0x31,
    0xfc, 0x0, 0xe3, 0x1f, 0x7f, 0xf0, 0x31, 0x7,
    0xff, 0x3, 0x10, 0x60, 0x30, 0x31, 0xf6, 0x3,
    0xf, 0xff, 0x7f, 0xf0, 0xe0, 0x7, 0xff, 0x0,
    0x0, 0x60, 0x30,

    /* U+973E "霾" */
    0x1f, 0xff, 0xff, 0x80, 0x0, 0xc0, 0x0, 0x0,
    0x18, 0x0, 0x1f, 0xff, 0xff, 0xe3, 0x0, 0x60,
    0x1c, 0x67, 0xcd, 0xfb, 0x8c, 0xf9, 0xbf, 0x71,
    0x80, 0x30, 0xe, 0x3, 0xe6, 0xfc, 0x0, 0x8,
    0x0, 0x0, 0x1f, 0x3f, 0xfe, 0x3f, 0x87, 0xff,
    0xc3, 0x98, 0xc2, 0x18, 0x31, 0xdf, 0xff, 0x1,
    0xf3, 0xff, 0xe1, 0xf8, 0x61, 0xc, 0x71, 0x8f,
    0xff, 0x80, 0x71, 0xff, 0xf0, 0x7b, 0x0, 0x80,
    0x3c, 0x60, 0x10, 0x4, 0x3c, 0xff, 0xf8, 0x3d,
    0x80, 0x40, 0x1e, 0x30, 0x8, 0x3, 0x6, 0xff,
    0xff, 0xf, 0x9f, 0xff, 0xe1, 0x80, 0x0, 0x0,

    /* U+9884 "预" */
    0x7f, 0xef, 0xff, 0xef, 0xfd, 0xff, 0xfc, 0x3,
    0x80, 0xc0, 0x0, 0x60, 0x18, 0x1, 0x1c, 0x3,
    0x0, 0x37, 0x0, 0xe0, 0x3, 0xc1, 0xff, 0xe0,
    0x70, 0x3f, 0xfc, 0x6, 0x6, 0x1, 0x80, 0x40,
    0xc6, 0x33, 0xff, 0xd8, 0xc6, 0x7f, 0xfb, 0x18,
    0xc0, 0x63, 0x63, 0x18, 0xc, 0x6c, 0x63, 0x1,
    0x99, 0x8c, 0x60, 0x33, 0x31, 0x8c, 0x6, 0x66,
    0x31, 0x80, 0xc0, 0xc6, 0x30, 0x18, 0x18, 0xc6,
    0x3, 0x0, 0x34, 0x0, 0x60, 0xe, 0xe0, 0xc,
    0x3, 0x8e, 0x1, 0x80, 0xe0, 0xe1, 0xf0, 0x78,
    0xe, 0x3e, 0x3e, 0x0, 0xe4, 0x3, 0x0, 0x8,

    /* U+98CE "风" */
    0x1f, 0xff, 0xfe, 0x3, 0xff, 0xff, 0xc0, 0x7f,
    0xff, 0xf8, 0xe, 0x0, 0x3, 0x1, 0xc0, 0x0,
    0x60, 0x39, 0x1, 0xcc, 0x7, 0x30, 0x31, 0x80,
    0xe7, 0x6, 0x30, 0x1c, 0x71, 0xc6, 0x3, 0x86,
    0x30, 0xc0, 0x70, 0xee, 0x18, 0xe, 0xf, 0x83,
    0x1, 0xc1, 0xe0, 0x60, 0x38, 0x1c, 0xc, 0x7,
    0x3, 0x81, 0x80, 0xe0, 0xf8, 0x30, 0x1c, 0x3b,
    0x86, 0x3, 0xe, 0x30, 0xc0, 0x61, 0xc7, 0x19,
    0x8c, 0x70, 0x63, 0x33, 0x9c, 0xe, 0x66, 0x67,
    0x0, 0xec, 0xcc, 0xc0, 0x11, 0xfb, 0x80, 0x0,
    0x1e, 0xe0, 0x0, 0x3, 0xc0, 0x0, 0x0, 0x0,

    /* U+98D3 "飓" */
    0x3f, 0xf9, 0xff, 0x83, 0xff, 0x9f, 0xf8, 0x30,
    0x19, 0x81, 0x83, 0x1, 0x98, 0x18, 0x34, 0x59,
    0xff, 0x83, 0x47, 0x98, 0x18, 0x36, 0x59, 0x81,
    0x83, 0x6d, 0x98, 0x18, 0x32, 0xd9, 0xff, 0x83,
    0x3d, 0x98, 0x18, 0x33, 0x99, 0x81, 0x83, 0x19,
    0x9f, 0xf8, 0x31, 0x99, 0xff, 0x83, 0x19, 0x98,
    0x18, 0x33, 0x99, 0x81, 0x83, 0x3d, 0xff, 0xfe,
    0x33, 0xdf, 0xff, 0xe3, 0x6d, 0x80, 0x0, 0x36,
    0x58, 0x66, 0x2, 0x67, 0x8c, 0x30, 0x6c, 0x6d,
    0xc1, 0xb6, 0xc2, 0xe8, 0x1b, 0x78, 0x37, 0x80,
    0x3c, 0x0, 0x3f, 0xfe, 0xc0, 0x0, 0x7f, 0xe4,
    0x0, 0x0, 0x0,

    /* U+9EC4 "黄" */
    0x1, 0x80, 0xc0, 0x0, 0x60, 0x30, 0x0, 0x18,
    0xc, 0x1, 0xff, 0xff, 0xfc, 0x7f, 0xff, 0xff,
    0x0, 0x60, 0x30, 0x0, 0x18, 0xc, 0x3, 0xff,
    0xff, 0xff, 0xff, 0xff, 0xff, 0xc0, 0x3, 0x0,
    0x0, 0x0, 0xc0, 0x0, 0x7f, 0xff, 0xf0, 0x1f,
    0xff, 0xfc, 0x6, 0x3, 0x3, 0x1, 0x80, 0xc0,
    0xc0, 0x7f, 0xff, 0xf0, 0x1f, 0xff, 0xfc, 0x6,
    0x3, 0x3, 0x1, 0x80, 0xc0, 0xc0, 0x60, 0x30,
    0x30, 0x1f, 0xff, 0xfc, 0x0, 0x0, 0x0, 0x0,
    0xc, 0x1e, 0x0, 0x1f, 0x7, 0xe0, 0x3f, 0x0,
    0x3f, 0x3f, 0x0, 0x1, 0xe6, 0x0, 0x0, 0x18,

    /* U+FF01 "！" */
    0xff, 0xff, 0xff, 0xff, 0xff, 0xda, 0x1b, 0xfe,

    /* U+FF02 "＂" */
    0xe7, 0xe6, 0xe6, 0xe6, 0xe6, 0xe6, 0xe6, 0x46,
    0x46,

    /* U+FF03 "＃" */
    0x3, 0x7, 0x1, 0x83, 0x80, 0xc1, 0x80, 0xe0,
    0xc0, 0x70, 0xe0, 0x30, 0x73, 0xff, 0xff, 0xff,
    0xff, 0xe, 0xc, 0x7, 0xe, 0x3, 0x7, 0x1,
    0x83, 0x0, 0xc1, 0x87, 0xff, 0xff, 0xff, 0xfe,
    0x30, 0x70, 0x18, 0x30, 0x1c, 0x18, 0xe, 0xc,
    0x6, 0xe, 0x3, 0x7, 0x0,

    /* U+FF04 "＄" */
    0x3, 0x0, 0x18, 0x0, 0xc0, 0x1f, 0xc3, 0xff,
    0x3d, 0xb9, 0x8c, 0xc, 0x60, 0x63, 0x3, 0x18,
    0x18, 0xc0, 0xf6, 0x3, 0xf8, 0x7, 0xf0, 0xf,
    0xc0, 0x67, 0x3, 0x18, 0x18, 0xc0, 0xc6, 0x6,
    0x30, 0x33, 0xff, 0xfb, 0xff, 0x87, 0xf0, 0x3,
    0x0, 0x18, 0x0, 0xc0, 0x6, 0x0,

    /* U+FF05 "％" */
    0x3e, 0x1, 0x83, 0xf8, 0xc, 0x18, 0x60, 0xc0,
    0xc3, 0x6, 0xe, 0x18, 0x60, 0x70, 0xc3, 0x3,
    0x86, 0x30, 0xc, 0x33, 0x0, 0x61, 0x98, 0x3,
    0x99, 0x80, 0xf, 0x8c, 0xf8, 0x0, 0xcf, 0xe0,
    0x6, 0x61, 0x80, 0x63, 0xc, 0x3, 0x38, 0x60,
    0x31, 0xc3, 0x3, 0xe, 0x18, 0x18, 0x30, 0xc1,
    0x81, 0x86, 0xc, 0xe, 0x60, 0xc0, 0x3f, 0x0,

    /* U+FF06 "＆" */
    0x7, 0xc0, 0x3, 0xfc, 0x1, 0xe7, 0x0, 0x70,
    0xe0, 0x1c, 0x38, 0x7, 0xe, 0x1, 0xc7, 0x0,
    0x73, 0xc0, 0xf, 0xc0, 0x3, 0xe0, 0x3, 0xf8,
    0x39, 0xee, 0xe, 0x71, 0xc3, 0x38, 0x39, 0xce,
    0x7, 0x73, 0x1, 0xf8, 0xe0, 0x3e, 0x38, 0xf,
    0xf, 0x7, 0xf1, 0xff, 0xdf, 0x1f, 0xc3, 0xc0,

    /* U+FF07 "＇" */
    0xff, 0xf6, 0xdb, 0x60,

    /* U+FF08 "（" */
    0xe, 0x38, 0x61, 0xc3, 0xe, 0x1c, 0x30, 0x61,
    0xc3, 0x87, 0xe, 0x1c, 0x38, 0x70, 0xe1, 0xc1,
    0x83, 0x87, 0x6, 0xe, 0xc, 0x1c, 0x18,

    /* U+FF09 "）" */
    0x60, 0xe0, 0xe0, 0xc1, 0xc3, 0x83, 0x7, 0xe,
    0xc, 0x18, 0x30, 0x60, 0xc1, 0x83, 0x6, 0x1c,
    0x38, 0x70, 0xc3, 0x86, 0x1c, 0x30, 0xe0,

    /* U+FF0A "＊" */
    0xe, 0x0, 0xc0, 0x18, 0x33, 0x3f, 0xfe, 0x7f,
    0x83, 0xc0, 0xf8, 0x39, 0x86, 0x38, 0x40, 0x0,

    /* U+FF0B "＋" */
    0x7, 0x0, 0x1c, 0x0, 0x70, 0x1, 0xc0, 0x7,
    0x0, 0x1c, 0xf, 0xff, 0xff, 0xff, 0x7, 0x0,
    0x1c, 0x0, 0x70, 0x1, 0xc0, 0x7, 0x0, 0x1c,
    0x0,

    /* U+FF0C "，" */
    0x18, 0x61, 0x8e, 0x30, 0xc6, 0x18,

    /* U+FF0D "－" */
    0xff, 0xff, 0xc0,

    /* U+FF0E "．" */
    0x5f, 0xf0,

    /* U+FF0F "／" */
    0x0, 0x1, 0xc0, 0x0, 0x60, 0x0, 0x38, 0x0,
    0x1c, 0x0, 0x6, 0x0, 0x3, 0x80, 0x0, 0xc0,
    0x0, 0x70, 0x0, 0x18, 0x0, 0xe, 0x0, 0x7,
    0x0, 0x1, 0x80, 0x0, 0xe0, 0x0, 0x30, 0x0,
    0x1c, 0x0, 0x6, 0x0, 0x3, 0x80, 0x1, 0xc0,
    0x0, 0x70, 0x0, 0x38, 0x0, 0xc, 0x0, 0x7,
    0x0, 0x1, 0x80, 0x0, 0xe0, 0x0, 0x30, 0x0,
    0x1c, 0x0, 0xe, 0x0, 0x3, 0x0, 0x0,

    /* U+FF10 "０" */
    0xf, 0xc0, 0xff, 0x87, 0x8f, 0x1c, 0xe, 0xe0,
    0x3b, 0x80, 0x6e, 0x1, 0xf8, 0x7, 0xe0, 0x1f,
    0x0, 0x7c, 0x1, 0xf0, 0x7, 0xe0, 0x1f, 0x80,
    0x7e, 0x1, 0xf8, 0x6, 0xe0, 0x39, 0xc0, 0xe7,
    0x87, 0xf, 0xfc, 0x1f, 0xc0,

    /* U+FF11 "１" */
    0xf, 0xff, 0xff, 0x87, 0x7, 0x7, 0x7, 0x7,
    0x7, 0x7, 0x7, 0x7, 0x7, 0x7, 0x7, 0x7,
    0x7, 0x7, 0x7, 0x7, 0x7,

    /* U+FF12 "２" */
    0x7f, 0xc1, 0xff, 0x84, 0xf, 0x0, 0x1c, 0x0,
    0x38, 0x0, 0xe0, 0x3, 0x80, 0xe, 0x0, 0x30,
    0x1, 0xc0, 0xe, 0x0, 0x78, 0x1, 0xc0, 0x1e,
    0x0, 0xf0, 0x7, 0x80, 0x38, 0x1, 0xc0, 0xe,
    0x0, 0x3f, 0xff, 0xff, 0xfc,

    /* U+FF13 "３" */
    0x7f, 0x83, 0xff, 0x10, 0x3c, 0x0, 0x60, 0x3,
    0x80, 0x1c, 0x0, 0xc0, 0xe, 0x0, 0xf0, 0xfe,
    0x7, 0xf0, 0x3, 0xe0, 0x7, 0x0, 0x1c, 0x0,
    0xe0, 0x3, 0x0, 0x38, 0x1, 0xc0, 0x3d, 0xff,
    0xcf, 0xfc, 0x0,

    /* U+FF14 "４" */
    0x0, 0x78, 0x0, 0xf0, 0x3, 0xe0, 0xf, 0xc0,
    0x3b, 0x80, 0x67, 0x1, 0xce, 0x7, 0x1c, 0xc,
    0x38, 0x30, 0x70, 0xe0, 0xe3, 0x81, 0xc6, 0x3,
    0x9c, 0x7, 0x3f, 0xff, 0xff, 0xff, 0x0, 0x38,
    0x0, 0x70, 0x0, 0xe0, 0x1, 0xc0, 0x3, 0x80,

    /* U+FF15 "５" */
    0x3f, 0xf1, 0xff, 0x8f, 0xfc, 0xe0, 0x7, 0x0,
    0x38, 0x1, 0x80, 0xc, 0x0, 0x7f, 0x83, 0xff,
    0x0, 0x3c, 0x0, 0xf0, 0x3, 0x80, 0x1c, 0x0,
    0xe0, 0x7, 0x0, 0x38, 0x1, 0x80, 0x3d, 0xff,
    0xcf, 0xf8, 0x0,

    /* U+FF16 "６" */
    0x1, 0xe0, 0x1f, 0x81, 0xf0, 0x7, 0x0, 0x38,
    0x1, 0xc0, 0x6, 0x0, 0x18, 0xc0, 0xef, 0xe3,
    0xff, 0xcf, 0x3, 0xb8, 0x6, 0xe0, 0x1b, 0x0,
    0x7e, 0x1, 0xf8, 0x6, 0xe0, 0x19, 0x80, 0xe7,
    0x7, 0x8f, 0xfc, 0x1f, 0xc0,

    /* U+FF17 "７" */
    0xff, 0xff, 0xff, 0xff, 0xff, 0xc0, 0x6, 0x0,
    0x38, 0x0, 0xc0, 0x7, 0x0, 0x18, 0x0, 0xe0,
    0x3, 0x0, 0x1c, 0x0, 0x70, 0x3, 0x80, 0xe,
    0x0, 0x70, 0x1, 0xc0, 0x6, 0x0, 0x38, 0x0,
    0xc0, 0x7, 0x0, 0x18, 0x0,

    /* U+FF18 "８" */
    0x1f, 0xc0, 0xff, 0xc7, 0x7, 0x18, 0xe, 0xe0,
    0x1b, 0x80, 0x6e, 0x1, 0x98, 0xe, 0x70, 0x30,
    0xff, 0x81, 0xfe, 0x1e, 0x1c, 0xe0, 0x3b, 0x0,
    0x7c, 0x1, 0xf0, 0x7, 0xc0, 0x1f, 0x80, 0x7f,
    0x3, 0x9f, 0xfc, 0x1f, 0xe0,

    /* U+FF19 "９" */
    0xf, 0xc0, 0xff, 0x87, 0x87, 0x18, 0xe, 0xe0,
    0x1b, 0x80, 0x6c, 0x1, 0xb0, 0x7, 0xe0, 0x1f,
    0x80, 0x7e, 0x3, 0x9e, 0x3e, 0x3f, 0xd8, 0x1c,
    0x60, 0x3, 0x80, 0xc, 0x0, 0x70, 0x3, 0x80,
    0x3c, 0x7, 0xe0, 0x1e, 0x0,

    /* U+FF1A "：" */
    0xff, 0x80, 0x0, 0x0, 0x5, 0xff,

    /* U+FF1B "；" */
    0x3c, 0xf3, 0xc0, 0x0, 0x0, 0x0, 0x0, 0x0,
    0x0, 0x18, 0x61, 0x8e, 0x30, 0xc6, 0x18,

    /* U+FF1C "＜" */
    0x0, 0x0, 0x0, 0x70, 0x7, 0xc0, 0xfe, 0xf,
    0xc1, 0xfc, 0xf, 0x80, 0x38, 0x0, 0xe0, 0x3,
    0xe0, 0x7, 0xf0, 0x3, 0xf0, 0x3, 0xf0, 0x1,
    0xf0, 0x1, 0xc0, 0x0,

    /* U+FF1D "＝" */
    0xff, 0xff, 0xff, 0xff, 0xff, 0xc0, 0x0, 0x0,
    0x0, 0x0, 0x0, 0x0, 0x3f, 0xff, 0xff, 0xff,
    0xff, 0xf0,

    /* U+FF1E "＞" */
    0x0, 0x3, 0x0, 0xf, 0x80, 0x1f, 0x80, 0x1f,
    0xc0, 0xf, 0xc0, 0xf, 0xc0, 0x7, 0x0, 0x1c,
    0x3, 0xf0, 0x3f, 0x7, 0xf0, 0x7e, 0x3, 0xe0,
    0xc, 0x0, 0x0, 0x0,

    /* U+FF1F "？" */
    0x7f, 0x1f, 0xfb, 0xf, 0x80, 0x70, 0xe, 0x1,
    0xc0, 0x38, 0x7, 0x0, 0xe0, 0x38, 0x1e, 0x7,
    0x80, 0xe0, 0x18, 0x3, 0x0, 0xe0, 0x0, 0x1,
    0x0, 0x78, 0xf, 0x1, 0xe0,

    /* U+FF20 "＠" */
    0x0, 0x7f, 0x80, 0x3, 0xff, 0xc0, 0x1f, 0x3,
    0xe0, 0x70, 0x1, 0xe1, 0xc0, 0x1, 0xc7, 0x0,
    0x1, 0xcc, 0xf, 0x31, 0xb8, 0x7f, 0xe3, 0x60,
    0xe3, 0x86, 0xc3, 0x83, 0xf, 0x8e, 0x6, 0x1f,
    0x1c, 0xc, 0x3c, 0x30, 0x38, 0x78, 0x60, 0x60,
    0xf8, 0xc0, 0xc3, 0x71, 0xc3, 0xce, 0xe1, 0xff,
    0xf8, 0xc1, 0xf1, 0xe1, 0xc0, 0x0, 0x1, 0xc0,
    0x0, 0x3, 0xc0, 0x0, 0x3, 0xe0, 0x4, 0x1,
    0xff, 0xf8, 0x0, 0xff, 0xe0,

    /* U+FF21 "Ａ" */
    0x0, 0xf0, 0x0, 0x3e, 0x0, 0x7, 0xc0, 0x0,
    0xdc, 0x0, 0x39, 0x80, 0x7, 0x38, 0x0, 0xc7,
    0x0, 0x38, 0x60, 0x6, 0xe, 0x1, 0xc1, 0xc0,
    0x38, 0x18, 0x6, 0x3, 0x81, 0xff, 0xf0, 0x3f,
    0xff, 0x7, 0xff, 0xe1, 0xc0, 0xc, 0x38, 0x1,
    0xce, 0x0, 0x39, 0xc0, 0x3, 0xb0, 0x0, 0x7e,
    0x0, 0xe,

    /* U+FF22 "Ｂ" */
    0xff, 0x83, 0xff, 0x8e, 0x7f, 0x38, 0xe, 0xe0,
    0x3b, 0x80, 0xee, 0x3, 0xb8, 0xe, 0xe0, 0x73,
    0xff, 0x8f, 0xfe, 0x38, 0xfc, 0xe0, 0x3b, 0x80,
    0x6e, 0x1, 0xf8, 0x7, 0xe0, 0x1b, 0x80, 0xee,
    0xf, 0xbf, 0xfc, 0xff, 0xc0,

    /* U+FF23 "Ｃ" */
    0x3, 0xfe, 0x1f, 0xfc, 0x7e, 0x19, 0xe0, 0x3,
    0x80, 0xe, 0x0, 0x1c, 0x0, 0x38, 0x0, 0x60,
    0x1, 0xc0, 0x3, 0x80, 0x7, 0x0, 0x6, 0x0,
    0xe, 0x0, 0x1c, 0x0, 0x38, 0x0, 0x70, 0x0,
    0x70, 0x0, 0xf8, 0x18, 0xff, 0xf0, 0x7f, 0xe0,

    /* U+FF24 "Ｄ" */
    0xff, 0x80, 0xff, 0xf0, 0xff, 0xf8, 0xc0, 0x3c,
    0xc0, 0x1e, 0xc0, 0xe, 0xc0, 0xe, 0xc0, 0x7,
    0xc0, 0x7, 0xc0, 0x7, 0xc0, 0x7, 0xc0, 0x7,
    0xc0, 0x7, 0xc0, 0x7, 0xc0, 0xe, 0xc0, 0xe,
    0xc0, 0x1e, 0xc0, 0x3c, 0xc1, 0xf8, 0xff, 0xf0,
    0xff, 0xc0,

    /* U+FF25 "Ｅ" */
    0xff, 0xef, 0xfe, 0xff, 0xec, 0x0, 0xc0, 0xc,
    0x0, 0xc0, 0xc, 0x0, 0xc0, 0xf, 0xfe, 0xff,
    0xec, 0x0, 0xc0, 0xc, 0x0, 0xc0, 0xc, 0x0,
    0xc0, 0xc, 0x0, 0xc0, 0xf, 0xff, 0xff, 0xf0,

    /* U+FF26 "Ｆ" */
    0xff, 0xff, 0xff, 0xff, 0xfe, 0x0, 0xe0, 0xe,
    0x0, 0xe0, 0xe, 0x0, 0xe0, 0xf, 0xfe, 0xff,
    0xef, 0xfe, 0xe0, 0xe, 0x0, 0xe0, 0xe, 0x0,
    0xe0, 0xe, 0x0, 0xe0, 0xe, 0x0, 0xe0, 0x0,

    /* U+FF27 "Ｇ" */
    0x7, 0xfe, 0x1f, 0xfe, 0x3f, 0x6, 0x78, 0x0,
    0x70, 0x0, 0xe0, 0x0, 0xe0, 0x0, 0xe0, 0x0,
    0xe0, 0x0, 0xe0, 0x0, 0xe0, 0x7f, 0xe0, 0x7f,
    0xe0, 0x7, 0xe0, 0x7, 0xe0, 0x7, 0xe0, 0x7,
    0x70, 0x7, 0x70, 0x7, 0x3c, 0x7, 0x1f, 0xff,
    0xf, 0xff,

    /* U+FF28 "Ｈ" */
    0xe0, 0x7, 0xe0, 0x7, 0xe0, 0x7, 0xe0, 0x7,
    0xe0, 0x7, 0xe0, 0x7, 0xe0, 0x7, 0xe0, 0x7,
    0xe0, 0x7, 0xff, 0xff, 0xff, 0xff, 0xe0, 0x7,
    0xe0, 0x7, 0xe0, 0x7, 0xe0, 0x7, 0xe0, 0x7,
    0xe0, 0x7, 0xe0, 0x7, 0xe0, 0x7, 0xe0, 0x7,
    0xe0, 0x7,

    /* U+FF29 "Ｉ" */
    0xff, 0xff, 0xff, 0xff, 0xff, 0xff, 0xff, 0xfe,

    /* U+FF2A "Ｊ" */
    0x7, 0x7, 0x7, 0x7, 0x7, 0x7, 0x7, 0x7,
    0x7, 0x7, 0x7, 0x7, 0x7, 0x7, 0x7, 0x7,
    0x7, 0x7, 0xe, 0xfe, 0xfc,

    /* U+FF2B "Ｋ" */
    0xe0, 0x1f, 0xc0, 0x3b, 0x80, 0xe7, 0x3, 0x8e,
    0xe, 0x1c, 0x38, 0x38, 0xe0, 0x71, 0xc0, 0xe7,
    0x1, 0xfc, 0x3, 0xf8, 0x7, 0x38, 0xe, 0x78,
    0x1c, 0x70, 0x38, 0x70, 0x70, 0x70, 0xe0, 0xf1,
    0xc0, 0xf3, 0x80, 0xe7, 0x0, 0xee, 0x1, 0xe0,

    /* U+FF2C "Ｌ" */
    0xe0, 0xe, 0x0, 0xe0, 0xe, 0x0, 0xe0, 0xe,
    0x0, 0xe0, 0xe, 0x0, 0xe0, 0xe, 0x0, 0xe0,
    0xe, 0x0, 0xe0, 0xe, 0x0, 0xe0, 0xe, 0x0,
    0xe0, 0xe, 0x0, 0xe0, 0xf, 0xff, 0xff, 0xf0,

    /* U+FF2D "Ｍ" */
    0xf8, 0x1, 0xff, 0x0, 0x3f, 0xe0, 0xf, 0xfe,
    0x1, 0xbe, 0xc0, 0x77, 0xdc, 0xe, 0xfb, 0x81,
    0x9f, 0x30, 0x73, 0xe7, 0xc, 0x7c, 0x63, 0x8f,
    0x8c, 0x71, 0xf1, 0xcc, 0x3e, 0x1b, 0x87, 0xc3,
    0xe0, 0xf8, 0x3c, 0x1f, 0x7, 0x83, 0xe0, 0x0,
    0x7c, 0x0, 0xf, 0x80, 0x1, 0xf0, 0x0, 0x3e,
    0x0, 0x6,

    /* U+FF2E "Ｎ" */
    0xf8, 0x3, 0xfc, 0x1, 0xff, 0x0, 0xfd, 0xc0,
    0x7e, 0xe0, 0x3f, 0x38, 0x1f, 0x9c, 0xf, 0xc7,
    0x7, 0xe1, 0x83, 0xf0, 0xe1, 0xf8, 0x30, 0xfc,
    0x1c, 0x7e, 0x6, 0x3f, 0x3, 0x9f, 0x80, 0xef,
    0xc0, 0x77, 0xe0, 0x1f, 0xf0, 0x7, 0xf8, 0x3,
    0xfc, 0x0, 0xfe, 0x0, 0x78,

    /* U+FF2F "Ｏ" */
    0xf, 0xf8, 0x7, 0xff, 0x83, 0xc1, 0xf1, 0xc0,
    0x1c, 0x70, 0x3, 0xb8, 0x0, 0xee, 0x0, 0x1b,
    0x80, 0x7, 0xe0, 0x1, 0xf8, 0x0, 0x7e, 0x0,
    0x1f, 0x80, 0x7, 0xe0, 0x1, 0xf8, 0x0, 0x7e,
    0x0, 0x1b, 0x80, 0xe, 0x60, 0x3, 0x9c, 0x1,
    0xe3, 0xc0, 0xf0, 0xff, 0xf8, 0xf, 0xfc, 0x0,

    /* U+FF30 "Ｐ" */
    0xff, 0x87, 0xff, 0xbf, 0xff, 0xc0, 0x7e, 0x3,
    0xf0, 0xf, 0x80, 0x7c, 0x3, 0xe0, 0x1f, 0x1,
    0xf8, 0xf, 0xff, 0xef, 0xfe, 0x7f, 0x3, 0x80,
    0x1c, 0x0, 0xe0, 0x7, 0x0, 0x38, 0x1, 0xc0,
    0xe, 0x0, 0x0,

    /* U+FF31 "Ｑ" */
    0xf, 0xf8, 0x7, 0xff, 0x83, 0xc1, 0xf1, 0xc0,
    0x1c, 0x70, 0x3, 0xb8, 0x0, 0xee, 0x0, 0x1b,
    0x80, 0x7, 0xe0, 0x1, 0xf8, 0x0, 0x7e, 0x0,
    0x1f, 0x80, 0x7, 0xe0, 0x1, 0xf8, 0x0, 0x7e,
    0x0, 0x1b, 0x80, 0xe, 0x60, 0x3, 0x9c, 0x1,
    0xe3, 0xc0, 0xf0, 0xff, 0xf8, 0xf, 0xf8, 0x0,
    0x1c, 0x0, 0x3, 0x80, 0x0, 0xf0, 0x0, 0x1e,
    0x0,

    /* U+FF32 "Ｒ" */
    0xff, 0x81, 0xff, 0xe3, 0xff, 0xe7, 0x1, 0xce,
    0x3, 0x9c, 0x3, 0x38, 0x6, 0x70, 0xc, 0xe0,
    0x39, 0xc0, 0x73, 0xff, 0xc7, 0xff, 0xf, 0xf8,
    0x1c, 0x38, 0x38, 0x38, 0x70, 0x70, 0xe0, 0x71,
    0xc0, 0x73, 0x80, 0xf7, 0x0, 0xee, 0x0, 0xe0,

    /* U+FF33 "Ｓ" */
    0x1f, 0xf0, 0xff, 0xc7, 0x83, 0x18, 0x0, 0xe0,
    0x3, 0x80, 0xe, 0x0, 0x3c, 0x0, 0x78, 0x0,
    0xfe, 0x0, 0xfe, 0x0, 0x7c, 0x0, 0x38, 0x0,
    0x60, 0x1, 0x80, 0x7, 0x0, 0x18, 0x0, 0xec,
    0x7, 0xbf, 0xfc, 0xff, 0xe0,

    /* U+FF34 "Ｔ" */
    0xff, 0xff, 0xff, 0xff, 0xff, 0xf8, 0x1c, 0x0,
    0x38, 0x0, 0x70, 0x0, 0xe0, 0x1, 0xc0, 0x3,
    0x80, 0x7, 0x0, 0xe, 0x0, 0x1c, 0x0, 0x38,
    0x0, 0x70, 0x0, 0xe0, 0x1, 0xc0, 0x3, 0x80,
    0x7, 0x0, 0xe, 0x0, 0x1c, 0x0, 0x38, 0x0,

    /* U+FF35 "Ｕ" */
    0xe0, 0x7, 0xe0, 0x7, 0xe0, 0x7, 0xe0, 0x7,
    0xe0, 0x7, 0xe0, 0x7, 0xe0, 0x7, 0xe0, 0x7,
    0xe0, 0x7, 0xe0, 0x7, 0xe0, 0x7, 0xe0, 0x7,
    0xe0, 0x7, 0xe0, 0x7, 0xe0, 0x7, 0xe0, 0x7,
    0xe0, 0x6, 0xe0, 0xe, 0x78, 0x1e, 0x3f, 0xfc,
    0x1f, 0xf0,

    /* U+FF36 "Ｖ" */
    0xe0, 0x1, 0xb8, 0x0, 0xe7, 0x0, 0x39, 0xc0,
    0xc, 0x70, 0x7, 0xe, 0x1, 0xc3, 0x80, 0x60,
    0xe0, 0x38, 0x1c, 0xe, 0x7, 0x3, 0x1, 0xc1,
    0xc0, 0x38, 0x70, 0xe, 0x18, 0x3, 0x8e, 0x0,
    0x73, 0x80, 0x1c, 0xc0, 0x7, 0x70, 0x0, 0xdc,
    0x0, 0x3e, 0x0, 0xf, 0x80, 0x1, 0xe0, 0x0,

    /* U+FF37 "Ｗ" */
    0xe0, 0x0, 0x1, 0xf0, 0x0, 0x1, 0xd8, 0x0,
    0x0, 0xee, 0x3, 0xc0, 0x77, 0x1, 0xe0, 0x33,
    0x81, 0xf0, 0x18, 0xc0, 0xdc, 0x1c, 0x60, 0x6e,
    0xe, 0x38, 0x33, 0x6, 0x1c, 0x39, 0x83, 0xe,
    0x18, 0xe3, 0x83, 0xc, 0x71, 0xc1, 0xce, 0x18,
    0xe0, 0xe6, 0xc, 0x60, 0x73, 0x7, 0x30, 0x19,
    0x81, 0xb8, 0xd, 0xc0, 0xdc, 0x7, 0xc0, 0x7c,
    0x3, 0xe0, 0x3e, 0x0, 0xf0, 0xf, 0x0, 0x70,
    0x7, 0x80,

    /* U+FF38 "Ｘ" */
    0x70, 0x3, 0xbc, 0x3, 0x8e, 0x1, 0xc3, 0x81,
    0xc1, 0xc0, 0xc0, 0x70, 0xe0, 0x18, 0xe0, 0xe,
    0x60, 0x3, 0xf0, 0x1, 0xf0, 0x0, 0x78, 0x0,
    0x7c, 0x0, 0x37, 0x0, 0x39, 0xc0, 0x38, 0xe0,
    0x1c, 0x38, 0x1c, 0xe, 0x1c, 0x7, 0xe, 0x1,
    0xce, 0x0, 0xee, 0x0, 0x38,

    /* U+FF39 "Ｙ" */
    0xe0, 0x3, 0xb8, 0x1, 0xde, 0x1, 0xc7, 0x0,
    0xc1, 0xc0, 0xe0, 0xe0, 0xe0, 0x38, 0x70, 0xe,
    0x70, 0x7, 0x30, 0x1, 0xf8, 0x0, 0xf8, 0x0,
    0x38, 0x0, 0x1c, 0x0, 0xe, 0x0, 0x7, 0x0,
    0x3, 0x80, 0x1, 0xc0, 0x0, 0xe0, 0x0, 0x70,
    0x0, 0x38, 0x0, 0x1c, 0x0,

    /* U+FF3A "Ｚ" */
    0xff, 0xfe, 0xff, 0xfe, 0xff, 0xfe, 0x0, 0x1c,
    0x0, 0x1c, 0x0, 0x38, 0x0, 0x70, 0x0, 0xe0,
    0x1, 0xe0, 0x1, 0xc0, 0x3, 0x80, 0x7, 0x0,
    0xe, 0x0, 0xe, 0x0, 0x1c, 0x0, 0x38, 0x0,
    0x70, 0x0, 0xe0, 0x0, 0xe0, 0x0, 0xff, 0xff,
    0xff, 0xff,

    /* U+FF3B "［" */
    0xff, 0xfe, 0x38, 0xe3, 0x8e, 0x38, 0xe3, 0x8e,
    0x38, 0xe3, 0x8e, 0x38, 0xe3, 0x8e, 0x38, 0xe3,
    0x8e, 0x38, 0xff, 0xf0,

    /* U+FF3C "＼" */
    0xc0, 0x0, 0x38, 0x0, 0x7, 0x0, 0x1, 0xc0,
    0x0, 0x38, 0x0, 0x6, 0x0, 0x1, 0xc0, 0x0,
    0x30, 0x0, 0xe, 0x0, 0x1, 0x80, 0x0, 0x70,
    0x0, 0xe, 0x0, 0x1, 0x80, 0x0, 0x70, 0x0,
    0xc, 0x0, 0x3, 0x80, 0x0, 0x60, 0x0, 0x1c,
    0x0, 0x3, 0x80, 0x0, 0x60, 0x0, 0x1c, 0x0,
    0x3, 0x0, 0x0, 0xe0, 0x0, 0x18, 0x0, 0x7,
    0x0, 0x0, 0xe0, 0x0, 0x18, 0x0, 0x7,

    /* U+FF3D "］" */
    0xff, 0xc6, 0x31, 0x8c, 0x63, 0x18, 0xc6, 0x31,
    0x8c, 0x63, 0x18, 0xc6, 0x31, 0x8c, 0x63, 0xff,
    0xc0,

    /* U+FF3E "＾" */
    0x7, 0x80, 0x7c, 0x3, 0xe0, 0x1b, 0x81, 0xcc,
    0xc, 0x70, 0xe1, 0x87, 0xe, 0x30, 0x73, 0x81,
    0x98, 0xf, 0xc0, 0x30,

    /* U+FF3F "＿" */
    0xff, 0xff, 0xff, 0xfc,

    /* U+FF40 "｀" */
    0xe1, 0xc3, 0x6, 0xc,

    /* U+FF41 "ａ" */
    0xf, 0xf0, 0x3f, 0xe0, 0x3, 0x80, 0x7, 0x0,
    0x1c, 0x0, 0x70, 0xff, 0xdf, 0xff, 0x78, 0x1f,
    0x80, 0x7e, 0x1, 0xf0, 0x7, 0xe0, 0x3f, 0x81,
    0xf7, 0xfd, 0xcf, 0xe7,

    /* U+FF42 "ｂ" */
    0xe0, 0x1, 0xc0, 0x3, 0x80, 0x7, 0x0, 0xe,
    0x0, 0x1c, 0x0, 0x38, 0x0, 0x73, 0xf8, 0xef,
    0xf9, 0xf0, 0x3b, 0xc0, 0x37, 0x0, 0x7e, 0x0,
    0xfc, 0x1, 0xf8, 0x3, 0xf0, 0x7, 0xe0, 0xf,
    0xc0, 0x1f, 0x80, 0x3f, 0x80, 0xef, 0x83, 0xdd,
    0xff, 0x39, 0xfc, 0x0,

    /* U+FF43 "ｃ" */
    0x1f, 0xf3, 0xff, 0x70, 0xe, 0x0, 0xe0, 0xe,
    0x0, 0xe0, 0xe, 0x0, 0xe0, 0xe, 0x0, 0xe0,
    0xe, 0x0, 0x70, 0x7, 0x81, 0x3f, 0xf1, 0xff,

    /* U+FF44 "ｄ" */
    0x0, 0xe, 0x0, 0x1c, 0x0, 0x38, 0x0, 0x70,
    0x0, 0xe0, 0x1, 0xc0, 0x3, 0x8f, 0xf7, 0x3f,
    0xfe, 0x70, 0x3d, 0xc0, 0x3b, 0x80, 0x76, 0x0,
    0xec, 0x1, 0xf8, 0x1, 0xf0, 0x3, 0x60, 0xe,
    0xc0, 0x1d, 0xc0, 0x3b, 0x80, 0x73, 0x83, 0xe7,
    0xfe, 0xc7, 0xf9, 0x80,

    /* U+FF45 "ｅ" */
    0x1f, 0xe0, 0xff, 0xc7, 0x3, 0xb8, 0x6, 0xe0,
    0x1f, 0x80, 0x7e, 0xf, 0xff, 0xff, 0xff, 0x83,
    0x80, 0xe, 0x0, 0x38, 0x0, 0x60, 0x1, 0xe0,
    0x63, 0xff, 0x87, 0xfe,

    /* U+FF46 "ｆ" */
    0x7, 0xc3, 0xf1, 0xc0, 0x60, 0x18, 0xe, 0x3,
    0x83, 0xfe, 0xff, 0x8e, 0x3, 0x80, 0xe0, 0x38,
    0xe, 0x3, 0x80, 0xe0, 0x38, 0xe, 0x3, 0x80,
    0xe0, 0x38, 0xe, 0x3, 0x80,

    /* U+FF47 "ｇ" */
    0x1f, 0xee, 0x7f, 0xfc, 0xe0, 0x7b, 0x80, 0x77,
    0x0, 0xec, 0x1, 0xd8, 0x3, 0xf0, 0x3, 0xe0,
    0x6, 0xc0, 0x1d, 0x80, 0x3b, 0x80, 0x77, 0x1,
    0xe7, 0x87, 0xcf, 0xff, 0x87, 0xe7, 0x0, 0xe,
    0x0, 0x1c, 0x0, 0x70, 0x83, 0xe1, 0xff, 0x83,
    0xfc, 0x0,

    /* U+FF48 "ｈ" */
    0xe0, 0x7, 0x0, 0x38, 0x1, 0xc0, 0xe, 0x0,
    0x70, 0x3, 0x80, 0x1d, 0xfe, 0xff, 0xff, 0xc1,
    0xf8, 0xf, 0xc0, 0x3e, 0x1, 0xf0, 0xf, 0x80,
    0x7c, 0x3, 0xe0, 0x1f, 0x0, 0xf8, 0x7, 0xc0,
    0x3e, 0x1, 0xf0, 0xf, 0x80, 0x60,

    /* U+FF49 "ｉ" */
    0xfd, 0x80, 0x3f, 0xff, 0xff, 0xff, 0xff, 0xff,
    0xc0,

    /* U+FF4A "ｊ" */
    0x7, 0xf, 0x6, 0x0, 0x0, 0x0, 0x6, 0x6,
    0x6, 0x6, 0x6, 0x6, 0x6, 0x6, 0x6, 0x6,
    0x6, 0x6, 0x6, 0x6, 0x6, 0x6, 0x6, 0x6,
    0xe, 0xe, 0xfc, 0xf8,

    /* U+FF4B "ｋ" */
    0xe0, 0x7, 0x0, 0x38, 0x1, 0xc0, 0xe, 0x0,
    0x70, 0x3, 0x80, 0x1c, 0xe, 0xe0, 0xe7, 0xe,
    0x38, 0xe1, 0xc7, 0xe, 0x70, 0x7f, 0x3, 0xf0,
    0x1d, 0xc0, 0xe7, 0x7, 0x3c, 0x38, 0xe1, 0xc3,
    0x8e, 0xe, 0x70, 0x3b, 0x81, 0xe0,

    /* U+FF4C "ｌ" */
    0xe7, 0x39, 0xce, 0x73, 0x9c, 0xe7, 0x39, 0xce,
    0x73, 0x9c, 0xe7, 0x39, 0xce, 0x7d, 0xe0,

    /* U+FF4D "ｍ" */
    0xdf, 0xc7, 0xf3, 0xff, 0xbf, 0xef, 0x7, 0x83,
    0xf8, 0x1e, 0x7, 0xc0, 0x70, 0x1f, 0x1, 0xc0,
    0x7c, 0x7, 0x1, 0xf0, 0x1c, 0x7, 0xc0, 0x70,
    0x1f, 0x1, 0xc0, 0x7c, 0x7, 0x1, 0xf0, 0x1c,
    0x7, 0xc0, 0x70, 0x1f, 0x1, 0xc0, 0x7c, 0x7,
    0x1, 0xf0, 0x1c, 0x7,

    /* U+FF4E "ｎ" */
    0xef, 0xf7, 0xff, 0xfe, 0xf, 0xc0, 0x7e, 0x1,
    0xf0, 0xf, 0x80, 0x7c, 0x3, 0xe0, 0x1f, 0x0,
    0xf8, 0x7, 0xc0, 0x3e, 0x1, 0xf0, 0xf, 0x80,
    0x7c, 0x3,

    /* U+FF4F "ｏ" */
    0x1f, 0xf0, 0x7f, 0xf9, 0xe0, 0x73, 0x80, 0x76,
    0x0, 0xfc, 0x1, 0xf8, 0x3, 0xf0, 0x7, 0xe0,
    0xf, 0xc0, 0x1f, 0x80, 0x3b, 0x0, 0x77, 0x0,
    0xef, 0x3, 0x8f, 0xfe, 0x7, 0xf8,

    /* U+FF50 "ｐ" */
    0xe7, 0xf1, 0xdf, 0xf3, 0xe0, 0x77, 0x80, 0x6e,
    0x0, 0xfc, 0x1, 0xf8, 0x3, 0xf0, 0x7, 0xe0,
    0xf, 0xc0, 0x1f, 0x80, 0x3f, 0x0, 0x7f, 0x1,
    0xdf, 0x7, 0xbb, 0xfe, 0x73, 0xf8, 0xe0, 0x1,
    0xc0, 0x3, 0x80, 0x7, 0x0, 0xe, 0x0, 0x1c,
    0x0, 0x0,

    /* U+FF51 "ｑ" */
    0x1f, 0xee, 0x7f, 0xfc, 0xe0, 0x7b, 0x80, 0x77,
    0x0, 0xec, 0x1, 0xf8, 0x3, 0xf0, 0x7, 0xe0,
    0xe, 0xc0, 0x1d, 0x80, 0x3b, 0x80, 0x77, 0x1,
    0xe7, 0x7, 0xcf, 0xff, 0x8f, 0xf7, 0x0, 0xe,
    0x0, 0x1c, 0x0, 0x38, 0x0, 0x70, 0x0, 0xe0,
    0x1, 0xc0,

    /* U+FF52 "ｒ" */
    0xcf, 0xdf, 0xf8, 0xe0, 0xe0, 0xc0, 0xc0, 0xc0,
    0xc0, 0xc0, 0xc0, 0xc0, 0xc0, 0xc0, 0xc0, 0xc0,

    /* U+FF53 "ｓ" */
    0x3f, 0xcf, 0xf9, 0x80, 0x30, 0x6, 0x0, 0xc0,
    0x1f, 0x1, 0xfc, 0x7, 0xc0, 0x1c, 0x1, 0x80,
    0x30, 0x7, 0x1, 0xff, 0xf7, 0xfc,

    /* U+FF54 "ｔ" */
    0x18, 0xc, 0x6, 0x3, 0xf, 0xff, 0xfc, 0x60,
    0x30, 0x18, 0xc, 0x6, 0x3, 0x1, 0x80, 0xc0,
    0x60, 0x30, 0x18, 0xe, 0x7, 0xe1, 0xf0,

    /* U+FF55 "ｕ" */
    0xe0, 0x1f, 0x0, 0xf8, 0x7, 0xc0, 0x3e, 0x1,
    0xf0, 0xf, 0x80, 0x7c, 0x3, 0xe0, 0x1f, 0x0,
    0xf8, 0x7, 0xc0, 0x7e, 0x3, 0xb8, 0x3d, 0xff,
    0x67, 0xf3,

    /* U+FF56 "ｖ" */
    0xe0, 0xe, 0xc0, 0x1d, 0xc0, 0x31, 0x80, 0xe3,
    0x1, 0xc7, 0x3, 0x6, 0xe, 0xe, 0x18, 0x1c,
    0x30, 0x18, 0xe0, 0x39, 0x80, 0x33, 0x0, 0x6e,
    0x0, 0xf8, 0x0, 0xf0, 0x1, 0xc0,

    /* U+FF57 "ｗ" */
    0xe0, 0x38, 0x6, 0xe0, 0x3c, 0x6, 0x60, 0x7c,
    0xe, 0x70, 0x6c, 0xe, 0x70, 0x6e, 0xc, 0x30,
    0x66, 0xc, 0x30, 0xc6, 0x1c, 0x38, 0xc7, 0x18,
    0x38, 0xc3, 0x18, 0x19, 0xc3, 0x18, 0x19, 0x83,
    0xb8, 0x1d, 0x83, 0xb0, 0x1f, 0x81, 0xb0, 0xf,
    0x1, 0xf0, 0xf, 0x1, 0xe0, 0xf, 0x0, 0xe0,

    /* U+FF58 "ｘ" */
    0x70, 0x1c, 0x70, 0x38, 0x60, 0xe0, 0xe1, 0x80,
    0xe7, 0x0, 0xdc, 0x1, 0xf0, 0x1, 0xe0, 0x3,
    0xc0, 0xf, 0xc0, 0x39, 0x80, 0xe3, 0x81, 0xc3,
    0x87, 0x3, 0x1c, 0x7, 0x38, 0x7,

    /* U+FF59 "ｙ" */
    0xe0, 0x6, 0xe0, 0x1d, 0xc0, 0x31, 0x80, 0xe3,
    0x81, 0xc7, 0x3, 0x6, 0xe, 0xe, 0x1c, 0xc,
    0x30, 0x1c, 0xe0, 0x39, 0x80, 0x33, 0x0, 0x7e,
    0x0, 0x78, 0x0, 0xf0, 0x1, 0xe0, 0x3, 0x80,
    0x7, 0x0, 0x1c, 0x0, 0x78, 0x3, 0xe0, 0x7,
    0x0, 0x0,

    /* U+FF5A "ｚ" */
    0x7f, 0xfb, 0xff, 0xc0, 0x1c, 0x1, 0xc0, 0xe,
    0x0, 0xe0, 0xe, 0x0, 0xe0, 0x6, 0x0, 0x70,
    0x7, 0x0, 0x70, 0x7, 0x0, 0x38, 0x3, 0xff,
    0xff, 0xff,

    /* U+FF5B "｛" */
    0xe, 0x3c, 0x71, 0xc3, 0x87, 0xe, 0x1c, 0x38,
    0x70, 0xe1, 0xcf, 0x1e, 0x1e, 0x1c, 0x38, 0x70,
    0xe1, 0xc3, 0x87, 0xe, 0x1c, 0x1e, 0x1c,

    /* U+FF5C "｜" */
    0xff, 0xff, 0xff, 0xff, 0xff, 0xff, 0xff, 0xc0,

    /* U+FF5D "｝" */
    0xc3, 0x8f, 0xc, 0x30, 0xc3, 0xc, 0x30, 0xc3,
    0xe, 0x3c, 0x73, 0x8c, 0x30, 0xc3, 0xc, 0x30,
    0xc3, 0x1c, 0xf3, 0x80,

    /* U+FF5E "～" */
    0x8, 0x0, 0x7e, 0xd, 0xfe, 0x3b, 0x1f, 0xee,
    0xf, 0xc0, 0x0, 0x0
};


/*---------------------
 *  GLYPH DESCRIPTION
 *--------------------*/

static const lv_font_fmt_txt_glyph_dsc_t glyph_dsc[] = {
    {.bitmap_index = 0, .adv_w = 0, .box_w = 0, .box_h = 0, .ofs_x = 0, .ofs_y = 0} /* id = 0 reserved */,
    {.bitmap_index = 0, .adv_w = 123, .box_w = 1, .box_h = 1, .ofs_x = 0, .ofs_y = 0},
    {.bitmap_index = 1, .adv_w = 173, .box_w = 4, .box_h = 21, .ofs_x = 3, .ofs_y = 0},
    {.bitmap_index = 12, .adv_w = 194, .box_w = 8, .box_h = 9, .ofs_x = 2, .ofs_y = 14},
    {.bitmap_index = 21, .adv_w = 288, .box_w = 16, .box_h = 21, .ofs_x = 1, .ofs_y = 0},
    {.bitmap_index = 63, .adv_w = 276, .box_w = 13, .box_h = 28, .ofs_x = 2, .ofs_y = -4},
    {.bitmap_index = 109, .adv_w = 394, .box_w = 21, .box_h = 21, .ofs_x = 2, .ofs_y = 0},
    {.bitmap_index = 165, .adv_w = 307, .box_w = 18, .box_h = 21, .ofs_x = 1, .ofs_y = 0},
    {.bitmap_index = 213, .adv_w = 121, .box_w = 3, .box_h = 9, .ofs_x = 2, .ofs_y = 14},
    {.bitmap_index = 217, .adv_w = 172, .box_w = 7, .box_h = 29, .ofs_x = 2, .ofs_y = -6},
    {.bitmap_index = 243, .adv_w = 172, .box_w = 8, .box_h = 29, .ofs_x = 1, .ofs_y = -6},
    {.bitmap_index = 272, .adv_w = 206, .box_w = 11, .box_h = 11, .ofs_x = 1, .ofs_y = 12},
    {.bitmap_index = 288, .adv_w = 265, .box_w = 15, .box_h = 14, .ofs_x = 1, .ofs_y = 2},
    {.bitmap_index = 315, .adv_w = 145, .box_w = 5, .box_h = 8, .ofs_x = 1, .ofs_y = -4},
    {.bitmap_index = 320, .adv_w = 211, .box_w = 9, .box_h = 2, .ofs_x = 2, .ofs_y = 8},
    {.bitmap_index = 323, .adv_w = 145, .box_w = 3, .box_h = 4, .ofs_x = 3, .ofs_y = 0},
    {.bitmap_index = 325, .adv_w = 240, .box_w = 11, .box_h = 23, .ofs_x = 2, .ofs_y = -1},
    {.bitmap_index = 357, .adv_w = 276, .box_w = 14, .box_h = 21, .ofs_x = 2, .ofs_y = 0},
    {.bitmap_index = 394, .adv_w = 276, .box_w = 8, .box_h = 21, .ofs_x = 3, .ofs_y = 0},
    {.bitmap_index = 415, .adv_w = 276, .box_w = 13, .box_h = 21, .ofs_x = 2, .ofs_y = 0},
    {.bitmap_index = 450, .adv_w = 276, .box_w = 13, .box_h = 21, .ofs_x = 2, .ofs_y = 0},
    {.bitmap_index = 485, .adv_w = 276, .box_w = 15, .box_h = 21, .ofs_x = 1, .ofs_y = 0},
    {.bitmap_index = 525, .adv_w = 276, .box_w = 12, .box_h = 21, .ofs_x = 3, .ofs_y = 0},
    {.bitmap_index = 557, .adv_w = 276, .box_w = 13, .box_h = 21, .ofs_x = 2, .ofs_y = 0},
    {.bitmap_index = 592, .adv_w = 276, .box_w = 13, .box_h = 21, .ofs_x = 2, .ofs_y = 0},
    {.bitmap_index = 627, .adv_w = 276, .box_w = 15, .box_h = 21, .ofs_x = 1, .ofs_y = 0},
    {.bitmap_index = 667, .adv_w = 276, .box_w = 13, .box_h = 21, .ofs_x = 2, .ofs_y = 0},
    {.bitmap_index = 702, .adv_w = 181, .box_w = 4, .box_h = 16, .ofs_x = 4, .ofs_y = 0},
    {.bitmap_index = 710, .adv_w = 181, .box_w = 6, .box_h = 20, .ofs_x = 2, .ofs_y = -4},
    {.bitmap_index = 725, .adv_w = 265, .box_w = 15, .box_h = 16, .ofs_x = 1, .ofs_y = 1},
    {.bitmap_index = 755, .adv_w = 265, .box_w = 15, .box_h = 10, .ofs_x = 1, .ofs_y = 4},
    {.bitmap_index = 774, .adv_w = 265, .box_w = 15, .box_h = 16, .ofs_x = 1, .ofs_y = 1},
    {.bitmap_index = 804, .adv_w = 207, .box_w = 11, .box_h = 21, .ofs_x = 1, .ofs_y = 0},
    {.bitmap_index = 833, .adv_w = 413, .box_w = 23, .box_h = 24, .ofs_x = 2, .ofs_y = -3},
    {.bitmap_index = 902, .adv_w = 320, .box_w = 20, .box_h = 21, .ofs_x = 0, .ofs_y = 0},
    {.bitmap_index = 955, .adv_w = 298, .box_w = 13, .box_h = 21, .ofs_x = 3, .ofs_y = 0},
    {.bitmap_index = 990, .adv_w = 288, .box_w = 15, .box_h = 21, .ofs_x = 2, .ofs_y = 0},
    {.bitmap_index = 1030, .adv_w = 336, .box_w = 16, .box_h = 21, .ofs_x = 3, .ofs_y = 0},
    {.bitmap_index = 1072, .adv_w = 267, .box_w = 12, .box_h = 21, .ofs_x = 3, .ofs_y = 0},
    {.bitmap_index = 1104, .adv_w = 253, .box_w = 11, .box_h = 21, .ofs_x = 3, .ofs_y = 0},
    {.bitmap_index = 1133, .adv_w = 329, .box_w = 16, .box_h = 21, .ofs_x = 2, .ofs_y = 0},
    {.bitmap_index = 1175, .adv_w = 340, .box_w = 15, .box_h = 21, .ofs_x = 3, .ofs_y = 0},
    {.bitmap_index = 1215, .adv_w = 132, .box_w = 2, .box_h = 21, .ofs_x = 3, .ofs_y = 0},
    {.bitmap_index = 1221, .adv_w = 130, .box_w = 7, .box_h = 26, .ofs_x = -2, .ofs_y = -5},
    {.bitmap_index = 1244, .adv_w = 295, .box_w = 15, .box_h = 21, .ofs_x = 3, .ofs_y = 0},
    {.bitmap_index = 1284, .adv_w = 243, .box_w = 11, .box_h = 21, .ofs_x = 3, .ofs_y = 0},
    {.bitmap_index = 1313, .adv_w = 398, .box_w = 19, .box_h = 21, .ofs_x = 3, .ofs_y = 0},
    {.bitmap_index = 1363, .adv_w = 354, .box_w = 16, .box_h = 21, .ofs_x = 3, .ofs_y = 0},
    {.bitmap_index = 1405, .adv_w = 357, .box_w = 18, .box_h = 21, .ofs_x = 2, .ofs_y = 0},
    {.bitmap_index = 1453, .adv_w = 287, .box_w = 13, .box_h = 21, .ofs_x = 3, .ofs_y = 0},
    {.bitmap_index = 1488, .adv_w = 357, .box_w = 18, .box_h = 25, .ofs_x = 2, .ofs_y = -4},
    {.bitmap_index = 1545, .adv_w = 295, .box_w = 15, .box_h = 21, .ofs_x = 3, .ofs_y = 0},
    {.bitmap_index = 1585, .adv_w = 272, .box_w = 13, .box_h = 21, .ofs_x = 2, .ofs_y = 0},
    {.bitmap_index = 1620, .adv_w = 253, .box_w = 15, .box_h = 21, .ofs_x = 0, .ofs_y = 0},
    {.bitmap_index = 1660, .adv_w = 336, .box_w = 15, .box_h = 21, .ofs_x = 3, .ofs_y = 0},
    {.bitmap_index = 1700, .adv_w = 296, .box_w = 18, .box_h = 21, .ofs_x = 0, .ofs_y = 0},
    {.bitmap_index = 1748, .adv_w = 431, .box_w = 25, .box_h = 21, .ofs_x = 1, .ofs_y = 0},
    {.bitmap_index = 1814, .adv_w = 300, .box_w = 17, .box_h = 21, .ofs_x = 1, .ofs_y = 0},
    {.bitmap_index = 1859, .adv_w = 285, .box_w = 18, .box_h = 21, .ofs_x = 0, .ofs_y = 0},
    {.bitmap_index = 1907, .adv_w = 300, .box_w = 15, .box_h = 21, .ofs_x = 2, .ofs_y = 0},
    {.bitmap_index = 1947, .adv_w = 141, .box_w = 6, .box_h = 29, .ofs_x = 2, .ofs_y = -6},
    {.bitmap_index = 1969, .adv_w = 245, .box_w = 14, .box_h = 26, .ofs_x = 1, .ofs_y = -3},
    {.bitmap_index = 2015, .adv_w = 141, .box_w = 6, .box_h = 29, .ofs_x = 1, .ofs_y = -6},
    {.bitmap_index = 2037, .adv_w = 265, .box_w = 13, .box_h = 12, .ofs_x = 2, .ofs_y = 9},
    {.bitmap_index = 2057, .adv_w = 240, .box_w = 15, .box_h = 2, .ofs_x = 0, .ofs_y = -6},
    {.bitmap_index = 2061, .adv_w = 166, .box_w = 6, .box_h = 5, .ofs_x = 2, .ofs_y = 18},
    {.bitmap_index = 2065, .adv_w = 294, .box_w = 14, .box_h = 16, .ofs_x = 2, .ofs_y = 0},
    {.bitmap_index = 2093, .adv_w = 305, .box_w = 14, .box_h = 23, .ofs_x = 3, .ofs_y = 0},
    {.bitmap_index = 2134, .adv_w = 239, .box_w = 12, .box_h = 16, .ofs_x = 2, .ofs_y = 0},
    {.bitmap_index = 2158, .adv_w = 305, .box_w = 14, .box_h = 23, .ofs_x = 2, .ofs_y = 0},
    {.bitmap_index = 2199, .adv_w = 277, .box_w = 14, .box_h = 16, .ofs_x = 2, .ofs_y = 0},
    {.bitmap_index = 2227, .adv_w = 168, .box_w = 9, .box_h = 23, .ofs_x = 1, .ofs_y = 0},
    {.bitmap_index = 2253, .adv_w = 305, .box_w = 14, .box_h = 22, .ofs_x = 2, .ofs_y = -6},
    {.bitmap_index = 2292, .adv_w = 297, .box_w = 13, .box_h = 23, .ofs_x = 3, .ofs_y = 0},
    {.bitmap_index = 2330, .adv_w = 129, .box_w = 4, .box_h = 22, .ofs_x = 2, .ofs_y = 0},
    {.bitmap_index = 2341, .adv_w = 129, .box_w = 8, .box_h = 28, .ofs_x = -2, .ofs_y = -6},
    {.bitmap_index = 2369, .adv_w = 249, .box_w = 12, .box_h = 23, .ofs_x = 3, .ofs_y = 0},
    {.bitmap_index = 2404, .adv_w = 137, .box_w = 5, .box_h = 23, .ofs_x = 3, .ofs_y = 0},
    {.bitmap_index = 2419, .adv_w = 442, .box_w = 22, .box_h = 16, .ofs_x = 3, .ofs_y = 0},
    {.bitmap_index = 2463, .adv_w = 297, .box_w = 13, .box_h = 16, .ofs_x = 3, .ofs_y = 0},
    {.bitmap_index = 2489, .adv_w = 297, .box_w = 15, .box_h = 16, .ofs_x = 2, .ofs_y = 0},
    {.bitmap_index = 2519, .adv_w = 305, .box_w = 14, .box_h = 22, .ofs_x = 3, .ofs_y = -6},
    {.bitmap_index = 2558, .adv_w = 305, .box_w = 14, .box_h = 22, .ofs_x = 2, .ofs_y = -6},
    {.bitmap_index = 2597, .adv_w = 182, .box_w = 8, .box_h = 16, .ofs_x = 3, .ofs_y = 0},
    {.bitmap_index = 2613, .adv_w = 230, .box_w = 11, .box_h = 16, .ofs_x = 2, .ofs_y = 0},
    {.bitmap_index = 2635, .adv_w = 162, .box_w = 10, .box_h = 20, .ofs_x = 0, .ofs_y = 0},
    {.bitmap_index = 2660, .adv_w = 294, .box_w = 13, .box_h = 16, .ofs_x = 3, .ofs_y = 0},
    {.bitmap_index = 2686, .adv_w = 252, .box_w = 15, .box_h = 16, .ofs_x = 0, .ofs_y = 0},
    {.bitmap_index = 2716, .adv_w = 397, .box_w = 23, .box_h = 16, .ofs_x = 1, .ofs_y = 0},
    {.bitmap_index = 2762, .adv_w = 248, .box_w = 15, .box_h = 16, .ofs_x = 0, .ofs_y = 0},
    {.bitmap_index = 2792, .adv_w = 253, .box_w = 16, .box_h = 22, .ofs_x = 0, .ofs_y = -6},
    {.bitmap_index = 2836, .adv_w = 243, .box_w = 13, .box_h = 16, .ofs_x = 1, .ofs_y = 0},
    {.bitmap_index = 2862, .adv_w = 144, .box_w = 7, .box_h = 29, .ofs_x = 1, .ofs_y = -6},
    {.bitmap_index = 2888, .adv_w = 88, .box_w = 3, .box_h = 29, .ofs_x = 1, .ofs_y = -6},
    {.bitmap_index = 2899, .adv_w = 144, .box_w = 6, .box_h = 29, .ofs_x = 1, .ofs_y = -6},
    {.bitmap_index = 2921, .adv_w = 265, .box_w = 15, .box_h = 6, .ofs_x = 1, .ofs_y = 6},
    {.bitmap_index = 2933, .adv_w = 439, .box_w = 25, .box_h = 21, .ofs_x = 1, .ofs_y = 0},
    {.bitmap_index = 2999, .adv_w = 417, .box_w = 24, .box_h = 21, .ofs_x = 1, .ofs_y = 0},
    {.bitmap_index = 3062, .adv_w = 0, .box_w = 1, .box_h = 1, .ofs_x = 0, .ofs_y = 0},
    {.bitmap_index = 3063, .adv_w = 472, .box_w = 27, .box_h = 3, .ofs_x = 1, .ofs_y = 10},
    {.bitmap_index = 3074, .adv_w = 472, .box_w = 26, .box_h = 22, .ofs_x = 2, .ofs_y = -1},
    {.bitmap_index = 3146, .adv_w = 472, .box_w = 27, .box_h = 27, .ofs_x = 1, .ofs_y = -3},
    {.bitmap_index = 3238, .adv_w = 472, .box_w = 23, .box_h = 27, .ofs_x = 3, .ofs_y = -3},
    {.bitmap_index = 3316, .adv_w = 472, .box_w = 25, .box_h = 21, .ofs_x = 2, .ofs_y = 0},
    {.bitmap_index = 3382, .adv_w = 472, .box_w = 26, .box_h = 25, .ofs_x = 2, .ofs_y = -3},
    {.bitmap_index = 3464, .adv_w = 472, .box_w = 27, .box_h = 23, .ofs_x = 1, .ofs_y = -1},
    {.bitmap_index = 3542, .adv_w = 472, .box_w = 27, .box_h = 27, .ofs_x = 1, .ofs_y = -3},
    {.bitmap_index = 3634, .adv_w = 472, .box_w = 25, .box_h = 29, .ofs_x = 2, .ofs_y = -4},
    {.bitmap_index = 3725, .adv_w = 472, .box_w = 25, .box_h = 27, .ofs_x = 2, .ofs_y = -3},
    {.bitmap_index = 3810, .adv_w = 472, .box_w = 27, .box_h = 27, .ofs_x = 1, .ofs_y = -3},
    {.bitmap_index = 3902, .adv_w = 472, .box_w = 27, .box_h = 27, .ofs_x = 1, .ofs_y = -3},
    {.bitmap_index = 3994, .adv_w = 472, .box_w = 28, .box_h = 27, .ofs_x = 1, .ofs_y = -3},
    {.bitmap_index = 4089, .adv_w = 472, .box_w = 27, .box_h = 27, .ofs_x = 2, .ofs_y = -3},
    {.bitmap_index = 4181, .adv_w = 472, .box_w = 27, .box_h = 27, .ofs_x = 1, .ofs_y = -3},
    {.bitmap_index = 4273, .adv_w = 472, .box_w = 27, .box_h = 27, .ofs_x = 2, .ofs_y = -3},
    {.bitmap_index = 4365, .adv_w = 472, .box_w = 27, .box_h = 27, .ofs_x = 1, .ofs_y = -3},
    {.bitmap_index = 4457, .adv_w = 472, .box_w = 26, .box_h = 27, .ofs_x = 2, .ofs_y = -3},
    {.bitmap_index = 4545, .adv_w = 472, .box_w = 25, .box_h = 28, .ofs_x = 2, .ofs_y = -3},
    {.bitmap_index = 4633, .adv_w = 472, .box_w = 27, .box_h = 26, .ofs_x = 1, .ofs_y = -3},
    {.bitmap_index = 4721, .adv_w = 472, .box_w = 25, .box_h = 27, .ofs_x = 3, .ofs_y = -3},
    {.bitmap_index = 4806, .adv_w = 472, .box_w = 23, .box_h = 25, .ofs_x = 3, .ofs_y = -3},
    {.bitmap_index = 4878, .adv_w = 472, .box_w = 26, .box_h = 28, .ofs_x = 1, .ofs_y = -3},
    {.bitmap_index = 4969, .adv_w = 472, .box_w = 26, .box_h = 26, .ofs_x = 2, .ofs_y = -3},
    {.bitmap_index = 5054, .adv_w = 472, .box_w = 25, .box_h = 27, .ofs_x = 2, .ofs_y = -3},
    {.bitmap_index = 5139, .adv_w = 472, .box_w = 26, .box_h = 27, .ofs_x = 2, .ofs_y = -3},
    {.bitmap_index = 5227, .adv_w = 472, .box_w = 27, .box_h = 27, .ofs_x = 1, .ofs_y = -3},
    {.bitmap_index = 5319, .adv_w = 472, .box_w = 27, .box_h = 27, .ofs_x = 1, .ofs_y = -3},
    {.bitmap_index = 5411, .adv_w = 472, .box_w = 24, .box_h = 24, .ofs_x = 3, .ofs_y = -2},
    {.bitmap_index = 5483, .adv_w = 472, .box_w = 26, .box_h = 25, .ofs_x = 2, .ofs_y = -3},
    {.bitmap_index = 5565, .adv_w = 472, .box_w = 27, .box_h = 25, .ofs_x = 1, .ofs_y = -3},
    {.bitmap_index = 5650, .adv_w = 472, .box_w = 26, .box_h = 25, .ofs_x = 2, .ofs_y = -3},
    {.bitmap_index = 5732, .adv_w = 472, .box_w = 27, .box_h = 27, .ofs_x = 1, .ofs_y = -3},
    {.bitmap_index = 5824, .adv_w = 472, .box_w = 27, .box_h = 27, .ofs_x = 1, .ofs_y = -3},
    {.bitmap_index = 5916, .adv_w = 472, .box_w = 18, .box_h = 25, .ofs_x = 6, .ofs_y = -3},
    {.bitmap_index = 5973, .adv_w = 472, .box_w = 27, .box_h = 26, .ofs_x = 1, .ofs_y = -3},
    {.bitmap_index = 6061, .adv_w = 472, .box_w = 23, .box_h = 25, .ofs_x = 3, .ofs_y = -3},
    {.bitmap_index = 6133, .adv_w = 472, .box_w = 25, .box_h = 25, .ofs_x = 2, .ofs_y = -2},
    {.bitmap_index = 6212, .adv_w = 472, .box_w = 27, .box_h = 27, .ofs_x = 1, .ofs_y = -3},
    {.bitmap_index = 6304, .adv_w = 472, .box_w = 25, .box_h = 27, .ofs_x = 3, .ofs_y = -3},
    {.bitmap_index = 6389, .adv_w = 472, .box_w = 25, .box_h = 27, .ofs_x = 3, .ofs_y = -3},
    {.bitmap_index = 6474, .adv_w = 472, .box_w = 25, .box_h = 27, .ofs_x = 3, .ofs_y = -3},
    {.bitmap_index = 6559, .adv_w = 472, .box_w = 26, .box_h = 27, .ofs_x = 3, .ofs_y = -3},
    {.bitmap_index = 6647, .adv_w = 472, .box_w = 27, .box_h = 26, .ofs_x = 1, .ofs_y = -3},
    {.bitmap_index = 6735, .adv_w = 472, .box_w = 25, .box_h = 27, .ofs_x = 1, .ofs_y = -3},
    {.bitmap_index = 6820, .adv_w = 472, .box_w = 27, .box_h = 27, .ofs_x = 1, .ofs_y = -3},
    {.bitmap_index = 6912, .adv_w = 472, .box_w = 29, .box_h = 27, .ofs_x = 0, .ofs_y = -3},
    {.bitmap_index = 7010, .adv_w = 472, .box_w = 27, .box_h = 23, .ofs_x = 1, .ofs_y = -1},
    {.bitmap_index = 7088, .adv_w = 472, .box_w = 27, .box_h = 25, .ofs_x = 1, .ofs_y = -2},
    {.bitmap_index = 7173, .adv_w = 472, .box_w = 27, .box_h = 26, .ofs_x = 1, .ofs_y = -3},
    {.bitmap_index = 7261, .adv_w = 472, .box_w = 28, .box_h = 26, .ofs_x = 1, .ofs_y = -3},
    {.bitmap_index = 7352, .adv_w = 472, .box_w = 27, .box_h = 27, .ofs_x = 1, .ofs_y = -3},
    {.bitmap_index = 7444, .adv_w = 472, .box_w = 27, .box_h = 27, .ofs_x = 1, .ofs_y = -3},
    {.bitmap_index = 7536, .adv_w = 472, .box_w = 24, .box_h = 26, .ofs_x = 4, .ofs_y = -2},
    {.bitmap_index = 7614, .adv_w = 472, .box_w = 28, .box_h = 27, .ofs_x = 0, .ofs_y = -3},
    {.bitmap_index = 7709, .adv_w = 472, .box_w = 27, .box_h = 26, .ofs_x = 1, .ofs_y = -2},
    {.bitmap_index = 7797, .adv_w = 472, .box_w = 27, .box_h = 26, .ofs_x = 1, .ofs_y = -2},
    {.bitmap_index = 7885, .adv_w = 472, .box_w = 26, .box_h = 26, .ofs_x = 2, .ofs_y = -3},
    {.bitmap_index = 7970, .adv_w = 472, .box_w = 27, .box_h = 27, .ofs_x = 1, .ofs_y = -3},
    {.bitmap_index = 8062, .adv_w = 472, .box_w = 27, .box_h = 27, .ofs_x = 1, .ofs_y = -3},
    {.bitmap_index = 8154, .adv_w = 472, .box_w = 28, .box_h = 27, .ofs_x = 0, .ofs_y = -3},
    {.bitmap_index = 8249, .adv_w = 472, .box_w = 23, .box_h = 26, .ofs_x = 3, .ofs_y = -3},
    {.bitmap_index = 8324, .adv_w = 472, .box_w = 25, .box_h = 27, .ofs_x = 3, .ofs_y = -3},
    {.bitmap_index = 8409, .adv_w = 472, .box_w = 26, .box_h = 24, .ofs_x = 2, .ofs_y = -2},
    {.bitmap_index = 8487, .adv_w = 472, .box_w = 24, .box_h = 26, .ofs_x = 3, .ofs_y = -3},
    {.bitmap_index = 8565, .adv_w = 472, .box_w = 24, .box_h = 26, .ofs_x = 3, .ofs_y = -3},
    {.bitmap_index = 8643, .adv_w = 472, .box_w = 28, .box_h = 26, .ofs_x = 1, .ofs_y = -3},
    {.bitmap_index = 8734, .adv_w = 472, .box_w = 25, .box_h = 26, .ofs_x = 1, .ofs_y = -3},
    {.bitmap_index = 8816, .adv_w = 472, .box_w = 28, .box_h = 26, .ofs_x = 1, .ofs_y = -3},
    {.bitmap_index = 8907, .adv_w = 472, .box_w = 27, .box_h = 26, .ofs_x = 1, .ofs_y = -3},
    {.bitmap_index = 8995, .adv_w = 472, .box_w = 27, .box_h = 26, .ofs_x = 1, .ofs_y = -3},
    {.bitmap_index = 9083, .adv_w = 472, .box_w = 27, .box_h = 26, .ofs_x = 1, .ofs_y = -3},
    {.bitmap_index = 9171, .adv_w = 472, .box_w = 28, .box_h = 26, .ofs_x = 1, .ofs_y = -3},
    {.bitmap_index = 9262, .adv_w = 472, .box_w = 26, .box_h = 27, .ofs_x = 2, .ofs_y = -3},
    {.bitmap_index = 9350, .adv_w = 472, .box_w = 3, .box_h = 21, .ofs_x = 6, .ofs_y = 0},
    {.bitmap_index = 9358, .adv_w = 472, .box_w = 8, .box_h = 9, .ofs_x = 11, .ofs_y = 14},
    {.bitmap_index = 9367, .adv_w = 472, .box_w = 17, .box_h = 21, .ofs_x = 6, .ofs_y = 0},
    {.bitmap_index = 9412, .adv_w = 472, .box_w = 13, .box_h = 28, .ofs_x = 8, .ofs_y = -4},
    {.bitmap_index = 9458, .adv_w = 472, .box_w = 21, .box_h = 21, .ofs_x = 4, .ofs_y = 0},
    {.bitmap_index = 9514, .adv_w = 472, .box_w = 18, .box_h = 21, .ofs_x = 6, .ofs_y = 0},
    {.bitmap_index = 9562, .adv_w = 472, .box_w = 3, .box_h = 9, .ofs_x = 13, .ofs_y = 14},
    {.bitmap_index = 9566, .adv_w = 472, .box_w = 7, .box_h = 26, .ofs_x = 17, .ofs_y = -3},
    {.bitmap_index = 9589, .adv_w = 472, .box_w = 7, .box_h = 26, .ofs_x = 5, .ofs_y = -3},
    {.bitmap_index = 9612, .adv_w = 472, .box_w = 11, .box_h = 11, .ofs_x = 9, .ofs_y = 12},
    {.bitmap_index = 9628, .adv_w = 472, .box_w = 14, .box_h = 14, .ofs_x = 8, .ofs_y = 2},
    {.bitmap_index = 9653, .adv_w = 472, .box_w = 6, .box_h = 8, .ofs_x = 4, .ofs_y = -4},
    {.bitmap_index = 9659, .adv_w = 472, .box_w = 9, .box_h = 2, .ofs_x = 10, .ofs_y = 8},
    {.bitmap_index = 9662, .adv_w = 472, .box_w = 3, .box_h = 4, .ofs_x = 6, .ofs_y = 0},
    {.bitmap_index = 9664, .adv_w = 472, .box_w = 18, .box_h = 28, .ofs_x = 6, .ofs_y = -4},
    {.bitmap_index = 9727, .adv_w = 472, .box_w = 14, .box_h = 21, .ofs_x = 8, .ofs_y = 0},
    {.bitmap_index = 9764, .adv_w = 472, .box_w = 8, .box_h = 21, .ofs_x = 11, .ofs_y = 0},
    {.bitmap_index = 9785, .adv_w = 472, .box_w = 14, .box_h = 21, .ofs_x = 8, .ofs_y = 0},
    {.bitmap_index = 9822, .adv_w = 472, .box_w = 13, .box_h = 21, .ofs_x = 8, .ofs_y = 0},
    {.bitmap_index = 9857, .adv_w = 472, .box_w = 15, .box_h = 21, .ofs_x = 7, .ofs_y = 0},
    {.bitmap_index = 9897, .adv_w = 472, .box_w = 13, .box_h = 21, .ofs_x = 8, .ofs_y = 0},
    {.bitmap_index = 9932, .adv_w = 472, .box_w = 14, .box_h = 21, .ofs_x = 8, .ofs_y = 0},
    {.bitmap_index = 9969, .adv_w = 472, .box_w = 14, .box_h = 21, .ofs_x = 8, .ofs_y = 0},
    {.bitmap_index = 10006, .adv_w = 472, .box_w = 14, .box_h = 21, .ofs_x = 8, .ofs_y = 0},
    {.bitmap_index = 10043, .adv_w = 472, .box_w = 14, .box_h = 21, .ofs_x = 8, .ofs_y = 0},
    {.bitmap_index = 10080, .adv_w = 472, .box_w = 3, .box_h = 16, .ofs_x = 6, .ofs_y = 0},
    {.bitmap_index = 10086, .adv_w = 472, .box_w = 6, .box_h = 20, .ofs_x = 4, .ofs_y = -4},
    {.bitmap_index = 10101, .adv_w = 472, .box_w = 14, .box_h = 16, .ofs_x = 8, .ofs_y = 1},
    {.bitmap_index = 10129, .adv_w = 472, .box_w = 14, .box_h = 10, .ofs_x = 8, .ofs_y = 4},
    {.bitmap_index = 10147, .adv_w = 472, .box_w = 14, .box_h = 16, .ofs_x = 8, .ofs_y = 1},
    {.bitmap_index = 10175, .adv_w = 472, .box_w = 11, .box_h = 21, .ofs_x = 3, .ofs_y = 0},
    {.bitmap_index = 10204, .adv_w = 472, .box_w = 23, .box_h = 24, .ofs_x = 3, .ofs_y = -3},
    {.bitmap_index = 10273, .adv_w = 472, .box_w = 19, .box_h = 21, .ofs_x = 5, .ofs_y = 0},
    {.bitmap_index = 10323, .adv_w = 472, .box_w = 14, .box_h = 21, .ofs_x = 8, .ofs_y = 0},
    {.bitmap_index = 10360, .adv_w = 472, .box_w = 15, .box_h = 21, .ofs_x = 7, .ofs_y = 0},
    {.bitmap_index = 10400, .adv_w = 472, .box_w = 16, .box_h = 21, .ofs_x = 7, .ofs_y = 0},
    {.bitmap_index = 10442, .adv_w = 472, .box_w = 12, .box_h = 21, .ofs_x = 9, .ofs_y = 0},
    {.bitmap_index = 10474, .adv_w = 472, .box_w = 12, .box_h = 21, .ofs_x = 9, .ofs_y = 0},
    {.bitmap_index = 10506, .adv_w = 472, .box_w = 16, .box_h = 21, .ofs_x = 7, .ofs_y = 0},
    {.bitmap_index = 10548, .adv_w = 472, .box_w = 16, .box_h = 21, .ofs_x = 7, .ofs_y = 0},
    {.bitmap_index = 10590, .adv_w = 472, .box_w = 3, .box_h = 21, .ofs_x = 13, .ofs_y = 0},
    {.bitmap_index = 10598, .adv_w = 472, .box_w = 8, .box_h = 21, .ofs_x = 11, .ofs_y = 0},
    {.bitmap_index = 10619, .adv_w = 472, .box_w = 15, .box_h = 21, .ofs_x = 7, .ofs_y = 0},
    {.bitmap_index = 10659, .adv_w = 472, .box_w = 12, .box_h = 21, .ofs_x = 9, .ofs_y = 0},
    {.bitmap_index = 10691, .adv_w = 472, .box_w = 19, .box_h = 21, .ofs_x = 5, .ofs_y = 0},
    {.bitmap_index = 10741, .adv_w = 472, .box_w = 17, .box_h = 21, .ofs_x = 6, .ofs_y = 0},
    {.bitmap_index = 10786, .adv_w = 472, .box_w = 18, .box_h = 21, .ofs_x = 6, .ofs_y = 0},
    {.bitmap_index = 10834, .adv_w = 472, .box_w = 13, .box_h = 21, .ofs_x = 8, .ofs_y = 0},
    {.bitmap_index = 10869, .adv_w = 472, .box_w = 18, .box_h = 25, .ofs_x = 6, .ofs_y = -4},
    {.bitmap_index = 10926, .adv_w = 472, .box_w = 15, .box_h = 21, .ofs_x = 7, .ofs_y = 0},
    {.bitmap_index = 10966, .adv_w = 472, .box_w = 14, .box_h = 21, .ofs_x = 8, .ofs_y = 0},
    {.bitmap_index = 11003, .adv_w = 472, .box_w = 15, .box_h = 21, .ofs_x = 7, .ofs_y = 0},
    {.bitmap_index = 11043, .adv_w = 472, .box_w = 16, .box_h = 21, .ofs_x = 7, .ofs_y = 0},
    {.bitmap_index = 11085, .adv_w = 472, .box_w = 18, .box_h = 21, .ofs_x = 6, .ofs_y = 0},
    {.bitmap_index = 11133, .adv_w = 472, .box_w = 25, .box_h = 21, .ofs_x = 2, .ofs_y = 0},
    {.bitmap_index = 11199, .adv_w = 472, .box_w = 17, .box_h = 21, .ofs_x = 6, .ofs_y = 0},
    {.bitmap_index = 11244, .adv_w = 472, .box_w = 17, .box_h = 21, .ofs_x = 6, .ofs_y = 0},
    {.bitmap_index = 11289, .adv_w = 472, .box_w = 16, .box_h = 21, .ofs_x = 7, .ofs_y = 0},
    {.bitmap_index = 11331, .adv_w = 472, .box_w = 6, .box_h = 26, .ofs_x = 18, .ofs_y = -3},
    {.bitmap_index = 11351, .adv_w = 472, .box_w = 18, .box_h = 28, .ofs_x = 6, .ofs_y = -4},
    {.bitmap_index = 11414, .adv_w = 472, .box_w = 5, .box_h = 26, .ofs_x = 6, .ofs_y = -3},
    {.bitmap_index = 11431, .adv_w = 472, .box_w = 13, .box_h = 12, .ofs_x = 8, .ofs_y = 9},
    {.bitmap_index = 11451, .adv_w = 472, .box_w = 15, .box_h = 2, .ofs_x = 7, .ofs_y = -6},
    {.bitmap_index = 11455, .adv_w = 472, .box_w = 6, .box_h = 5, .ofs_x = 12, .ofs_y = 18},
    {.bitmap_index = 11459, .adv_w = 472, .box_w = 14, .box_h = 16, .ofs_x = 8, .ofs_y = 0},
    {.bitmap_index = 11487, .adv_w = 472, .box_w = 15, .box_h = 23, .ofs_x = 7, .ofs_y = 0},
    {.bitmap_index = 11531, .adv_w = 472, .box_w = 12, .box_h = 16, .ofs_x = 9, .ofs_y = 0},
    {.bitmap_index = 11555, .adv_w = 472, .box_w = 15, .box_h = 23, .ofs_x = 7, .ofs_y = 0},
    {.bitmap_index = 11599, .adv_w = 472, .box_w = 14, .box_h = 16, .ofs_x = 8, .ofs_y = 0},
    {.bitmap_index = 11627, .adv_w = 472, .box_w = 10, .box_h = 23, .ofs_x = 10, .ofs_y = 0},
    {.bitmap_index = 11656, .adv_w = 472, .box_w = 15, .box_h = 22, .ofs_x = 7, .ofs_y = -6},
    {.bitmap_index = 11698, .adv_w = 472, .box_w = 13, .box_h = 23, .ofs_x = 8, .ofs_y = 0},
    {.bitmap_index = 11736, .adv_w = 472, .box_w = 3, .box_h = 22, .ofs_x = 13, .ofs_y = 0},
    {.bitmap_index = 11745, .adv_w = 472, .box_w = 8, .box_h = 28, .ofs_x = 11, .ofs_y = -6},
    {.bitmap_index = 11773, .adv_w = 472, .box_w = 13, .box_h = 23, .ofs_x = 8, .ofs_y = 0},
    {.bitmap_index = 11811, .adv_w = 472, .box_w = 5, .box_h = 23, .ofs_x = 12, .ofs_y = 0},
    {.bitmap_index = 11826, .adv_w = 472, .box_w = 22, .box_h = 16, .ofs_x = 4, .ofs_y = 0},
    {.bitmap_index = 11870, .adv_w = 472, .box_w = 13, .box_h = 16, .ofs_x = 8, .ofs_y = 0},
    {.bitmap_index = 11896, .adv_w = 472, .box_w = 15, .box_h = 16, .ofs_x = 7, .ofs_y = 0},
    {.bitmap_index = 11926, .adv_w = 472, .box_w = 15, .box_h = 22, .ofs_x = 7, .ofs_y = -6},
    {.bitmap_index = 11968, .adv_w = 472, .box_w = 15, .box_h = 22, .ofs_x = 7, .ofs_y = -6},
    {.bitmap_index = 12010, .adv_w = 472, .box_w = 8, .box_h = 16, .ofs_x = 11, .ofs_y = 0},
    {.bitmap_index = 12026, .adv_w = 472, .box_w = 11, .box_h = 16, .ofs_x = 9, .ofs_y = 0},
    {.bitmap_index = 12048, .adv_w = 472, .box_w = 9, .box_h = 20, .ofs_x = 10, .ofs_y = 0},
    {.bitmap_index = 12071, .adv_w = 472, .box_w = 13, .box_h = 16, .ofs_x = 8, .ofs_y = 0},
    {.bitmap_index = 12097, .adv_w = 472, .box_w = 15, .box_h = 16, .ofs_x = 7, .ofs_y = 0},
    {.bitmap_index = 12127, .adv_w = 472, .box_w = 24, .box_h = 16, .ofs_x = 3, .ofs_y = 0},
    {.bitmap_index = 12175, .adv_w = 472, .box_w = 15, .box_h = 16, .ofs_x = 7, .ofs_y = 0},
    {.bitmap_index = 12205, .adv_w = 472, .box_w = 15, .box_h = 22, .ofs_x = 7, .ofs_y = -6},
    {.bitmap_index = 12247, .adv_w = 472, .box_w = 13, .box_h = 16, .ofs_x = 8, .ofs_y = 0},
    {.bitmap_index = 12273, .adv_w = 472, .box_w = 7, .box_h = 26, .ofs_x = 16, .ofs_y = -3},
    {.bitmap_index = 12296, .adv_w = 472, .box_w = 2, .box_h = 29, .ofs_x = 14, .ofs_y = -4},
    {.bitmap_index = 12304, .adv_w = 472, .box_w = 6, .box_h = 26, .ofs_x = 7, .ofs_y = -3},
    {.bitmap_index = 12324, .adv_w = 472, .box_w = 15, .box_h = 6, .ofs_x = 7, .ofs_y = 6}
};

/*---------------------
 *  CHARACTER MAPPING
 *--------------------*/

static const uint16_t unicode_list_1[] = {
    0x0, 0x6, 0xefd, 0x2cfd, 0x2d06, 0x2d19, 0x2d2a, 0x2d89,
    0x2d8e, 0x2d91, 0x2dc7, 0x3042, 0x306a, 0x3070, 0x30a9, 0x30ad,
    0x30b4, 0x30b8, 0x30c6, 0x3214, 0x3254, 0x32ed, 0x330b, 0x3463,
    0x35d8, 0x3625, 0x380c, 0x3817, 0x3824, 0x3acf, 0x3b0c, 0x3cef,
    0x3d6f, 0x3dfd, 0x3e37, 0x41a2, 0x4206, 0x44e2, 0x44e6, 0x450b,
    0x451c, 0x4522, 0x4525, 0x4557, 0x4571, 0x4593, 0x45b1, 0x461c,
    0x4637, 0x4956, 0x4a60, 0x4d26, 0x4d7c, 0x4d8d, 0x4dde, 0x4fea,
    0x5432, 0x58c8, 0x5d9f, 0x63da, 0x687c, 0x6a63, 0x6af4, 0x742b,
    0x7531, 0x7532, 0x75e5, 0x75e7, 0x75f4, 0x75fb, 0x7619, 0x762f,
    0x763b, 0x7781, 0x77cb, 0x77d0, 0x7dc1
};

/*Collect the unicode lists and glyph_id offsets*/
static const lv_font_fmt_txt_cmap_t cmaps[] =
{
    {
        .range_start = 32, .range_length = 95, .glyph_id_start = 1,
        .unicode_list = NULL, .glyph_id_ofs_list = NULL, .list_length = 0, .type = LV_FONT_FMT_TXT_CMAP_FORMAT0_TINY
    },
    {
        .range_start = 8451, .range_length = 32194, .glyph_id_start = 96,
        .unicode_list = unicode_list_1, .glyph_id_ofs_list = NULL, .list_length = 77, .type = LV_FONT_FMT_TXT_CMAP_SPARSE_TINY
    },
    {
        .range_start = 65281, .range_length = 94, .glyph_id_start = 173,
        .unicode_list = NULL, .glyph_id_ofs_list = NULL, .list_length = 0, .type = LV_FONT_FMT_TXT_CMAP_FORMAT0_TINY
    }
};

/*-----------------
 *    KERNING
 *----------------*/


/*Map glyph_ids to kern left classes*/
static const uint8_t kern_left_class_mapping[] =
{
    0, 0, 0, 1, 0, 0, 0, 0,
    1, 2, 0, 0, 0, 3, 0, 3,
    4, 0, 5, 0, 0, 0, 0, 0,
    6, 0, 0, 7, 7, 0, 0, 0,
    0, 0, 8, 9, 0, 10, 11, 12,
    13, 0, 0, 14, 15, 16, 0, 0,
    10, 17, 18, 19, 20, 21, 22, 23,
    24, 15, 25, 26, 27, 0, 0, 0,
    0, 0, 28, 29, 0, 0, 30, 31,
    0, 32, 33, 34, 35, 36, 32, 32,
    29, 29, 37, 38, 39, 40, 41, 42,
    43, 35, 42, 44, 45, 0, 0, 0,
    0, 0, 0, 0, 0, 0, 0, 0,
    0, 0, 0, 0, 0, 0, 0, 0,
    0, 0, 0, 0, 0, 0, 0, 0,
    0, 0, 0, 0, 0, 0, 0, 0,
    0, 0, 0, 0, 0, 0, 0, 0,
    0, 0, 0, 0, 0, 0, 0, 0,
    0, 0, 0, 0, 0, 0, 0, 0,
    0, 0, 0, 0, 0, 0, 0, 0,
    0, 0, 0, 0, 0, 0, 0, 0,
    0, 0, 0, 0, 0, 0, 0, 0,
    0, 0, 0, 0, 0, 0, 0, 0,
    0, 0, 0, 0, 0, 0, 0, 0,
    0, 0, 0, 0, 0, 0, 0, 0,
    0, 0, 0, 0, 0, 0, 0, 0,
    0, 0, 0, 0, 0, 0, 0, 0,
    0, 0, 0, 0, 0, 0, 0, 0,
    0, 0, 0, 0, 0, 0, 0, 0,
    0, 0, 0, 0, 0, 0, 0, 0,
    0, 0, 0, 0, 0, 0, 0, 0,
    0, 0, 0, 0, 0, 0, 0, 0,
    0, 0, 0, 0, 0, 0, 0, 0,
    0, 0, 0
};

/*Map glyph_ids to kern right classes*/
static const uint8_t kern_right_class_mapping[] =
{
    0, 0, 0, 1, 0, 0, 0, 0,
    2, 0, 3, 4, 0, 5, 0, 5,
    6, 0, 7, 0, 0, 0, 0, 0,
    8, 0, 9, 10, 10, 0, 0, 0,
    11, 0, 12, 0, 13, 0, 0, 0,
    13, 0, 0, 14, 0, 0, 0, 0,
    13, 0, 13, 0, 15, 16, 17, 18,
    19, 20, 21, 22, 0, 0, 23, 0,
    0, 0, 24, 0, 25, 25, 25, 26,
    27, 28, 29, 30, 28, 31, 32, 32,
    25, 33, 25, 32, 34, 35, 36, 37,
    38, 39, 37, 32, 0, 0, 40, 0,
    0, 0, 0, 0, 0, 0, 0, 0,
    0, 0, 0, 0, 0, 0, 0, 0,
    0, 0, 0, 0, 0, 0, 0, 0,
    0, 0, 0, 0, 0, 0, 0, 0,
    0, 0, 0, 0, 0, 0, 0, 0,
    0, 0, 0, 0, 0, 0, 0, 0,
    0, 0, 0, 0, 0, 0, 0, 0,
    0, 0, 0, 0, 0, 0, 0, 0,
    0, 0, 0, 0, 0, 0, 0, 0,
    0, 0, 0, 0, 0, 0, 0, 0,
    0, 0, 0, 0, 0, 0, 0, 0,
    0, 0, 0, 0, 0, 0, 0, 0,
    0, 0, 0, 0, 0, 0, 0, 0,
    0, 0, 0, 0, 0, 0, 0, 0,
    0, 0, 0, 0, 0, 0, 0, 0,
    0, 0, 0, 0, 0, 0, 0, 0,
    0, 0, 0, 0, 0, 0, 0, 0,
    0, 0, 0, 0, 0, 0, 0, 0,
    0, 0, 0, 0, 0, 0, 0, 0,
    0, 0, 0, 0, 0, 0, 0, 0,
    0, 0, 0, 0, 0, 0, 0, 0,
    0, 0, 0
};

/*Kern values between classes*/
static const int8_t kern_class_values[] =
{
    -27, -27, 0, 0, -86, 0, 0, 0,
    0, 0, 0, 0, 0, 0, 0, 0,
    0, 0, 0, 0, 0, 0, 0, 0,
    0, 0, 0, 0, 0, 0, 0, 0,
    0, 0, 0, 0, 0, 0, 0, 0,
    0, 0, 0, 0, 0, 0, 0, 0,
    0, 0, 0, 0, 0, 0, 0, 0,
    0, 0, 0, 0, 0, 0, 0, 0,
    0, 0, 0, 0, 0, 29, 0, 0,
    0, 0, 0, 0, 0, 0, 0, 0,
    -77, -77, 0, 0, 0, 0, -67, -20,
    -19, 0, 0, 0, 0, 0, 0, 0,
    0, 0, 0, 0, 0, 0, 0, 0,
    0, 0, 0, 0, 0, 0, 0, 0,
    0, 0, 0, 0, 0, 0, 0, 0,
    0, 0, 0, 0, 0, -58, 0, 0,
    0, 0, 0, 0, 0, 0, 0, 0,
    0, 0, 0, 0, 0, 0, 0, 0,
    0, 0, 0, 0, 0, 0, 0, 0,
    0, 0, 0, 0, 0, 0, 0, 0,
    0, 0, 0, 0, -48, 0, 0, 0,
    0, -48, 0, 0, 0, 0, 0, 0,
    0, 0, 0, 0, 0, 0, 0, 0,
    0, 0, 0, 0, 0, 0, 0, 0,
    0, 0, 0, 0, 0, 0, 0, 0,
    0, 0, 0, 0, -77, 0, 0, 0,
    0, -48, 0, 0, 0, 0, 0, 0,
    0, 0, 0, 0, 0, 0, 0, 0,
    0, 0, 0, 0, 0, 0, 0, 0,
    0, 0, 0, 0, 0, 0, 0, 0,
    0, 0, 0, 0, 0, 0, -38, -28,
    0, 0, 0, 0, 0, 0, 0, 0,
    0, 0, 0, 0, 0, 0, 0, 0,
    0, 0, 0, 0, 0, 0, 0, 0,
    0, 0, 0, 0, 0, 0, 0, 0,
    -48, -48, 0, 0, 0, 0, 0, 0,
    0, 0, 0, 0, -10, 0, 0, -38,
    -5, -34, -19, 0, -39, 0, 0, 0,
    0, -10, 0, 0, 0, 0, -5, 0,
    0, 0, -10, 0, -10, 0, 0, 0,
    0, 0, 0, 0, 0, 0, 0, 0,
    0, 0, 0, 0, -5, 0, 0, -19,
    0, -10, 0, -10, -10, 0, 0, 0,
    0, 0, 0, 0, 0, 0, 0, 0,
    0, 0, 0, 0, 0, 0, 0, 0,
    0, 0, 0, 0, -28, 0, 0, 0,
    0, 0, 0, -10, 0, 0, 0, -17,
    0, -14, -9, -10, -19, -10, 0, -19,
    0, 0, 0, 0, 0, 0, 0, 0,
    0, 0, 0, 0, 0, 0, 0, 0,
    0, 0, 0, 0, 0, 0, 0, 0,
    0, 0, 0, 0, 0, 0, 0, 0,
    0, 0, 0, 0, 0, 0, 0, 0,
    0, 0, 0, 0, 0, 9, 0, 0,
    0, 0, 0, 0, 0, 0, 0, 0,
    0, 0, 0, 0, -76, 0, 0, 0,
    0, 0, 0, -19, 0, 0, 0, 0,
    0, 0, 0, 0, 0, 0, 0, -28,
    0, 0, 0, 0, 0, 0, 0, 0,
    0, 0, 0, 0, 0, 0, 0, 0,
    0, 0, 0, 0, 0, 0, 0, 0,
    0, 0, 0, 0, 0, 0, 0, 0,
    0, -5, 0, 0, -10, 0, 0, 0,
    0, 0, 0, 0, 0, 0, 0, 0,
    0, 0, 0, 0, 0, 0, 0, 0,
    0, 0, 0, 0, 0, 0, 0, 0,
    0, 0, 0, 0, 0, 3, 0, 0,
    0, 0, 0, 0, 0, 0, 0, 0,
    0, 0, 0, 0, 0, 0, 0, 0,
    0, 0, 0, 0, 0, 0, 0, 0,
    0, 0, 0, 0, 0, 0, 0, 0,
    0, 0, 0, -9, -10, 0, 0, -9,
    -19, -19, -19, 0, -19, 0, 0, 0,
    -19, 0, -19, 0, 0, 0, -19, 0,
    0, -9, -5, -19, -29, -19, 0, 0,
    -48, -48, 0, 0, 0, 0, 0, 0,
    0, 0, 0, 10, -28, 0, 0, -38,
    -9, -38, -19, 0, -48, 0, 0, 0,
    0, 0, 0, 0, 0, 0, 0, 0,
    0, 0, 0, 0, -20, -10, 0, 0,
    0, 0, 0, 0, -96, 0, 0, 0,
    0, 0, 0, -29, 0, 0, 0, -14,
    0, -5, -5, -24, -10, -19, 0, -29,
    0, 0, 0, 0, 0, 0, 0, 0,
    0, 0, 0, 0, 0, 0, 0, 0,
    0, 0, 0, 0, -28, 0, 0, 0,
    0, 0, 0, -10, 0, 3, 0, -17,
    0, -14, -9, -10, -19, -10, 0, -19,
    0, 0, 0, 0, 0, 0, 0, 0,
    0, 0, 0, 0, 0, 0, 0, 0,
    0, 0, 0, 0, 0, 0, 0, 0,
    0, 0, 0, 0, -7, 0, 0, -19,
    -5, -10, -5, -14, -20, 0, 0, 0,
    -10, 0, -10, 0, 0, 0, 0, 0,
    0, 0, -10, -5, -5, 0, 10, 0,
    0, 0, 0, 0, -10, 0, 0, 0,
    0, 0, 0, 0, 0, 0, 0, 0,
    0, -10, -5, 0, -10, 0, 0, 0,
    0, 0, 0, 0, 0, 0, 0, 0,
    0, 0, 0, 0, -10, -5, 0, 0,
    1, 1, 0, 0, -74, 0, 0, 0,
    0, 0, 0, -38, -10, 0, 0, 0,
    0, 0, 0, 0, 0, 0, 0, -38,
    -28, 0, -28, 0, -10, -9, 0, -28,
    -28, -29, 10, -38, -19, -9, -19, 0,
    0, 0, 0, 0, 0, 0, 0, 0,
    0, 0, 0, -5, 0, 0, 0, 0,
    0, 0, 0, -9, 0, 0, 0, 0,
    0, 0, 0, 0, 0, 0, 0, 0,
    0, 0, 0, 0, 0, 0, 0, 0,
    0, 0, 0, 0, -67, 0, 0, 0,
    0, -20, 0, -34, -14, 0, -5, 0,
    0, 0, 0, 0, 0, 0, 0, -20,
    -10, 0, -10, 0, 0, 0, 0, 0,
    0, -10, 0, 0, 0, 0, 0, 0,
    0, 0, 0, 0, -38, 0, 0, 0,
    0, -19, 0, -19, -9, 0, 0, 0,
    0, 0, 0, 0, 0, 0, 0, -19,
    -10, 0, -10, 0, 0, 0, 0, 0,
    0, -10, 0, 0, 0, 0, 0, 0,
    0, 0, 0, 0, -68, 0, 0, 0,
    0, -29, 0, -39, -19, 0, 0, 0,
    0, 0, 0, 0, 0, 0, 0, -48,
    -29, 0, -29, 0, -9, 0, 0, -20,
    -19, -29, 0, -19, -19, 0, -20, 0,
    0, 0, 0, 0, 0, 0, 0, 0,
    0, 0, 0, 0, -10, 0, 0, 0,
    0, 0, 0, 0, 0, 0, 0, 0,
    0, 0, 0, 0, 0, 0, 0, 0,
    0, 0, 0, 0, 0, 0, 0, 0,
    0, 0, 0, 0, 0, 0, 0, 0,
    0, 0, 0, 0, 0, 0, 0, 0,
    0, 0, 0, 0, 0, 0, 0, 0,
    0, 0, 0, 0, 0, 38, 0, 0,
    0, 0, 0, 0, 0, 0, 0, 0,
    0, 0, 0, 0, 0, 0, 0, 0,
    0, 0, 0, 0, 0, 0, 0, -29,
    0, -10, 0, 0, -29, 0, 0, 0,
    0, 0, 0, 0, 0, 0, 0, 0,
    0, 0, 0, 0, -5, -5, 0, 0,
    0, 0, 0, 0, -19, 0, 0, 0,
    0, 0, 0, 0, 0, 0, 0, -28,
    0, -10, -10, -19, -29, 0, 0, 0,
    0, 0, 0, 0, 0, 0, 0, 0,
    0, 0, 0, 0, -5, 0, -10, 0,
    0, 0, 0, 0, -10, 0, 0, 0,
    0, 0, 0, 0, 0, 0, 0, -28,
    0, 0, 0, 0, -19, 0, 0, 0,
    0, 0, 0, 0, 0, 10, 0, 0,
    0, 0, 0, 0, 0, 0, 0, 0,
    1, 1, 0, 29, 0, 0, 0, 0,
    0, 0, 19, 0, 0, 0, 0, 19,
    0, 10, 10, 10, 0, 0, 10, -14,
    -9, 0, -19, -9, -9, -9, -9, 0,
    0, -9, 0, 0, 0, 0, 0, 1,
    0, 0, 0, 0, 0, 0, 0, 0,
    0, 0, 0, 0, 0, 0, 0, -28,
    0, 0, 0, 0, -19, 0, 0, 0,
    0, 0, 0, 0, 0, 0, 0, 0,
    0, 0, 0, 0, -5, 0, 0, 0,
    1, 1, 1, 0, 0, 0, 0, 0,
    0, 0, 1, 0, 0, 0, 0, -10,
    0, 0, 0, 0, 0, 0, 20, 0,
    0, 0, 0, 0, 0, 0, 0, 0,
    0, 0, 0, 0, 0, 0, 0, 11,
    0, 0, 0, 0, 0, 0, 0, 0,
    0, 0, 0, 0, 0, 0, 0, -10,
    0, 0, 0, 0, 0, 0, 0, 0,
    0, 0, 0, 0, 0, 0, 0, 0,
    0, 0, 0, 0, 0, 0, 0, 0,
    0, 0, 0, 0, 0, 0, 0, 0,
    0, 0, 0, 0, 0, 0, 0, -19,
    0, 0, -10, 0, 0, 0, 0, -10,
    -10, 0, -10, 0, 0, 0, -10, 0,
    0, 0, 0, -5, 0, 0, 0, 0,
    0, 0, 0, 0, 0, 0, 0, 0,
    0, 0, 0, 0, 0, 0, 0, 0,
    0, 0, 0, 0, 0, 0, 0, 0,
    0, -10, 0, 0, 0, 0, 0, 0,
    0, 0, 0, 0, -9, -5, 0, 0,
    0, 0, 0, 0, 0, 0, 0, 0,
    0, 0, 0, 0, 0, 0, 0, -9,
    0, 0, 0, 0, -9, 0, 0, 0,
    0, 0, 0, 0, 0, 10, 0, 0,
    0, 0, 0, 0, 0, 0, 0, 0,
    1, 1, 0, 0, -43, 0, 0, 0,
    0, 0, 0, 0, 0, 0, 0, 0,
    0, 0, 0, 0, 0, 0, 0, -24,
    -9, 0, 0, 0, 0, 0, 0, 0,
    0, 0, 10, 0, 0, 0, 0, 0,
    0, 0, 0, 0, 0, 0, 0, 0,
    0, 0, 0, 0, 0, 0, 0, -28,
    0, -10, -10, -9, -29, 0, 0, 0,
    0, 0, 0, 0, 0, 0, 0, 0,
    0, 0, 0, 0, -9, 0, -5, 0,
    0, 0, 0, 0, 0, 0, 0, 0,
    0, 0, 0, 0, 0, 0, 0, 0,
    0, 0, 0, 0, 0, 0, 0, 0,
    0, 0, 0, 0, 0, 0, 0, 0,
    0, 0, 0, 0, 0, 0, 0, 0,
    0, 0, 0, 0, 0, 0, 0, 0,
    0, 0, 0, 0, 0, 0, 0, -19,
    0, 0, 0, 0, -9, 0, 0, 0,
    0, 0, 0, 0, 0, 0, 0, 0,
    0, 0, 0, 0, 0, 0, 0, 0,
    0, 0, 0, 0, -43, 0, 0, 0,
    0, 0, 0, 0, 0, 0, 0, -19,
    0, 0, 0, -19, 0, 0, 0, -17,
    -5, 0, 0, 0, 0, 0, 0, 0,
    0, 0, 0, 0, 0, 0, 0, 0,
    0, 0, 0, 0, -24, 0, 0, 0,
    0, 0, 0, 0, 0, 0, 0, -9,
    0, 0, 0, -19, 0, 0, 0, -14,
    0, 0, 0, 0, 0, 0, 0, 0,
    0, 0, 0, 0, 0, 0, 0, 0,
    0, 0, 0, 0, 0, 0, 0, 0,
    0, 0, 0, 0, 0, 0, 0, -28,
    0, 0, 0, 0, 0, 0, 0, 0,
    0, 0, 0, 0, 0, 0, 0, 0,
    0, 0, 0, 0, 0, 0, 0, 0,
    0, 0, 0, 0, 0, 0, 0, 0,
    0, 0, 0, 0, 0, 0, 0, 0,
    0, 0, 0, 0, 0, 0, 0, 0,
    0, 0, 0, 1, 0, 38, 0, 0,
    0, 0, 0, 0, 0, 0, 0, 0
};


/*Collect the kern class' data in one place*/
static const lv_font_fmt_txt_kern_classes_t kern_classes =
{
    .class_pair_values   = kern_class_values,
    .left_class_mapping  = kern_left_class_mapping,
    .right_class_mapping = kern_right_class_mapping,
    .left_class_cnt      = 45,
    .right_class_cnt     = 40,
};

/*--------------------
 *  ALL CUSTOM DATA
 *--------------------*/

#if LVGL_VERSION_MAJOR == 8
/*Store all the custom data of the font*/
static  lv_font_fmt_txt_glyph_cache_t cache;
#endif

#if LVGL_VERSION_MAJOR >= 8
static const lv_font_fmt_txt_dsc_t font_dsc = {
#else
static lv_font_fmt_txt_dsc_t font_dsc = {
#endif
    .glyph_bitmap = glyph_bitmap,
    .glyph_dsc = glyph_dsc,
    .cmaps = cmaps,
    .kern_dsc = &kern_classes,
    .kern_scale = 16,
    .cmap_num = 3,
    .bpp = 1,
    .kern_classes = 1,
    .bitmap_format = 0,
#if LVGL_VERSION_MAJOR == 8
    .cache = &cache
#endif
};



/*-----------------
 *  PUBLIC FONT
 *----------------*/

/*Initialize a public general font descriptor*/
#if LVGL_VERSION_MAJOR >= 8
const lv_font_t lv_font_aliPuHui_30 = {
#else
lv_font_t lv_font_aliPuHui_30 = {
#endif
    .get_glyph_dsc = lv_font_get_glyph_dsc_fmt_txt,    /*Function pointer to get glyph's data*/
    .get_glyph_bitmap = lv_font_get_bitmap_fmt_txt,    /*Function pointer to get glyph's bitmap*/
    .line_height = 31,          /*The maximum line height required by the font*/
    .base_line = 6,             /*Baseline measured from the bottom of the line*/
#if !(LVGL_VERSION_MAJOR == 6 && LVGL_VERSION_MINOR == 0)
    .subpx = LV_FONT_SUBPX_NONE,
#endif
#if LV_VERSION_CHECK(7, 4, 0) || LVGL_VERSION_MAJOR >= 8
    .underline_position = -2,
    .underline_thickness = 2,
#endif
    .dsc = &font_dsc,          /*The custom font data. Will be accessed by `get_glyph_bitmap/dsc` */
#if LV_VERSION_CHECK(8, 2, 0) || LVGL_VERSION_MAJOR >= 9
    .fallback = NULL,
#endif
    .user_data = NULL,
};



#endif /*#if LV_FONT_ALIPUHUI_30*/

